[{"genericContent":{"itemId":20510625,"sourceId":2,"rank":1,"itemName":"Hiteker 32\" Class LED-LCD 720p 60Hz HDTV, E32V7, (2\" ultra-slim) Black","itemShortName":null,"shortDescription":"<p>The Hiteker E32V7 HDTV provides stunning details in 1366 x 768 HD resolution. This class LED-LCD HDTV screen measures 32-inches, and has a 16:9 aspect ratio allowing you to view two documents side by side and watch movies the way they were meant to be seen. The wide angle of this 720p HDTV provides a clear view of the picture from anywhere in the room. Its integrated ATSC TV tuner allows you to watch digital broadcasts of HDTV programs. This ultra-slim HDTV has three HDMI ports and a VGA port to connect your PC for flexible entertainment options. </p>","longDescription":"<strong>Hiteker E32V7 HDTV</strong><li>32\" LED panel - With a 1366 x 768 resolution</li><li>True 16:9 aspect ratio - View your movies as the director intended</li><li>Wide 160-degree vertical and 160-degree horizontal angles - See a clear picture from anywhere in the room</li><li>Built-in digital tuner - Watch digital broadcasts, including HDTV programs where available</li><li>High brightness of 250cd/m2 with 6.5 ms response time - Place your TV anywhere</li><li>10,000:1 dynamic contrast ratio</li><li>HDMI Inputs: 3 - Enjoy a superior HD experience with HDMI one cable solution</li><li>31.5\" screen measured diagonally from corner to corner</li>","shelfDescription":"<li>32\" diagonal screen size<li>HDMI Inputs: 3<li> Wall mountable","mfgNo":"E32V7","modelNum":"E32V7","dimensionX":19.4,"dimensionY":29.6,"dimensionZ":9.6,"platform":null,"supplierWarranty":"1 Year Limited Warranty","warrantyLength":null,"assembledCountryOfOrigin":"Imported","componentsCountryOfOrigin":"Imported","accessoriesIncluded":null,"accessoriesNotIncluded":null,"ageRange":null,"gender":null,"rating":null,"attributeValue1":null,"attributeValue2":null,"attributeValue3":null,"attributeName1":null,"attributeName2":null,"attributeName3":null,"brandName":"HITEKER","manufacturerName":"Generic","alternateViews":"7","imageId":-9223372036854775808,"addlWarnMsgA":null,"addlWarnMsgB":null,"altWarnMsg":"N","panZoomId":2,"hasMatureContent":false,"attributeType1":null,"attributeUISetting1":null,"attributeRanking1":1,"attributeType2":null,"attributeUISetting2":null,"attributeRanking2":1,"attributeType3":null,"attributeUISetting3":null,"attributeRanking3":1,"attribute1_order":3,"attribute2_order":3,"attribute3_order":3,"partnerId":-1,"originalBaseUPC":"0085022000407","variantAttrData":null,"logoImage":"http://i.walmartimages.com/i/icon/-9/22/33/72/03/-9223372036854775808_100X60.gif","attributeData":[]},"alternateImageData":[{"imageSrc":"http://i.walmartimages.com/i/p/00/85/02/20/00/0085022000407_60X60.gif","lgImageSrc":"http://i.walmartimages.com/i/p/00/85/02/20/00/0085022000407_500X500.jpg","name":null},{"imageSrc":"http://i.walmartimages.com/i/p/00/85/02/20/00/0085022000407_AV_60X60.gif","lgImageSrc":"http://i.walmartimages.com/i/p/00/85/02/20/00/0085022000407_AV_500X500.jpg","name":null},{"imageSrc":"http://i.walmartimages.com/i/p/00/85/02/20/00/0085022000407_AV1_60X60.gif","lgImageSrc":"http://i.walmartimages.com/i/p/00/85/02/20/00/0085022000407_AV1_500X500.jpg","name":null},{"imageSrc":"http://i.walmartimages.com/i/p/00/85/02/20/00/0085022000407_AV2_60X60.gif","lgImageSrc":"http://i.walmartimages.com/i/p/00/85/02/20/00/0085022000407_AV2_500X500.jpg","name":null},{"imageSrc":"http://i.walmartimages.com/i/p/00/85/02/20/00/0085022000407_AV3_60X60.gif","lgImageSrc":"http://i.walmartimages.com/i/p/00/85/02/20/00/0085022000407_AV3_500X500.jpg","name":null},{"imageSrc":"http://i.walmartimages.com/i/p/00/85/02/20/00/0085022000407_AV4_60X60.gif","lgImageSrc":"http://i.walmartimages.com/i/p/00/85/02/20/00/0085022000407_AV4_500X500.jpg","name":null},{"imageSrc":"http://i.walmartimages.com/i/p/00/85/02/20/00/0085022000407_AV5_60X60.gif","lgImageSrc":"http://i.walmartimages.com/i/p/00/85/02/20/00/0085022000407_AV5_500X500.jpg","name":null},{"imageSrc":"http://i.walmartimages.com/i/p/00/85/02/20/00/0085022000407_AV6_60X60.gif","lgImageSrc":"http://i.walmartimages.com/i/p/00/85/02/20/00/0085022000407_AV6_500X500.jpg","name":null}],"id":20510625,"comparable":true,"upc":"0085022000407","customerRatingUrl":null,"partnerId":-1,"itemAttributes":[{"itemID":20510625,"groupName":"Additional Specifications","groupDisplayOrder":34,"contentProviderId":2,"attributeName":"Brightness","attributeDisplayOrder":36,"attributeValue":"250 cd/m2","glossaryId":0,"attrDisplayName":"Brightness"},{"itemID":20510625,"groupName":"Additional Specifications","groupDisplayOrder":34,"contentProviderId":2,"attributeName":"Contrast Ratio","attributeDisplayOrder":37,"attributeValue":"10,000:1","glossaryId":0,"attrDisplayName":"Contrast Ratio"},{"itemID":20510625,"groupName":"Additional Specifications","groupDisplayOrder":34,"contentProviderId":2,"attributeName":"Remote Included","attributeDisplayOrder":40,"attributeValue":"Yes","glossaryId":0,"attrDisplayName":"Remote Included"},{"itemID":20510625,"groupName":"Additional Specifications","groupDisplayOrder":34,"contentProviderId":2,"attributeName":"Resolution","attributeDisplayOrder":41,"attributeValue":"720p (HDTV)","glossaryId":0,"attrDisplayName":"Resolution"},{"itemID":20510625,"groupName":"Additional Specifications","groupDisplayOrder":34,"contentProviderId":2,"attributeName":"Response Time","attributeDisplayOrder":42,"attributeValue":"6.5ms","glossaryId":0,"attrDisplayName":"Response Time"},{"itemID":20510625,"groupName":"Additional Specifications","groupDisplayOrder":34,"contentProviderId":2,"attributeName":"Tv Definition","attributeDisplayOrder":44,"attributeValue":"HDTV","glossaryId":0,"attrDisplayName":"Tv Definition"},{"itemID":20510625,"groupName":"Additional Specifications","groupDisplayOrder":34,"contentProviderId":2,"attributeName":"Tv Technology","attributeDisplayOrder":45,"attributeValue":"LCD,LED","glossaryId":0,"attrDisplayName":"Tv Technology"},{"itemID":20510625,"groupName":"Additional Specifications","groupDisplayOrder":34,"contentProviderId":2,"attributeName":"Primary Color","attributeDisplayOrder":171,"attributeValue":"Black","glossaryId":0,"attrDisplayName":"Primary Color"},{"itemID":20510625,"groupName":"Additional Specifications","groupDisplayOrder":34,"contentProviderId":2,"attributeName":"Multi Pack Indicator","attributeDisplayOrder":180,"attributeValue":"No","glossaryId":0,"attrDisplayName":"Multi Pack Indicator"},{"itemID":20510625,"groupName":"Additional Specifications","groupDisplayOrder":34,"contentProviderId":2,"attributeName":"Battery Type","attributeDisplayOrder":184,"attributeValue":"Does Not Contain a Battery","glossaryId":0,"attrDisplayName":"Battery Type"}],"sellers":{"0":{"itemId":20510625,"sellerId":0,"sellerTypeId":1,"sellerName":"Walmart.com","currentItemPrice":209.0,"vendorItemNum":"E32V7","weight":20.0,"wrapCode":0,"maximumItems":0,"baseItemPrice":198.0,"stockWaterMark":1,"displayStatus":2,"tagCode":0,"baseSuggPrice":279.99,"packingSlipCode":0,"minPrice":209.0,"maxPrice":209.0,"priceChangeCode":0,"productTaxCode":"PTG8","rebateAmount":-9.223372036854776E18,"rebateTargetURL":null,"shippingDimX":4.9,"shippingDimY":23.7,"shippingDimZ":32.2,"s2SE":true,"sellerItemFlags":null,"freeReturns":false,"shipAlone":false,"remapToItemId":-9223372036854775808,"remapAction":null,"promotionDiscount":-9.223372036854776E18,"promotionMessageType":"","minPromotionAmount":-9.223372036854776E18,"maxPromotionAmount":-9.223372036854776E18,"fedExEligible":false,"smallFormatEligible":true,"thresholdShippingEligible":false,"isS2SOnly":false,"tweTaxCode":"2042529","shippingTaxCode":"2038346","giftWrapTaxCode":"2038857","ppu":-9.223372036854776E18,"fromPPU":-9.223372036854776E18,"contributesToThreshold":false,"isPIPEligible":"Y","checksum":-1,"freeShipping":false,"itemEligibleForFedEx":false,"is97CentShipping":false,"hasRebateLink":false,"storePickupable":true,"submapCode":0,"97CentShipping":false,"shippingDimensionX":4.9,"shippingDimensionY":23.7,"shippingDimensionZ":32.2,"employeeDiscountable":true,"combinedThresholdEligible":false,"availableShippingOfferCodes":null,"isFreeShipping":false}},"ppueligible":false,"uom":null,"unitCount":"0","itemFlags":"1,","originalBaseUpc":"0085022000407","imageThumbnailURL":"http://i.walmartimages.com/i/p/00/85/02/20/00/0085022000407_60X60.gif","electronicDelivery":false,"productImageUrl":"http://i.walmartimages.com/i/p/00/85/02/20/00/0085022000407_215X215.jpg","hazardMaterial":false,"media":false,"specialPricing":null,"rebate":false,"putEligible":false,"imagePostCardURL":"http://i.walmartimages.com/i/p/00/85/02/20/00/0085022000407_150X150.jpg"}]