[{"genericContent":{"itemId":19527746,"sourceId":2,"rank":1,"itemName":"Sceptre 32\" Class LED 720p 60Hz HDTV(2.35\" ultra-slim) with Built-in DVD Player, E325BD-HD, Black","itemShortName":null,"shortDescription":"<p>The Sceptre 32-Inch Class LED 720p 60Hz HDTV with built-in DVD player delivers superior picture quality with bright color and clear 5.1 digital audio. With three HDMI ports, you can easily connect all your favorite HD components. This high-definition TV has a refresh rate of 60Hz and a 16:9 aspect ratio. It also features an LED display with an ultra-fast 6.5ms response time. The digital tuner HDTV with all-in-one ATSC/NTSC/QAM allows you to watch HDTV programs in digital broadcasts, and has a dynamic contrast ratio of 20,000:1 to provide a life-like viewing experience. This ultra-slim LED TV is wall mountable and has VESA standard mounting holes of approximately eight inches by four inches that are designed to fit most standard brackets.</p><p>Note: In order to take full advantage of the Sceptre 32-Inch HDTV, you must have a source of HD programming. Contact your local cable or satellite TV provider for details on how to upgrade.</p>","longDescription":"<strong>Sceptre 32\" Class LED 720p 60Hz HDTV:</strong><li>32\" LED panel - With a 1366 x 768 resolution</li><li>True 16:9 aspect ratio - View your movies as the director intended</li><li>Built-in digital tuner - Watch digital broadcasts, including HDTV programs where available</li><li>High brightness of 450cd/m2 with 6.5 ms response time - Place your TV anywhere</li><li>20,000:1 dynamic contrast ratio</li><li>HDMI Inputs: 3 - Enjoy a superior HD experience with HDMI one cable solution</li><li>31.5\" screen measured diagonally from corner to corner</li><li>Wall mountable - VESA standard 200mm x 100mm</li><li>Built-in DVD player - Watch all your favorite movies without the clutter of additional devices and cords</li>","shelfDescription":"<li>31.5\" diagonal screen size<li>HDMI Inputs: 3<li>Wall mountable<li>DVD player","mfgNo":"E325BD-HD","modelNum":"E325BD-HD","dimensionX":21.7,"dimensionY":30.4,"dimensionZ":8.2,"platform":null,"supplierWarranty":"1 Year Limited Warranty","warrantyLength":null,"assembledCountryOfOrigin":"Imported","componentsCountryOfOrigin":"Imported","accessoriesIncluded":null,"accessoriesNotIncluded":null,"ageRange":null,"gender":null,"rating":null,"attributeValue1":null,"attributeValue2":null,"attributeValue3":null,"attributeName1":null,"attributeName2":null,"attributeName3":null,"brandName":"Sceptre","manufacturerName":"Sceptre Inc","alternateViews":"6","imageId":-9223372036854775808,"addlWarnMsgA":null,"addlWarnMsgB":null,"altWarnMsg":"N","panZoomId":2,"hasMatureContent":false,"attributeType1":null,"attributeUISetting1":null,"attributeRanking1":1,"attributeType2":null,"attributeUISetting2":null,"attributeRanking2":1,"attributeType3":null,"attributeUISetting3":null,"attributeRanking3":1,"attribute1_order":3,"attribute2_order":3,"attribute3_order":3,"partnerId":-1,"originalBaseUPC":"0079234333290","variantAttrData":null,"logoImage":"http://i.walmartimages.com/i/icon/-9/22/33/72/03/-9223372036854775808_100X60.gif","attributeData":[]},"alternateImageData":[{"imageSrc":"http://i.walmartimages.com/i/p/00/79/23/43/33/0079234333290_60X60.gif","lgImageSrc":"http://i.walmartimages.com/i/p/00/79/23/43/33/0079234333290_500X500.jpg","name":null},{"imageSrc":"http://i.walmartimages.com/i/p/00/79/23/43/33/0079234333290_AV_60X60.gif","lgImageSrc":"http://i.walmartimages.com/i/p/00/79/23/43/33/0079234333290_AV_500X500.jpg","name":null},{"imageSrc":"http://i.walmartimages.com/i/p/00/79/23/43/33/0079234333290_AV1_60X60.gif","lgImageSrc":"http://i.walmartimages.com/i/p/00/79/23/43/33/0079234333290_AV1_500X500.jpg","name":null},{"imageSrc":"http://i.walmartimages.com/i/p/00/79/23/43/33/0079234333290_AV2_60X60.gif","lgImageSrc":"http://i.walmartimages.com/i/p/00/79/23/43/33/0079234333290_AV2_500X500.jpg","name":null},{"imageSrc":"http://i.walmartimages.com/i/p/00/79/23/43/33/0079234333290_AV3_60X60.gif","lgImageSrc":"http://i.walmartimages.com/i/p/00/79/23/43/33/0079234333290_AV3_500X500.jpg","name":null},{"imageSrc":"http://i.walmartimages.com/i/p/00/79/23/43/33/0079234333290_AV4_60X60.gif","lgImageSrc":"http://i.walmartimages.com/i/p/00/79/23/43/33/0079234333290_AV4_500X500.jpg","name":null},{"imageSrc":"http://i.walmartimages.com/i/p/00/79/23/43/33/0079234333290_AV5_60X60.gif","lgImageSrc":"http://i.walmartimages.com/i/p/00/79/23/43/33/0079234333290_AV5_500X500.jpg","name":null}],"id":19527746,"comparable":true,"upc":"0079234333290","customerRatingUrl":"http://www.walmart.com/i/CustRating/3_8.gif","partnerId":-1,"itemAttributes":[{"itemID":19527746,"groupName":"Additional Specifications","groupDisplayOrder":34,"contentProviderId":2,"attributeName":"Brightness","attributeDisplayOrder":36,"attributeValue":"420cd/m2","glossaryId":0,"attrDisplayName":"Brightness"},{"itemID":19527746,"groupName":"Additional Specifications","groupDisplayOrder":34,"contentProviderId":2,"attributeName":"Contrast Ratio","attributeDisplayOrder":37,"attributeValue":"20,000:1","glossaryId":0,"attrDisplayName":"Contrast Ratio"},{"itemID":19527746,"groupName":"Additional Specifications","groupDisplayOrder":34,"contentProviderId":2,"attributeName":"Remote Included","attributeDisplayOrder":40,"attributeValue":"Yes","glossaryId":0,"attrDisplayName":"Remote Included"},{"itemID":19527746,"groupName":"Additional Specifications","groupDisplayOrder":34,"contentProviderId":2,"attributeName":"Resolution","attributeDisplayOrder":41,"attributeValue":"720p (HDTV)","glossaryId":0,"attrDisplayName":"Resolution"},{"itemID":19527746,"groupName":"Additional Specifications","groupDisplayOrder":34,"contentProviderId":2,"attributeName":"Response Time","attributeDisplayOrder":42,"attributeValue":"6.5ms","glossaryId":0,"attrDisplayName":"Response Time"},{"itemID":19527746,"groupName":"Additional Specifications","groupDisplayOrder":34,"contentProviderId":2,"attributeName":"Tv Definition","attributeDisplayOrder":44,"attributeValue":"HDTV","glossaryId":0,"attrDisplayName":"Tv Definition"},{"itemID":19527746,"groupName":"Additional Specifications","groupDisplayOrder":34,"contentProviderId":2,"attributeName":"Tv Technology","attributeDisplayOrder":45,"attributeValue":"LED","glossaryId":0,"attrDisplayName":"Tv Technology"},{"itemID":19527746,"groupName":"Additional Specifications","groupDisplayOrder":34,"contentProviderId":2,"attributeName":"Primary Color","attributeDisplayOrder":171,"attributeValue":"Black","glossaryId":0,"attrDisplayName":"Primary Color"},{"itemID":19527746,"groupName":"Additional Specifications","groupDisplayOrder":34,"contentProviderId":2,"attributeName":"Multi Pack Indicator","attributeDisplayOrder":180,"attributeValue":"No","glossaryId":0,"attrDisplayName":"Multi Pack Indicator"},{"itemID":19527746,"groupName":"Additional Specifications","groupDisplayOrder":34,"contentProviderId":2,"attributeName":"Battery Type","attributeDisplayOrder":184,"attributeValue":"Alkaline","glossaryId":0,"attrDisplayName":"Battery Type"}],"sellers":{"0":{"itemId":19527746,"sellerId":0,"sellerTypeId":1,"sellerName":"Walmart.com","currentItemPrice":249.98,"vendorItemNum":"E325BD-HD","weight":26.3,"wrapCode":0,"maximumItems":5,"baseItemPrice":239.98,"stockWaterMark":1,"displayStatus":3,"tagCode":0,"baseSuggPrice":309.98,"packingSlipCode":0,"minPrice":249.98,"maxPrice":249.98,"priceChangeCode":5,"productTaxCode":"PTG8","rebateAmount":-9.223372036854776E18,"rebateTargetURL":null,"shippingDimX":5.4,"shippingDimY":24.0,"shippingDimZ":37.8,"s2SE":true,"sellerItemFlags":null,"freeReturns":false,"shipAlone":false,"remapToItemId":-9223372036854775808,"remapAction":null,"promotionDiscount":-9.223372036854776E18,"promotionMessageType":"","minPromotionAmount":-9.223372036854776E18,"maxPromotionAmount":-9.223372036854776E18,"fedExEligible":false,"smallFormatEligible":true,"thresholdShippingEligible":false,"isS2SOnly":false,"tweTaxCode":"2042529","shippingTaxCode":"2038346","giftWrapTaxCode":"2038857","ppu":-9.223372036854776E18,"fromPPU":-9.223372036854776E18,"contributesToThreshold":false,"isPIPEligible":"Y","checksum":-1,"freeShipping":false,"itemEligibleForFedEx":false,"is97CentShipping":false,"hasRebateLink":false,"storePickupable":true,"submapCode":0,"97CentShipping":false,"shippingDimensionX":5.4,"shippingDimensionY":24.0,"shippingDimensionZ":37.8,"employeeDiscountable":true,"combinedThresholdEligible":false,"availableShippingOfferCodes":null,"isFreeShipping":false}},"ppueligible":false,"uom":null,"unitCount":"0","itemFlags":null,"originalBaseUpc":"0079234333290","imageThumbnailURL":"http://i.walmartimages.com/i/p/00/79/23/43/33/0079234333290_60X60.gif","electronicDelivery":false,"productImageUrl":"http://i.walmartimages.com/i/p/00/79/23/43/33/0079234333290_215X215.jpg","hazardMaterial":false,"media":false,"specialPricing":null,"rebate":false,"putEligible":false,"imagePostCardURL":"http://i.walmartimages.com/i/p/00/79/23/43/33/0079234333290_150X150.jpg"}]