[{"genericContent":{"itemId":20593823,"sourceId":2,"rank":1,"itemName":"Sony 55\" Class LED 3D 1080p 240Hz HDTV,(2-3/8\" ultra-slim) KDL-55HX750","itemShortName":null,"shortDescription":"Discover a picture so real you won't believe it is a TV. With highly acclaimed X-Reality Engine technology that analyzes each scene, it's no wonder the colors and textures in everything you watch &mdash; HD movies, 3D, sports, even YouTube clips &mdash; look so natural. Lifelike motion comes via Motionflow XR 480 technology for that at-the-game feeling. Internet connectivity provides access to music, thousands of movies, TV shows and more.<br><br><b>Note:</b> You must have a source of HD programming in order to take full advantage of the Sony 55\" HDTV. Contact your local cable or satellite TV provider for details on how to upgrade.","longDescription":"<br><b>Sony 55\" Class LED 3D 1080p 240Hz HDTV, KDL-55HX750:</b><ul><li>55\" LCD panel<br>With a 1920 x 1080 Full HD resolution<li>True 16:9 aspect ratio<br>View your movies as the director intended<li>Wide 178-degree vertical and 178-degree horizontal angles<br>See a clear picture from anywhere in the room<li>Built-in digital tuner<br>Watch digital broadcasts, including HDTV programs where available<li>HDMI Inputs: 4<br>Enjoy a superior HD experience with HDMI one cable solution<li>54.6\" screen measured diagonally from corner to corner<li>Built-in WiFi<br>Connect your HDTV to the Internet and stream videos<li>BRAVIA Sync<br>Sync up all Sony devices<li>Wall mountable<br>VESA standard 300mm x 300mm</ul><br><b>ENERGY STAR<sup>&reg;</sup></b><br>Products that are ENERGY STAR-qualified prevent greenhouse gas emissions by meeting strict energy efficiency guidelines set by the U.S. Environmental Protection Agency and the U.S. Department of Energy. The ENERGY STAR name and marks are registered marks owned by the U.S. government, as part of their energy efficiency and environmental activities.","shelfDescription":"<li>54.6\" diagonal screen size<li>HDMI Inputs: 4<li>Wall mountable<li>Built-in WiFi","mfgNo":"KDL55HX750","modelNum":"KDL55HX750","dimensionX":12.375,"dimensionY":50.125,"dimensionZ":31.5,"platform":null,"supplierWarranty":"1 Year Limited Warranty","warrantyLength":null,"assembledCountryOfOrigin":"Imported","componentsCountryOfOrigin":"Imported","accessoriesIncluded":null,"accessoriesNotIncluded":null,"ageRange":null,"gender":null,"rating":null,"attributeValue1":null,"attributeValue2":null,"attributeValue3":null,"attributeName1":null,"attributeName2":null,"attributeName3":null,"brandName":"Sony","manufacturerName":"Sony Electronics","alternateViews":"3","imageId":-9223372036854775808,"addlWarnMsgA":null,"addlWarnMsgB":null,"altWarnMsg":"N","panZoomId":-9223372036854775808,"hasMatureContent":false,"attributeType1":null,"attributeUISetting1":null,"attributeRanking1":1,"attributeType2":null,"attributeUISetting2":null,"attributeRanking2":1,"attributeType3":null,"attributeUISetting3":null,"attributeRanking3":1,"attribute1_order":3,"attribute2_order":3,"attribute3_order":3,"partnerId":-1,"originalBaseUPC":"0002724283853","variantAttrData":null,"logoImage":"http://i.walmartimages.com/i/icon/-9/22/33/72/03/-9223372036854775808_100X60.gif","attributeData":[]},"alternateImageData":[{"imageSrc":"http://i.walmartimages.com/i/p/00/02/72/42/83/0002724283853_60X60.gif","lgImageSrc":"http://i.walmartimages.com/i/p/00/02/72/42/83/0002724283853_500X500.jpg","name":null},{"imageSrc":"http://i.walmartimages.com/i/p/00/02/72/42/83/0002724283853_AV_60X60.gif","lgImageSrc":"http://i.walmartimages.com/i/p/00/02/72/42/83/0002724283853_AV_500X500.jpg","name":null},{"imageSrc":"http://i.walmartimages.com/i/p/00/02/72/42/83/0002724283853_AV1_60X60.gif","lgImageSrc":"http://i.walmartimages.com/i/p/00/02/72/42/83/0002724283853_AV1_500X500.jpg","name":null},{"imageSrc":"http://i.walmartimages.com/i/p/00/02/72/42/83/0002724283853_AV2_60X60.gif","lgImageSrc":"http://i.walmartimages.com/i/p/00/02/72/42/83/0002724283853_AV2_500X500.jpg","name":null}],"id":20593823,"comparable":true,"upc":"0002724283853","customerRatingUrl":"http://www.walmart.com/i/CustRating/4_7.gif","partnerId":-1,"itemAttributes":[{"itemID":20593823,"groupName":"Additional Specifications","groupDisplayOrder":34,"contentProviderId":2,"attributeName":"Remote Included","attributeDisplayOrder":40,"attributeValue":"Yes","glossaryId":0,"attrDisplayName":"Remote Included"},{"itemID":20593823,"groupName":"Additional Specifications","groupDisplayOrder":34,"contentProviderId":2,"attributeName":"Resolution","attributeDisplayOrder":41,"attributeValue":"1080p (HDTV)","glossaryId":0,"attrDisplayName":"Resolution"},{"itemID":20593823,"groupName":"Additional Specifications","groupDisplayOrder":34,"contentProviderId":2,"attributeName":"Tv Definition","attributeDisplayOrder":44,"attributeValue":"HDTV","glossaryId":0,"attrDisplayName":"Tv Definition"},{"itemID":20593823,"groupName":"Additional Specifications","groupDisplayOrder":34,"contentProviderId":2,"attributeName":"Tv Technology","attributeDisplayOrder":45,"attributeValue":"3D,LED","glossaryId":0,"attrDisplayName":"Tv Technology"},{"itemID":20593823,"groupName":"Additional Specifications","groupDisplayOrder":34,"contentProviderId":2,"attributeName":"Primary Color","attributeDisplayOrder":171,"attributeValue":"Black","glossaryId":0,"attrDisplayName":"Primary Color"},{"itemID":20593823,"groupName":"Additional Specifications","groupDisplayOrder":34,"contentProviderId":2,"attributeName":"Multi Pack Indicator","attributeDisplayOrder":180,"attributeValue":"No","glossaryId":0,"attrDisplayName":"Multi Pack Indicator"},{"itemID":20593823,"groupName":"Additional Specifications","groupDisplayOrder":34,"contentProviderId":2,"attributeName":"Battery Type","attributeDisplayOrder":184,"attributeValue":"Does Not Contain a Battery","glossaryId":0,"attrDisplayName":"Battery Type"}],"sellers":{"0":{"itemId":20593823,"sellerId":0,"sellerTypeId":1,"sellerName":"Walmart.com","currentItemPrice":2099.0,"vendorItemNum":"KDL55HX750","weight":62.0,"wrapCode":0,"maximumItems":5,"baseItemPrice":2099.0,"stockWaterMark":0,"displayStatus":3,"tagCode":0,"baseSuggPrice":2099.99,"packingSlipCode":0,"minPrice":1498.0,"maxPrice":1498.0,"priceChangeCode":0,"productTaxCode":"PTG9","rebateAmount":-9.223372036854776E18,"rebateTargetURL":null,"shippingDimX":34.88,"shippingDimY":56.5,"shippingDimZ":6.82,"s2SE":true,"sellerItemFlags":null,"freeReturns":false,"shipAlone":false,"remapToItemId":-9223372036854775808,"remapAction":null,"promotionDiscount":-9.223372036854776E18,"promotionMessageType":"","minPromotionAmount":-9.223372036854776E18,"maxPromotionAmount":-9.223372036854776E18,"fedExEligible":false,"smallFormatEligible":false,"thresholdShippingEligible":false,"isS2SOnly":false,"tweTaxCode":"2042530","shippingTaxCode":"2038346","giftWrapTaxCode":"2038857","ppu":-9.223372036854776E18,"fromPPU":-9.223372036854776E18,"contributesToThreshold":false,"isPIPEligible":"Y","checksum":-1,"freeShipping":false,"itemEligibleForFedEx":false,"is97CentShipping":false,"hasRebateLink":false,"storePickupable":true,"submapCode":0,"97CentShipping":false,"shippingDimensionX":34.88,"shippingDimensionY":56.5,"shippingDimensionZ":6.82,"employeeDiscountable":true,"combinedThresholdEligible":false,"availableShippingOfferCodes":null,"isFreeShipping":false}},"ppueligible":false,"uom":null,"unitCount":"0","itemFlags":null,"originalBaseUpc":"0002724283853","imageThumbnailURL":"http://i.walmartimages.com/i/p/00/02/72/42/83/0002724283853_60X60.gif","electronicDelivery":false,"productImageUrl":"http://i.walmartimages.com/i/p/00/02/72/42/83/0002724283853_215X215.jpg","hazardMaterial":false,"media":false,"specialPricing":null,"rebate":false,"putEligible":false,"imagePostCardURL":"http://i.walmartimages.com/i/p/00/02/72/42/83/0002724283853_150X150.jpg"}]