[{"genericContent":{"itemId":20510627,"sourceId":2,"rank":1,"itemName":"Element 24\" Class LED 1080p 60Hz HDTV, (1-7/8\" ultra-slim) ELEFW244","itemShortName":null,"shortDescription":"<p>The Element 24 Class LED 1080p 60Hz HDTV provides a brilliant full HD 1080p picture for your viewing pleasure. It has an excellent resolution of 1920 x 1080 pixels and allows you to connect up to two HD devices via the provided HDMI ports. Featuring a 1000:1 dynamic contrast ratio for brilliant color reproduction, the HDTV also displays dark black and crisp white pictures. The Element HDTV, with its wide 150-degree vertical and 160-degree horizontal angles, displays a clear picture from any corner of your living room. It mounts easily to your wall.</p><p>Note: You must have a source of HD programming in order to take full advantage of the Element 24-inch HDTV. Contact your local cable or satellite TV provider for details on how to upgrade.</p>","longDescription":"<strong>Element 24-inch Class LED 1080p 60Hz HDTV, ELEFW244:</strong><li>24-inch LED panel - With a 1920 x 1080 Full HD resolution</li><li>True 16:9 aspect ratio - View your movies as the director intended</li><li>Wide 150-degree vertical and 160-degree horizontal angles - See a clear picture from anywhere in the room</li><li>Built-in digital tuner - Watch digital broadcasts, including HDTV programs where available</li><li>High brightness of 250 cd/m2 and 5 ms response time - Quick response time for a great picture</li><li>1,000:1 dynamic contrast ratio</li><li>HDMI Inputs: 2 - Enjoy a superior HD experience with HDMI one cable solution</li><li>24-inch screen measured diagonally from corner to corner</li><li>Wall mountable - VESA standard 400mm x 200mm</li><strong>ENERGY STAR<sup>&reg</sup></strong><p>Products that are ENERGY STAR-qualified prevent greenhouse gas emissions by meeting strict energy efficiency guidelines set by the U.S. Environmental Protection Agency and the U.S. Department of Energy. The ENERGY STAR name and marks are registered marks owned by the U.S. government, as part of their energy efficiency and environmental activities.</p>","shelfDescription":"<li>24\" diagonal screen size<li>HDMI Inputs: 2<li>Wall mountable<li>Built-in digital tuner","mfgNo":"ELEFW244","modelNum":"ELEFW244","dimensionX":16.65,"dimensionY":22.79,"dimensionZ":7.36,"platform":null,"supplierWarranty":"1 Year Limited Warranty","warrantyLength":null,"assembledCountryOfOrigin":"Imported","componentsCountryOfOrigin":"Imported","accessoriesIncluded":null,"accessoriesNotIncluded":null,"ageRange":null,"gender":null,"rating":null,"attributeValue1":null,"attributeValue2":null,"attributeValue3":null,"attributeName1":null,"attributeName2":null,"attributeName3":null,"brandName":"Element","manufacturerName":"Generic","alternateViews":"2","imageId":-9223372036854775808,"addlWarnMsgA":null,"addlWarnMsgB":null,"altWarnMsg":"N","panZoomId":2,"hasMatureContent":false,"attributeType1":null,"attributeUISetting1":null,"attributeRanking1":1,"attributeType2":null,"attributeUISetting2":null,"attributeRanking2":1,"attributeType3":null,"attributeUISetting3":null,"attributeRanking3":1,"attribute1_order":3,"attribute2_order":3,"attribute3_order":3,"partnerId":-1,"originalBaseUPC":"0081721901044","variantAttrData":null,"logoImage":"http://i.walmartimages.com/i/icon/-9/22/33/72/03/-9223372036854775808_100X60.gif","attributeData":[]},"alternateImageData":[{"imageSrc":"http://i.walmartimages.com/i/p/00/81/72/19/01/0081721901044_60X60.gif","lgImageSrc":"http://i.walmartimages.com/i/p/00/81/72/19/01/0081721901044_500X500.jpg","name":null},{"imageSrc":"http://i.walmartimages.com/i/p/00/81/72/19/01/0081721901044_AV_60X60.gif","lgImageSrc":"http://i.walmartimages.com/i/p/00/81/72/19/01/0081721901044_AV_500X500.jpg","name":null},{"imageSrc":"http://i.walmartimages.com/i/p/00/81/72/19/01/0081721901044_AV1_60X60.gif","lgImageSrc":"http://i.walmartimages.com/i/p/00/81/72/19/01/0081721901044_AV1_500X500.jpg","name":null}],"id":20510627,"comparable":true,"upc":"0081721901044","customerRatingUrl":null,"partnerId":-1,"itemAttributes":[{"itemID":20510627,"groupName":"Additional Specifications","groupDisplayOrder":34,"contentProviderId":2,"attributeName":"Brightness","attributeDisplayOrder":36,"attributeValue":"250 cd/m2","glossaryId":0,"attrDisplayName":"Brightness"},{"itemID":20510627,"groupName":"Additional Specifications","groupDisplayOrder":34,"contentProviderId":2,"attributeName":"Contrast Ratio","attributeDisplayOrder":37,"attributeValue":"1,000:1","glossaryId":0,"attrDisplayName":"Contrast Ratio"},{"itemID":20510627,"groupName":"Additional Specifications","groupDisplayOrder":34,"contentProviderId":2,"attributeName":"Remote Included","attributeDisplayOrder":40,"attributeValue":"Yes","glossaryId":0,"attrDisplayName":"Remote Included"},{"itemID":20510627,"groupName":"Additional Specifications","groupDisplayOrder":34,"contentProviderId":2,"attributeName":"Resolution","attributeDisplayOrder":41,"attributeValue":"1080p (HDTV)","glossaryId":0,"attrDisplayName":"Resolution"},{"itemID":20510627,"groupName":"Additional Specifications","groupDisplayOrder":34,"contentProviderId":2,"attributeName":"Response Time","attributeDisplayOrder":42,"attributeValue":"5ms","glossaryId":0,"attrDisplayName":"Response Time"},{"itemID":20510627,"groupName":"Additional Specifications","groupDisplayOrder":34,"contentProviderId":2,"attributeName":"Tv Definition","attributeDisplayOrder":44,"attributeValue":"HDTV","glossaryId":0,"attrDisplayName":"Tv Definition"},{"itemID":20510627,"groupName":"Additional Specifications","groupDisplayOrder":34,"contentProviderId":2,"attributeName":"Tv Technology","attributeDisplayOrder":45,"attributeValue":"LCD","glossaryId":0,"attrDisplayName":"Tv Technology"},{"itemID":20510627,"groupName":"Additional Specifications","groupDisplayOrder":34,"contentProviderId":2,"attributeName":"Primary Color","attributeDisplayOrder":171,"attributeValue":"Black","glossaryId":0,"attrDisplayName":"Primary Color"},{"itemID":20510627,"groupName":"Additional Specifications","groupDisplayOrder":34,"contentProviderId":2,"attributeName":"Multi Pack Indicator","attributeDisplayOrder":180,"attributeValue":"No","glossaryId":0,"attrDisplayName":"Multi Pack Indicator"},{"itemID":20510627,"groupName":"Additional Specifications","groupDisplayOrder":34,"contentProviderId":2,"attributeName":"Battery Type","attributeDisplayOrder":184,"attributeValue":"Alkaline","glossaryId":0,"attrDisplayName":"Battery Type"}],"sellers":{"0":{"itemId":20510627,"sellerId":0,"sellerTypeId":1,"sellerName":"Walmart.com","currentItemPrice":148.0,"vendorItemNum":"ELEFW244","weight":11.5,"wrapCode":0,"maximumItems":5,"baseItemPrice":139.98,"stockWaterMark":0,"displayStatus":1,"tagCode":0,"baseSuggPrice":199.99,"packingSlipCode":0,"minPrice":148.0,"maxPrice":148.0,"priceChangeCode":5,"productTaxCode":"PTG8","rebateAmount":-9.223372036854776E18,"rebateTargetURL":null,"shippingDimX":4.2,"shippingDimY":18.2,"shippingDimZ":25.5,"s2SE":true,"sellerItemFlags":null,"freeReturns":false,"shipAlone":false,"remapToItemId":-9223372036854775808,"remapAction":null,"promotionDiscount":-9.223372036854776E18,"promotionMessageType":"","minPromotionAmount":-9.223372036854776E18,"maxPromotionAmount":-9.223372036854776E18,"fedExEligible":true,"smallFormatEligible":true,"thresholdShippingEligible":false,"isS2SOnly":false,"tweTaxCode":"2042529","shippingTaxCode":"2038346","giftWrapTaxCode":"2038857","ppu":-9.223372036854776E18,"fromPPU":-9.223372036854776E18,"contributesToThreshold":false,"isPIPEligible":"Y","checksum":-1,"freeShipping":false,"itemEligibleForFedEx":true,"is97CentShipping":false,"hasRebateLink":false,"storePickupable":true,"submapCode":0,"97CentShipping":false,"shippingDimensionX":4.2,"shippingDimensionY":18.2,"shippingDimensionZ":25.5,"employeeDiscountable":true,"combinedThresholdEligible":false,"availableShippingOfferCodes":null,"isFreeShipping":false}},"ppueligible":false,"uom":null,"unitCount":"0","itemFlags":"1,","originalBaseUpc":"0081721901044","imageThumbnailURL":"http://i.walmartimages.com/i/p/00/81/72/19/01/0081721901044_60X60.gif","electronicDelivery":false,"productImageUrl":"http://i.walmartimages.com/i/p/00/81/72/19/01/0081721901044_215X215.jpg","hazardMaterial":false,"media":false,"specialPricing":null,"rebate":false,"putEligible":false,"imagePostCardURL":"http://i.walmartimages.com/i/p/00/81/72/19/01/0081721901044_150X150.jpg"}]