[{"genericContent":{"itemId":20452138,"sourceId":3,"rank":1,"itemName":"Westinghouse 46\" Class LED 1080p 120Hz HDTV,(2.14\" ultra-slim)  LD-4680","itemShortName":null,"shortDescription":"The Westinghouse 46\" Class LED (model LD-4680) features a brilliant Full HD 1080p picture for your viewing pleasure on this 2.14\" Ultra-Slim LED TV. Connect up to two HD devices via the provided HDMI ports in this 46\" Class LED 1080p 120Hz HDTV.<br><br><b>Note:</b> You must have a source of HD programming in order to take full advantage of the Westinghouse 46\" Class LED (model LD-4680). Contact your local cable or satellite TV provider for details on how to upgrade.","longDescription":"<br><b>Westinghouse 46\" Class LED 1080p 120Hz HDTV, LD-4680:</b><ul><li>46\" LED panel<br>With a 1920 x 1080 Full HD resolution</li><li>True 16:9 aspect ratio<br>View your movies as the director intended</li><li>Wide 176-degree vertical and 176-degree horizontal angles<br>See a clear picture from anywhere in the room</li><li>Built-in digital tuner<br>Watch digital broadcasts, including HDTV programs where available</li><li>High brightness of 300 cd/m2 and 6.5 ms response time<br>Quick response time for a great picture</li><li>100,000:1 dynamic contrast ratio</li><li>HDMI Inputs: 2<br>Enjoy a superior HD experience with HDMI one cable solution</li><li>46\" screen measured diagonally from corner to corner</li><li>Wall mountable<br>VESA standard 200mm x 200mm</li></ul><br><b>ENERGY STAR<sup>&reg;</sup></b><br>Products that are ENERGY STAR-qualified prevent greenhouse gas emissions by meeting strict energy efficiency guidelines set by the U.S. Environmental Protection Agency and the U.S. Department of Energy. The ENERGY STAR name and marks are registered marks owned by the U.S. government, as part of their energy efficiency and environmental activities.","shelfDescription":"<li>46\" diagonal screen size<li>HDMI Inputs: 2<li>Wall mountable<li>Built-in digital tuner","mfgNo":"LD-4680","modelNum":"LD-4680","dimensionX":28.4,"dimensionY":43.2,"dimensionZ":7.9,"platform":null,"supplierWarranty":"1 Year Limited Warranty","warrantyLength":null,"assembledCountryOfOrigin":"Imported","componentsCountryOfOrigin":"Imported","accessoriesIncluded":null,"accessoriesNotIncluded":null,"ageRange":null,"gender":null,"rating":null,"attributeValue1":null,"attributeValue2":null,"attributeValue3":null,"attributeName1":null,"attributeName2":null,"attributeName3":null,"brandName":"Westinghouse","manufacturerName":"Westinghouse","alternateViews":"5","imageId":-9223372036854775808,"addlWarnMsgA":null,"addlWarnMsgB":null,"altWarnMsg":"N","panZoomId":2,"hasMatureContent":false,"attributeType1":null,"attributeUISetting1":null,"attributeRanking1":1,"attributeType2":null,"attributeUISetting2":null,"attributeRanking2":1,"attributeType3":null,"attributeUISetting3":null,"attributeRanking3":1,"attribute1_order":3,"attribute2_order":3,"attribute3_order":3,"partnerId":-1,"originalBaseUPC":"0088277706450","variantAttrData":null,"logoImage":"http://i.walmartimages.com/i/icon/-9/22/33/72/03/-9223372036854775808_100X60.gif","attributeData":[]},"alternateImageData":[{"imageSrc":"http://i.walmartimages.com/i/p/00/88/27/77/06/0088277706450_60X60.gif","lgImageSrc":"http://i.walmartimages.com/i/p/00/88/27/77/06/0088277706450_500X500.jpg","name":null},{"imageSrc":"http://i.walmartimages.com/i/p/00/88/27/77/06/0088277706450_AV_60X60.gif","lgImageSrc":"http://i.walmartimages.com/i/p/00/88/27/77/06/0088277706450_AV_500X500.jpg","name":null},{"imageSrc":"http://i.walmartimages.com/i/p/00/88/27/77/06/0088277706450_AV1_60X60.gif","lgImageSrc":"http://i.walmartimages.com/i/p/00/88/27/77/06/0088277706450_AV1_500X500.jpg","name":null},{"imageSrc":"http://i.walmartimages.com/i/p/00/88/27/77/06/0088277706450_AV2_60X60.gif","lgImageSrc":"http://i.walmartimages.com/i/p/00/88/27/77/06/0088277706450_AV2_500X500.jpg","name":null},{"imageSrc":"http://i.walmartimages.com/i/p/00/88/27/77/06/0088277706450_AV3_60X60.gif","lgImageSrc":"http://i.walmartimages.com/i/p/00/88/27/77/06/0088277706450_AV3_500X500.jpg","name":null},{"imageSrc":"http://i.walmartimages.com/i/p/00/88/27/77/06/0088277706450_AV4_60X60.gif","lgImageSrc":"http://i.walmartimages.com/i/p/00/88/27/77/06/0088277706450_AV4_500X500.jpg","name":null}],"id":20452138,"comparable":true,"upc":"0088277706450","customerRatingUrl":"http://www.walmart.com/i/CustRating/3_5.gif","partnerId":-1,"itemAttributes":[{"itemID":20452138,"groupName":"Display","groupDisplayOrder":1,"contentProviderId":3,"attributeName":"Image Aspect Ratio","attributeDisplayOrder":1,"attributeValue":"16:9","glossaryId":0,"attrDisplayName":"Image Aspect Ratio"},{"itemID":20452138,"groupName":"Display","groupDisplayOrder":1,"contentProviderId":3,"attributeName":"Comb Filter","attributeDisplayOrder":5,"attributeValue":"3D digital","glossaryId":0,"attrDisplayName":"Comb Filter"},{"itemID":20452138,"groupName":"Display","groupDisplayOrder":1,"contentProviderId":3,"attributeName":"Color Temperature Control","attributeDisplayOrder":6,"attributeValue":"Yes","glossaryId":0,"attrDisplayName":"Color Temperature Control"},{"itemID":20452138,"groupName":"Display","groupDisplayOrder":1,"contentProviderId":3,"attributeName":"Additional Features","attributeDisplayOrder":7,"attributeValue":"3:2 pull down compensation, 3D Noise Reduction, progressive scan","glossaryId":0,"attrDisplayName":"Additional Features"},{"itemID":20452138,"groupName":"Display","groupDisplayOrder":1,"contentProviderId":3,"attributeName":"Display Format","attributeDisplayOrder":11,"attributeValue":"1080p (FullHD)","glossaryId":0,"attrDisplayName":"Display Format"},{"itemID":20452138,"groupName":"Display","groupDisplayOrder":1,"contentProviderId":3,"attributeName":"Resolution","attributeDisplayOrder":12,"attributeValue":"1920 x 1080","glossaryId":0,"attrDisplayName":"Resolution"},{"itemID":20452138,"groupName":"Display","groupDisplayOrder":1,"contentProviderId":3,"attributeName":"Viewing Angle","attributeDisplayOrder":13,"attributeValue":"176 degrees","glossaryId":0,"attrDisplayName":"Viewing Angle"},{"itemID":20452138,"groupName":"Display","groupDisplayOrder":1,"contentProviderId":3,"attributeName":"Viewing Angle (Vertical)","attributeDisplayOrder":14,"attributeValue":"176 degrees","glossaryId":0,"attrDisplayName":"Viewing Angle (Vertical)"},{"itemID":20452138,"groupName":"Display","groupDisplayOrder":1,"contentProviderId":3,"attributeName":"Image Contrast Ratio","attributeDisplayOrder":17,"attributeValue":"4000:1","glossaryId":0,"attrDisplayName":"Image Contrast Ratio"},{"itemID":20452138,"groupName":"TV Tuner","groupDisplayOrder":2,"contentProviderId":3,"attributeName":"Analog TV Tuner","attributeDisplayOrder":8,"attributeValue":"NTSC","glossaryId":0,"attrDisplayName":"Analog TV Tuner"},{"itemID":20452138,"groupName":"Audio System","groupDisplayOrder":5,"contentProviderId":3,"attributeName":"Sound Output Mode","attributeDisplayOrder":1,"attributeValue":"Stereo","glossaryId":0,"attrDisplayName":"Sound Output Mode"},{"itemID":20452138,"groupName":"Audio System","groupDisplayOrder":5,"contentProviderId":3,"attributeName":"Speaker(s)","attributeDisplayOrder":8,"attributeValue":"2 x right/left channel speaker - built-in - 10 Watt","glossaryId":0,"attrDisplayName":"Speaker(s)"},{"itemID":20452138,"groupName":"Power","groupDisplayOrder":7,"contentProviderId":3,"attributeName":"Power Consumption Stand by / Sleep","attributeDisplayOrder":3,"attributeValue":"1 Watt","glossaryId":0,"attrDisplayName":"Power Consumption Stand by / Sleep"},{"itemID":20452138,"groupName":"General","groupDisplayOrder":9,"contentProviderId":3,"attributeName":"Product Type","attributeDisplayOrder":1,"attributeValue":"LED-backlit LCD TV","glossaryId":0,"attrDisplayName":"Product Type"},{"itemID":20452138,"groupName":"General","groupDisplayOrder":9,"contentProviderId":3,"attributeName":"PC Interface","attributeDisplayOrder":3,"attributeValue":"VGA (HD-15)","glossaryId":0,"attrDisplayName":"PC Interface"},{"itemID":20452138,"groupName":"General","groupDisplayOrder":9,"contentProviderId":3,"attributeName":"Width","attributeDisplayOrder":4,"attributeValue":"43.3 in","glossaryId":0,"attrDisplayName":"Width"},{"itemID":20452138,"groupName":"General","groupDisplayOrder":9,"contentProviderId":3,"attributeName":"Depth","attributeDisplayOrder":5,"attributeValue":"7.9 in","glossaryId":0,"attrDisplayName":"Depth"},{"itemID":20452138,"groupName":"General","groupDisplayOrder":9,"contentProviderId":3,"attributeName":"Height","attributeDisplayOrder":6,"attributeValue":"28.4 in","glossaryId":0,"attrDisplayName":"Height"},{"itemID":20452138,"groupName":"General","groupDisplayOrder":9,"contentProviderId":3,"attributeName":"Weight","attributeDisplayOrder":7,"attributeValue":"38.1 lbs","glossaryId":0,"attrDisplayName":"Weight"},{"itemID":20452138,"groupName":"General","groupDisplayOrder":9,"contentProviderId":3,"attributeName":"Enclosure Color","attributeDisplayOrder":11,"attributeValue":"High-gloss black","glossaryId":0,"attrDisplayName":"Enclosure Color"},{"itemID":20452138,"groupName":"Miscellaneous","groupDisplayOrder":11,"contentProviderId":3,"attributeName":"Compliant Standards","attributeDisplayOrder":4,"attributeValue":"FCC Class B certified, UL","glossaryId":0,"attrDisplayName":"Compliant Standards"},{"itemID":20452138,"groupName":"Dimensions & Weight Details","groupDisplayOrder":20,"contentProviderId":3,"attributeName":"Dimensions & Weight Details","attributeDisplayOrder":1,"attributeValue":"Panel with stand - 43.3 in x 7.9 in x 28.4 in x 38.1 lbs ¦ Panel without stand - 43.3 in x 2.1 in x 26.9 in x 35.3 lbs","glossaryId":0,"attrDisplayName":"Dimensions & Weight Details"},{"itemID":20452138,"groupName":"Digital TV Tuner","groupDisplayOrder":32,"contentProviderId":3,"attributeName":"Digital TV Tuner","attributeDisplayOrder":1,"attributeValue":"ATSC","glossaryId":0,"attrDisplayName":"Digital TV Tuner"}],"sellers":{"0":{"itemId":20452138,"sellerId":0,"sellerTypeId":1,"sellerName":"Walmart.com","currentItemPrice":449.98,"vendorItemNum":"LD-4680","weight":44.8,"wrapCode":0,"maximumItems":5,"baseItemPrice":479.98,"stockWaterMark":1,"displayStatus":3,"tagCode":0,"baseSuggPrice":699.98,"packingSlipCode":0,"minPrice":449.98,"maxPrice":449.98,"priceChangeCode":5,"productTaxCode":"PTG9","rebateAmount":-9.223372036854776E18,"rebateTargetURL":null,"shippingDimX":30.7,"shippingDimY":51.6,"shippingDimZ":5.5,"s2SE":true,"sellerItemFlags":null,"freeReturns":false,"shipAlone":false,"remapToItemId":-9223372036854775808,"remapAction":null,"promotionDiscount":-9.223372036854776E18,"promotionMessageType":"","minPromotionAmount":-9.223372036854776E18,"maxPromotionAmount":-9.223372036854776E18,"fedExEligible":false,"smallFormatEligible":false,"thresholdShippingEligible":false,"isS2SOnly":false,"tweTaxCode":"2042530","shippingTaxCode":"2038346","giftWrapTaxCode":"2038857","ppu":-9.223372036854776E18,"fromPPU":-9.223372036854776E18,"contributesToThreshold":false,"isPIPEligible":"Y","checksum":-1,"freeShipping":false,"itemEligibleForFedEx":false,"is97CentShipping":false,"hasRebateLink":false,"storePickupable":true,"submapCode":0,"97CentShipping":false,"shippingDimensionX":30.7,"shippingDimensionY":51.6,"shippingDimensionZ":5.5,"employeeDiscountable":true,"combinedThresholdEligible":false,"availableShippingOfferCodes":null,"isFreeShipping":false}},"ppueligible":false,"uom":null,"unitCount":"0","itemFlags":"1,","originalBaseUpc":"0088277706450","imageThumbnailURL":"http://i.walmartimages.com/i/p/00/88/27/77/06/0088277706450_60X60.gif","electronicDelivery":false,"productImageUrl":"http://i.walmartimages.com/i/p/00/88/27/77/06/0088277706450_215X215.jpg","hazardMaterial":false,"media":false,"specialPricing":null,"rebate":false,"putEligible":false,"imagePostCardURL":"http://i.walmartimages.com/i/p/00/88/27/77/06/0088277706450_150X150.jpg"}]