[{"genericContent":{"itemId":20554035,"sourceId":2,"rank":1,"itemName":"Samsung 55\" Class LED 1080p 120Hz 3D HDTV,(1.9\" ultra-slim) UN55ES6500 Smart TV","itemShortName":null,"shortDescription":"Outstanding picture quality is just one highlight of the Samsung 55\" Class LED 1080p 120Hz 3D HDTV, UN55ES6500. Smart Content includes new ways to explore and locate your favorite shows, movies, games and more. A full Web Browser with WiFi built-in and innovative apps made for TV, along with Signature Services, enhances your enjoyment. AllShare Play allows you to stream content from other devices and enjoy it on the big screen. The Clear Motion Rate of 480 renders fast motion scenes in clear detail. Also enjoy Full HD 3D with the two pairs of glasses included.<br><br><b>Note:</b> You must have a source of HD programming in order to take full advantage of the Samsung 55\" 3D HDTV. Contact your local cable or satellite TV provider for details on how to upgrade.","longDescription":"<br><b>Samsung 55\" 1080p HDTV, 120Hz, 3D, UN55ES6500:</b><ul><li>55\" LED panel<br>With 1920 x 1080 full-HD resolution<li>True 16:9 aspect ratio<br>View your movies as the director intended<li>Built-in digital tuner<br>Watch digital broadcasts, including HDTV programs where available<li>HDMI Inputs: 3<br>Enjoy a superior HD experience with the HDMI one-cable solution<li>54.6\" screen measured diagonally from corner to corner<li>Samsung Active 3D<br>Watch amazing 3D content with the 2 pairs of active 3D glasses included<li>Built-in Wi-Fi<br>Browse the web from your big screen<li>3 USB ports<br>Listen to music and view photos from USB storage devices</ul>","shelfDescription":"<li>54.6\" diagonal screen size<li>HDMI Inputs: 3<li>Samsung Active 3D","mfgNo":"UN55ES6500","modelNum":"UN55ES6500","dimensionX":31.7,"dimensionY":49.5,"dimensionZ":10.9,"platform":null,"supplierWarranty":"1 Year Limited Warranty","warrantyLength":null,"assembledCountryOfOrigin":"Imported","componentsCountryOfOrigin":"Imported","accessoriesIncluded":null,"accessoriesNotIncluded":null,"ageRange":null,"gender":null,"rating":null,"attributeValue1":null,"attributeValue2":null,"attributeValue3":null,"attributeName1":null,"attributeName2":null,"attributeName3":null,"brandName":"Samsung","manufacturerName":"Samsung","alternateViews":"2","imageId":-9223372036854775808,"addlWarnMsgA":null,"addlWarnMsgB":null,"altWarnMsg":"N","panZoomId":2,"hasMatureContent":false,"attributeType1":null,"attributeUISetting1":null,"attributeRanking1":1,"attributeType2":null,"attributeUISetting2":null,"attributeRanking2":1,"attributeType3":null,"attributeUISetting3":null,"attributeRanking3":1,"attribute1_order":3,"attribute2_order":3,"attribute3_order":3,"partnerId":-1,"originalBaseUPC":"0003672523707","variantAttrData":null,"logoImage":"http://i.walmartimages.com/i/icon/-9/22/33/72/03/-9223372036854775808_100X60.gif","attributeData":[]},"alternateImageData":[{"imageSrc":"http://i.walmartimages.com/i/p/00/03/67/25/23/0003672523707_60X60.gif","lgImageSrc":"http://i.walmartimages.com/i/p/00/03/67/25/23/0003672523707_500X500.jpg","name":null},{"imageSrc":"http://i.walmartimages.com/i/p/00/03/67/25/23/0003672523707_AV_60X60.gif","lgImageSrc":"http://i.walmartimages.com/i/p/00/03/67/25/23/0003672523707_AV_500X500.jpg","name":null},{"imageSrc":"http://i.walmartimages.com/i/p/00/03/67/25/23/0003672523707_AV1_60X60.gif","lgImageSrc":"http://i.walmartimages.com/i/p/00/03/67/25/23/0003672523707_AV1_500X500.jpg","name":null}],"id":20554035,"comparable":true,"upc":"0003672523707","customerRatingUrl":"http://www.walmart.com/i/CustRating/4_3.gif","partnerId":-1,"itemAttributes":[{"itemID":20554035,"groupName":"Additional Specifications","groupDisplayOrder":34,"contentProviderId":2,"attributeName":"Remote Included","attributeDisplayOrder":40,"attributeValue":"Yes","glossaryId":0,"attrDisplayName":"Remote Included"},{"itemID":20554035,"groupName":"Additional Specifications","groupDisplayOrder":34,"contentProviderId":2,"attributeName":"Resolution","attributeDisplayOrder":41,"attributeValue":"1080p (HDTV)","glossaryId":0,"attrDisplayName":"Resolution"},{"itemID":20554035,"groupName":"Additional Specifications","groupDisplayOrder":34,"contentProviderId":2,"attributeName":"Tv Definition","attributeDisplayOrder":44,"attributeValue":"HDTV","glossaryId":0,"attrDisplayName":"Tv Definition"},{"itemID":20554035,"groupName":"Additional Specifications","groupDisplayOrder":34,"contentProviderId":2,"attributeName":"Tv Technology","attributeDisplayOrder":45,"attributeValue":"3D,LED","glossaryId":0,"attrDisplayName":"Tv Technology"},{"itemID":20554035,"groupName":"Additional Specifications","groupDisplayOrder":34,"contentProviderId":2,"attributeName":"Primary Color","attributeDisplayOrder":171,"attributeValue":"Black","glossaryId":0,"attrDisplayName":"Primary Color"},{"itemID":20554035,"groupName":"Additional Specifications","groupDisplayOrder":34,"contentProviderId":2,"attributeName":"Multi Pack Indicator","attributeDisplayOrder":180,"attributeValue":"No","glossaryId":0,"attrDisplayName":"Multi Pack Indicator"},{"itemID":20554035,"groupName":"Additional Specifications","groupDisplayOrder":34,"contentProviderId":2,"attributeName":"Battery Type","attributeDisplayOrder":184,"attributeValue":"Alkaline","glossaryId":0,"attrDisplayName":"Battery Type"}],"sellers":{"0":{"itemId":20554035,"sellerId":0,"sellerTypeId":1,"sellerName":"Walmart.com","currentItemPrice":2098.0,"vendorItemNum":"UN55ES6500","weight":53.13,"wrapCode":0,"maximumItems":5,"baseItemPrice":2098.0,"stockWaterMark":0,"displayStatus":3,"tagCode":0,"baseSuggPrice":2099.99,"packingSlipCode":0,"minPrice":1598.0,"maxPrice":1598.0,"priceChangeCode":0,"productTaxCode":"PTG9","rebateAmount":-9.223372036854776E18,"rebateTargetURL":null,"shippingDimX":33.0,"shippingDimY":60.4,"shippingDimZ":6.5,"s2SE":true,"sellerItemFlags":null,"freeReturns":false,"shipAlone":false,"remapToItemId":-9223372036854775808,"remapAction":null,"promotionDiscount":-9.223372036854776E18,"promotionMessageType":"","minPromotionAmount":-9.223372036854776E18,"maxPromotionAmount":-9.223372036854776E18,"fedExEligible":false,"smallFormatEligible":false,"thresholdShippingEligible":false,"isS2SOnly":false,"tweTaxCode":"2042530","shippingTaxCode":"2038346","giftWrapTaxCode":"2038857","ppu":-9.223372036854776E18,"fromPPU":-9.223372036854776E18,"contributesToThreshold":false,"isPIPEligible":"Y","checksum":-1,"freeShipping":false,"itemEligibleForFedEx":false,"is97CentShipping":false,"hasRebateLink":false,"storePickupable":true,"submapCode":0,"97CentShipping":false,"shippingDimensionX":33.0,"shippingDimensionY":60.4,"shippingDimensionZ":6.5,"employeeDiscountable":true,"combinedThresholdEligible":false,"availableShippingOfferCodes":null,"isFreeShipping":false}},"ppueligible":false,"uom":null,"unitCount":"0","itemFlags":null,"originalBaseUpc":"0003672523707","imageThumbnailURL":"http://i.walmartimages.com/i/p/00/03/67/25/23/0003672523707_60X60.gif","electronicDelivery":false,"productImageUrl":"http://i.walmartimages.com/i/p/00/03/67/25/23/0003672523707_215X215.jpg","hazardMaterial":false,"media":false,"specialPricing":null,"rebate":false,"putEligible":false,"imagePostCardURL":"http://i.walmartimages.com/i/p/00/03/67/25/23/0003672523707_150X150.jpg"}]