[{"genericContent":{"itemId":15992428,"sourceId":3,"rank":1,"itemName":"VIZIO 32\" Class LCD 720p 60Hz HDTV, E321VL","itemShortName":null,"shortDescription":"High-definition entertainment has never been so amazing. The VIZIO 32\" LCD HDTV delivers a 720p picture with remarkable detail and striking 100,000:1 Dynamic Contrast Ratio for truly deep blacks and brighter whites.<p><b>Note:</b> You must have a source of HD programming in order to take full advantage of the VIZIO 32\" LCD HDTV. Contact your local cable or satellite TV service provider for details on how to upgrade.<P>","longDescription":"<b>VIZIO 32\" Class 720p LCD HDTV:</b><ul><li>16:9 LCD panel<br>With 1366 x 768 HD resolution<li>Wide 178-degree vertical and 178-degree horizontal angles<br>See a clear picture from anywhere in the room<li>Built-in ATSC digital/NTSC analog tuner<br>Watch digital broadcasts, including HDTV programs where available<li>High brightness of 500cd/m2 with 8-ms. response time<br>Place your VIZIO 32\" LCD HDTV anywhere<li>100,000:1 dynamic contrast ratio<br>Ensures bright whites, rich blacks, vivid colors and less blurring during on screen motion<li>31.5\" diagonal screen of this 720p model is measured diagonally from corner to corner</ul>","shelfDescription":"<li>31.5\" diagonal screen size<li>HDMI inputs: 2<li>Wall mountable with detachable base stand<li>SRS TruSurrondHD turns your room into a personal theater","mfgNo":"E321VL","modelNum":"E321VL","dimensionX":24.4,"dimensionY":35.1,"dimensionZ":7.4,"platform":null,"supplierWarranty":"1 Year Limited Warranty - Parts & Labor, Free Lifetime Technical Support","warrantyLength":null,"assembledCountryOfOrigin":"Imported","componentsCountryOfOrigin":"Imported","accessoriesIncluded":null,"accessoriesNotIncluded":null,"ageRange":null,"gender":null,"rating":null,"attributeValue1":null,"attributeValue2":null,"attributeValue3":null,"attributeName1":null,"attributeName2":null,"attributeName3":null,"brandName":"Vizio","manufacturerName":"Vizio","alternateViews":"5","imageId":-9223372036854775808,"addlWarnMsgA":null,"addlWarnMsgB":null,"altWarnMsg":"N","panZoomId":-9223372036854775808,"hasMatureContent":false,"attributeType1":null,"attributeUISetting1":null,"attributeRanking1":1,"attributeType2":null,"attributeUISetting2":null,"attributeRanking2":1,"attributeType3":null,"attributeUISetting3":null,"attributeRanking3":1,"attribute1_order":3,"attribute2_order":3,"attribute3_order":3,"partnerId":-1,"originalBaseUPC":"0084522600534","variantAttrData":null,"logoImage":"http://i.walmartimages.com/i/icon/-9/22/33/72/03/-9223372036854775808_100X60.gif","attributeData":[]},"alternateImageData":[{"imageSrc":"http://i.walmartimages.com/i/p/00/84/52/26/00/0084522600534_60X60.gif","lgImageSrc":"http://i.walmartimages.com/i/p/00/84/52/26/00/0084522600534_500X500.jpg","name":null},{"imageSrc":"http://i.walmartimages.com/i/p/00/84/52/26/00/0084522600534_AV_60X60.gif","lgImageSrc":"http://i.walmartimages.com/i/p/00/84/52/26/00/0084522600534_AV_500X500.jpg","name":null},{"imageSrc":"http://i.walmartimages.com/i/p/00/84/52/26/00/0084522600534_AV1_60X60.gif","lgImageSrc":"http://i.walmartimages.com/i/p/00/84/52/26/00/0084522600534_AV1_500X500.jpg","name":null},{"imageSrc":"http://i.walmartimages.com/i/p/00/84/52/26/00/0084522600534_AV2_60X60.gif","lgImageSrc":"http://i.walmartimages.com/i/p/00/84/52/26/00/0084522600534_AV2_500X500.jpg","name":null},{"imageSrc":"http://i.walmartimages.com/i/p/00/84/52/26/00/0084522600534_AV3_60X60.gif","lgImageSrc":"http://i.walmartimages.com/i/p/00/84/52/26/00/0084522600534_AV3_500X500.jpg","name":null},{"imageSrc":"http://i.walmartimages.com/i/p/00/84/52/26/00/0084522600534_AV4_60X60.gif","lgImageSrc":"http://i.walmartimages.com/i/p/00/84/52/26/00/0084522600534_AV4_500X500.jpg","name":null}],"id":15992428,"comparable":true,"upc":"0084522600534","customerRatingUrl":"http://www.walmart.com/i/CustRating/4_4.gif","partnerId":-1,"itemAttributes":[],"sellers":{"0":{"itemId":15992428,"sellerId":0,"sellerTypeId":1,"sellerName":"Walmart.com","currentItemPrice":228.0,"vendorItemNum":"E321VL","weight":27.3,"wrapCode":0,"maximumItems":5,"baseItemPrice":248.0,"stockWaterMark":0,"displayStatus":3,"tagCode":0,"baseSuggPrice":299.99,"packingSlipCode":0,"minPrice":228.0,"maxPrice":228.0,"priceChangeCode":0,"productTaxCode":"PTG8","rebateAmount":-9.223372036854776E18,"rebateTargetURL":null,"shippingDimX":24.1,"shippingDimY":7.3,"shippingDimZ":35.1,"s2SE":true,"sellerItemFlags":null,"freeReturns":false,"shipAlone":false,"remapToItemId":-9223372036854775808,"remapAction":null,"promotionDiscount":-9.223372036854776E18,"promotionMessageType":"","minPromotionAmount":-9.223372036854776E18,"maxPromotionAmount":-9.223372036854776E18,"fedExEligible":false,"smallFormatEligible":true,"thresholdShippingEligible":false,"isS2SOnly":false,"tweTaxCode":"2042529","shippingTaxCode":"2038346","giftWrapTaxCode":"2038857","ppu":-9.223372036854776E18,"fromPPU":-9.223372036854776E18,"contributesToThreshold":false,"isPIPEligible":"Y","checksum":-1,"freeShipping":false,"itemEligibleForFedEx":false,"is97CentShipping":false,"hasRebateLink":false,"storePickupable":true,"submapCode":0,"97CentShipping":false,"shippingDimensionX":24.1,"shippingDimensionY":7.3,"shippingDimensionZ":35.1,"employeeDiscountable":true,"combinedThresholdEligible":false,"availableShippingOfferCodes":null,"isFreeShipping":false}},"ppueligible":false,"uom":null,"unitCount":"0","itemFlags":"1,","originalBaseUpc":"0084522600534","imageThumbnailURL":"http://i.walmartimages.com/i/p/00/84/52/26/00/0084522600534_60X60.gif","electronicDelivery":false,"productImageUrl":"http://i.walmartimages.com/i/p/00/84/52/26/00/0084522600534_215X215.jpg","hazardMaterial":false,"media":false,"specialPricing":null,"rebate":false,"putEligible":false,"imagePostCardURL":"http://i.walmartimages.com/i/p/00/84/52/26/00/0084522600534_150X150.jpg"}]