[{"genericContent":{"itemId":16784341,"sourceId":3,"rank":1,"itemName":"Samsung 32\" Class LCD 720p 60Hz HDTV, LN32D403","itemShortName":null,"shortDescription":"Watch movies, check out videos, view pictures and more on a 32\" LCD screen &mdash; the Samsung LN32D403 LCD HDTV makes it happen. Samsung's","longDescription":"<p><b>Samsung 32\" Class LCD 720p 60Hz HDTV, LN32D403:</b><ul><li>16:9 LCD panel<br>With 1366 x 768 resolution<li>32\" class screen size<br>31.5\" screen measured diagonally from corner to corner<li>Built-in digital tuner<br>Watch digital broadcasts, including HDTV programs where available<li>20,000:1 dynamic contrast ratio<li>HDMI Inputs: 2<br>Enjoy a superior HD experience with the HDMI one-cable solution<li>Dolby Digital Plus/SRS TruSurround HD<br>Crisp, clear digital-quality sound<li>ConnectShare JPEG<br>Easily connects your MP3 player or digital camera to your Samsung 32\" LCD HDTV to share videos, music and pictures<li>Wide Color Enhancer<br>Provides natural and realistic color</ul>","shelfDescription":"<li>31.5\" diagonal screen size<li>HDMI Inputs: 2<li>Detachable stand<li>Dolby Digital Plus/SRS TruSurround HD","mfgNo":"LN32D403","modelNum":"LN32D403","dimensionX":21.4,"dimensionY":30.9,"dimensionZ":7.2,"platform":null,"supplierWarranty":null,"warrantyLength":null,"assembledCountryOfOrigin":"USA or Imported","componentsCountryOfOrigin":"USA or Imported","accessoriesIncluded":null,"accessoriesNotIncluded":null,"ageRange":null,"gender":null,"rating":null,"attributeValue1":null,"attributeValue2":null,"attributeValue3":null,"attributeName1":null,"attributeName2":null,"attributeName3":null,"brandName":"Samsung","manufacturerName":"Samsung","alternateViews":"6","imageId":-9223372036854775808,"addlWarnMsgA":null,"addlWarnMsgB":null,"altWarnMsg":"N","panZoomId":2,"hasMatureContent":false,"attributeType1":null,"attributeUISetting1":null,"attributeRanking1":1,"attributeType2":null,"attributeUISetting2":null,"attributeRanking2":1,"attributeType3":null,"attributeUISetting3":null,"attributeRanking3":1,"attribute1_order":3,"attribute2_order":3,"attribute3_order":3,"partnerId":-1,"originalBaseUPC":"0003672523627","variantAttrData":null,"logoImage":"http://i.walmartimages.com/i/icon/-9/22/33/72/03/-9223372036854775808_100X60.gif","attributeData":[]},"alternateImageData":[{"imageSrc":"http://i.walmartimages.com/i/p/00/03/67/25/23/0003672523627_60X60.gif","lgImageSrc":"http://i.walmartimages.com/i/p/00/03/67/25/23/0003672523627_500X500.jpg","name":null},{"imageSrc":"http://i.walmartimages.com/i/p/00/03/67/25/23/0003672523627_AV_60X60.gif","lgImageSrc":"http://i.walmartimages.com/i/p/00/03/67/25/23/0003672523627_AV_500X500.jpg","name":null},{"imageSrc":"http://i.walmartimages.com/i/p/00/03/67/25/23/0003672523627_AV1_60X60.gif","lgImageSrc":"http://i.walmartimages.com/i/p/00/03/67/25/23/0003672523627_AV1_500X500.jpg","name":null},{"imageSrc":"http://i.walmartimages.com/i/p/00/03/67/25/23/0003672523627_AV2_60X60.gif","lgImageSrc":"http://i.walmartimages.com/i/p/00/03/67/25/23/0003672523627_AV2_500X500.jpg","name":null},{"imageSrc":"http://i.walmartimages.com/i/p/00/03/67/25/23/0003672523627_AV3_60X60.gif","lgImageSrc":"http://i.walmartimages.com/i/p/00/03/67/25/23/0003672523627_AV3_500X500.jpg","name":null},{"imageSrc":"http://i.walmartimages.com/i/p/00/03/67/25/23/0003672523627_AV4_60X60.gif","lgImageSrc":"http://i.walmartimages.com/i/p/00/03/67/25/23/0003672523627_AV4_500X500.jpg","name":null},{"imageSrc":"http://i.walmartimages.com/i/p/00/03/67/25/23/0003672523627_AV5_60X60.gif","lgImageSrc":"http://i.walmartimages.com/i/p/00/03/67/25/23/0003672523627_AV5_500X500.jpg","name":null}],"id":16784341,"comparable":true,"upc":"0003672523627","customerRatingUrl":"http://www.walmart.com/i/CustRating/4_3.gif","partnerId":-1,"itemAttributes":[{"itemID":16784341,"groupName":"Display","groupDisplayOrder":1,"contentProviderId":3,"attributeName":"Display Menu Language","attributeDisplayOrder":4,"attributeValue":"English, French, Spanish","glossaryId":0,"attrDisplayName":"Display Menu Language"},{"itemID":16784341,"groupName":"Display","groupDisplayOrder":1,"contentProviderId":3,"attributeName":"Additional Features","attributeDisplayOrder":7,"attributeValue":"Auto power off, on-screen menu, DNIe+, Wide Color Enhancer, game mode, ConnectShare Movie, progressive scan","glossaryId":0,"attrDisplayName":"Additional Features"},{"itemID":16784341,"groupName":"Display","groupDisplayOrder":1,"contentProviderId":3,"attributeName":"Display Format","attributeDisplayOrder":11,"attributeValue":"720p","glossaryId":0,"attrDisplayName":"Display Format"},{"itemID":16784341,"groupName":"Display","groupDisplayOrder":1,"contentProviderId":3,"attributeName":"Resolution","attributeDisplayOrder":12,"attributeValue":"1366 x 768","glossaryId":0,"attrDisplayName":"Resolution"},{"itemID":16784341,"groupName":"Remote Control","groupDisplayOrder":4,"contentProviderId":3,"attributeName":"Type","attributeDisplayOrder":1,"attributeValue":"Remote control","glossaryId":0,"attrDisplayName":"Type"},{"itemID":16784341,"groupName":"Audio System","groupDisplayOrder":5,"contentProviderId":3,"attributeName":"Sound Output Mode","attributeDisplayOrder":1,"attributeValue":"Stereo","glossaryId":0,"attrDisplayName":"Sound Output Mode"},{"itemID":16784341,"groupName":"Audio System","groupDisplayOrder":5,"contentProviderId":3,"attributeName":"Surround Mode","attributeDisplayOrder":2,"attributeValue":"Yes","glossaryId":0,"attrDisplayName":"Surround Mode"},{"itemID":16784341,"groupName":"Audio System","groupDisplayOrder":5,"contentProviderId":3,"attributeName":"Sound Effects","attributeDisplayOrder":3,"attributeValue":"SRS TheaterSound HD","glossaryId":0,"attrDisplayName":"Sound Effects"},{"itemID":16784341,"groupName":"Audio System","groupDisplayOrder":5,"contentProviderId":3,"attributeName":"Output Power / Total","attributeDisplayOrder":6,"attributeValue":"10 Watt","glossaryId":0,"attrDisplayName":"Output Power / Total"},{"itemID":16784341,"groupName":"Audio System","groupDisplayOrder":5,"contentProviderId":3,"attributeName":"Additional Features","attributeDisplayOrder":7,"attributeValue":"Down-firing Speaker, Auto Volume Leveler II (AVL)","glossaryId":0,"attrDisplayName":"Additional Features"},{"itemID":16784341,"groupName":"Audio System","groupDisplayOrder":5,"contentProviderId":3,"attributeName":"Speaker(s)","attributeDisplayOrder":8,"attributeValue":"2 x main channel speaker - built-in - 5 Watt","glossaryId":0,"attrDisplayName":"Speaker(s)"},{"itemID":16784341,"groupName":"Connections","groupDisplayOrder":6,"contentProviderId":3,"attributeName":"Connector Type","attributeDisplayOrder":1,"attributeValue":"2 x HDMI input ( 19 pin HDMI Type A ) ¦ 1 x USB 2.0 ( 4 pin USB Type A ) ¦ 1 x digital audio output (optical) ( TOSLINK ) ¦ 1 x composite video / component video input ( RCA phono x 3 ) ¦ 1 x audio line-in ( RCA phono x 2 )","glossaryId":0,"attrDisplayName":"Connector Type"},{"itemID":16784341,"groupName":"Power","groupDisplayOrder":7,"contentProviderId":3,"attributeName":"Power Device","attributeDisplayOrder":1,"attributeValue":"Power supply - internal","glossaryId":0,"attrDisplayName":"Power Device"},{"itemID":16784341,"groupName":"Power","groupDisplayOrder":7,"contentProviderId":3,"attributeName":"Power Consumption Stand by / Sleep","attributeDisplayOrder":3,"attributeValue":"1 Watt","glossaryId":0,"attrDisplayName":"Power Consumption Stand by / Sleep"},{"itemID":16784341,"groupName":"General","groupDisplayOrder":9,"contentProviderId":3,"attributeName":"Product Type","attributeDisplayOrder":1,"attributeValue":"LCD TV","glossaryId":0,"attrDisplayName":"Product Type"},{"itemID":16784341,"groupName":"General","groupDisplayOrder":9,"contentProviderId":3,"attributeName":"Width","attributeDisplayOrder":4,"attributeValue":"30.9 in","glossaryId":0,"attrDisplayName":"Width"},{"itemID":16784341,"groupName":"General","groupDisplayOrder":9,"contentProviderId":3,"attributeName":"Depth","attributeDisplayOrder":5,"attributeValue":"4.1 in","glossaryId":0,"attrDisplayName":"Depth"},{"itemID":16784341,"groupName":"General","groupDisplayOrder":9,"contentProviderId":3,"attributeName":"Height","attributeDisplayOrder":6,"attributeValue":"19.8 in","glossaryId":0,"attrDisplayName":"Height"},{"itemID":16784341,"groupName":"General","groupDisplayOrder":9,"contentProviderId":3,"attributeName":"Weight","attributeDisplayOrder":7,"attributeValue":"17 lbs","glossaryId":0,"attrDisplayName":"Weight"},{"itemID":16784341,"groupName":"General","groupDisplayOrder":9,"contentProviderId":3,"attributeName":"Series","attributeDisplayOrder":8,"attributeValue":"4 Series","glossaryId":0,"attrDisplayName":"Series"},{"itemID":16784341,"groupName":"General","groupDisplayOrder":9,"contentProviderId":3,"attributeName":"HDCP Compatible","attributeDisplayOrder":13,"attributeValue":"Yes","glossaryId":0,"attrDisplayName":"HDCP Compatible"},{"itemID":16784341,"groupName":"Dimensions & Weight Details","groupDisplayOrder":20,"contentProviderId":3,"attributeName":"Dimensions & Weight Details","attributeDisplayOrder":1,"attributeValue":"Panel without stand - 30.9 in x 4.1 in x 19.8 in x 17 lbs ¦ Panel with stand - 30.9 in x 7.2 in x 21.3 in x 19.2 lbs","glossaryId":0,"attrDisplayName":"Dimensions & Weight Details"},{"itemID":16784341,"groupName":"Digital TV Tuner","groupDisplayOrder":32,"contentProviderId":3,"attributeName":"Digital TV Tuner","attributeDisplayOrder":1,"attributeValue":"ATSC, QAM","glossaryId":0,"attrDisplayName":"Digital TV Tuner"}],"sellers":{"0":{"itemId":16784341,"sellerId":0,"sellerTypeId":1,"sellerName":"Walmart.com","currentItemPrice":328.0,"vendorItemNum":"LN32D403","weight":23.85,"wrapCode":0,"maximumItems":5,"baseItemPrice":328.0,"stockWaterMark":0,"displayStatus":3,"tagCode":0,"baseSuggPrice":329.99,"packingSlipCode":0,"minPrice":318.0,"maxPrice":318.0,"priceChangeCode":0,"productTaxCode":"PTG8","rebateAmount":-9.223372036854776E18,"rebateTargetURL":null,"shippingDimX":22.6,"shippingDimY":6.1,"shippingDimZ":39.7,"s2SE":true,"sellerItemFlags":null,"freeReturns":false,"shipAlone":true,"remapToItemId":-9223372036854775808,"remapAction":null,"promotionDiscount":-9.223372036854776E18,"promotionMessageType":"","minPromotionAmount":-9.223372036854776E18,"maxPromotionAmount":-9.223372036854776E18,"fedExEligible":false,"smallFormatEligible":true,"thresholdShippingEligible":false,"isS2SOnly":false,"tweTaxCode":"2042529","shippingTaxCode":"2038346","giftWrapTaxCode":"2038857","ppu":-9.223372036854776E18,"fromPPU":-9.223372036854776E18,"contributesToThreshold":false,"isPIPEligible":"Y","checksum":-1,"freeShipping":false,"itemEligibleForFedEx":false,"is97CentShipping":false,"hasRebateLink":false,"storePickupable":true,"submapCode":0,"97CentShipping":false,"shippingDimensionX":22.6,"shippingDimensionY":6.1,"shippingDimensionZ":39.7,"employeeDiscountable":true,"combinedThresholdEligible":false,"availableShippingOfferCodes":null,"isFreeShipping":false}},"ppueligible":false,"uom":null,"unitCount":"0","itemFlags":"1,","originalBaseUpc":"0003672523627","imageThumbnailURL":"http://i.walmartimages.com/i/p/00/03/67/25/23/0003672523627_60X60.gif","electronicDelivery":false,"productImageUrl":"http://i.walmartimages.com/i/p/00/03/67/25/23/0003672523627_215X215.jpg","hazardMaterial":false,"media":false,"specialPricing":null,"rebate":false,"putEligible":true,"imagePostCardURL":"http://i.walmartimages.com/i/p/00/03/67/25/23/0003672523627_150X150.jpg"}]