[{"genericContent":{"itemId":16775710,"sourceId":2,"rank":1,"itemName":"RCA 40\" Class LCD 1080p Widescreen HDTV, 40LA45RQ","itemShortName":null,"shortDescription":"With 1080p full-HD resolution, a high brightness level and a high contrast ratio, the RCA 40\" 1080p HDTV delivers true high-definition picture quality. Multiple types of connection options give you flexibility and the high-gloss piano black finish improves its looks. <p><b>Note:</b> You must have a source of HD programming in order to take full advantage of the RCA LCD HDTV. Contact your local cable or satellite TV service provider for details on how to upgrade.<p>","longDescription":"<p><b>RCA 40\" Class 1080p Widescreen LCD HDTV:</b><ul><li>16:9 LCD panel<br>With 1920 x 1080 Full-HD resolution<li>40\" class screen size<br>40\" screen of this RCA LCD HDTV measured diagonally from corner to corner<li>VESA wall mount compatible<br>See a clear picture on any wall in the room<li>Built-in digital tuner<br>Watch digital broadcasts, including HDTV programs where available<li>High brightness of 500cd/m2 with 6.5-ms. response time<br>Place your 40\" 1080p HDTV anywhere<li>3,000:1 dynamic contrast ratio<li>HDMI Inputs: 2<br>Enjoy a superior HD experience with the HDMI one-cable solution<li><br> Use your RCA LCD HDTV as a computer monitor, enjoying connectivity to the Internet</ul>","shelfDescription":"<li>40\" diagonal screen size<li>2 HDMI inputs<li>VESA wall mount compatible","mfgNo":"40LA45RQ","modelNum":"40LA45RQ","dimensionX":26.8,"dimensionY":38.6,"dimensionZ":9.8,"platform":null,"supplierWarranty":"1 Year Limited Warranty - Parts and Labor","warrantyLength":null,"assembledCountryOfOrigin":"USA or Imported","componentsCountryOfOrigin":"USA or Imported","accessoriesIncluded":null,"accessoriesNotIncluded":null,"ageRange":null,"gender":null,"rating":null,"attributeValue1":null,"attributeValue2":null,"attributeValue3":null,"attributeName1":null,"attributeName2":null,"attributeName3":null,"brandName":"RCA","manufacturerName":"RCA","alternateViews":"2","imageId":-9223372036854775808,"addlWarnMsgA":null,"addlWarnMsgB":null,"altWarnMsg":"N","panZoomId":2,"hasMatureContent":false,"attributeType1":null,"attributeUISetting1":null,"attributeRanking1":1,"attributeType2":null,"attributeUISetting2":null,"attributeRanking2":1,"attributeType3":null,"attributeUISetting3":null,"attributeRanking3":1,"attribute1_order":3,"attribute2_order":3,"attribute3_order":3,"partnerId":-1,"originalBaseUPC":"0088339300275","variantAttrData":null,"logoImage":"http://i.walmartimages.com/i/icon/-9/22/33/72/03/-9223372036854775808_100X60.gif","attributeData":[]},"alternateImageData":[{"imageSrc":"http://i.walmartimages.com/i/p/00/88/33/93/00/0088339300275_60X60.gif","lgImageSrc":"http://i.walmartimages.com/i/p/00/88/33/93/00/0088339300275_500X500.jpg","name":null},{"imageSrc":"http://i.walmartimages.com/i/p/00/88/33/93/00/0088339300275_AV_60X60.gif","lgImageSrc":"http://i.walmartimages.com/i/p/00/88/33/93/00/0088339300275_AV_500X500.jpg","name":null},{"imageSrc":"http://i.walmartimages.com/i/p/00/88/33/93/00/0088339300275_AV1_60X60.gif","lgImageSrc":"http://i.walmartimages.com/i/p/00/88/33/93/00/0088339300275_AV1_500X500.jpg","name":null}],"id":16775710,"comparable":true,"upc":"0088339300275","customerRatingUrl":null,"partnerId":-1,"itemAttributes":[{"itemID":16775710,"groupName":"Additional Specifications","groupDisplayOrder":34,"contentProviderId":1,"attributeName":"Age","attributeDisplayOrder":7,"attributeValue":"15+ Years","glossaryId":0,"attrDisplayName":"Age"},{"itemID":16775710,"groupName":"Additional Specifications","groupDisplayOrder":34,"contentProviderId":2,"attributeName":"Remote Included","attributeDisplayOrder":40,"attributeValue":"Yes","glossaryId":0,"attrDisplayName":"Remote Included"},{"itemID":16775710,"groupName":"Additional Specifications","groupDisplayOrder":34,"contentProviderId":2,"attributeName":"Resolution","attributeDisplayOrder":41,"attributeValue":"1080p (HDTV)","glossaryId":0,"attrDisplayName":"Resolution"},{"itemID":16775710,"groupName":"Additional Specifications","groupDisplayOrder":34,"contentProviderId":2,"attributeName":"Response Time","attributeDisplayOrder":42,"attributeValue":"6.5ms","glossaryId":0,"attrDisplayName":"Response Time"},{"itemID":16775710,"groupName":"Additional Specifications","groupDisplayOrder":34,"contentProviderId":2,"attributeName":"Tv Definition","attributeDisplayOrder":44,"attributeValue":"HDTV","glossaryId":0,"attrDisplayName":"Tv Definition"},{"itemID":16775710,"groupName":"Additional Specifications","groupDisplayOrder":34,"contentProviderId":2,"attributeName":"Tv Technology","attributeDisplayOrder":45,"attributeValue":"LCD","glossaryId":0,"attrDisplayName":"Tv Technology"},{"itemID":16775710,"groupName":"Additional Specifications","groupDisplayOrder":34,"contentProviderId":2,"attributeName":"Primary Color","attributeDisplayOrder":171,"attributeValue":"Black","glossaryId":0,"attrDisplayName":"Primary Color"},{"itemID":16775710,"groupName":"Additional Specifications","groupDisplayOrder":34,"contentProviderId":2,"attributeName":"Multi Pack Indicator","attributeDisplayOrder":180,"attributeValue":"No","glossaryId":0,"attrDisplayName":"Multi Pack Indicator"},{"itemID":16775710,"groupName":"Additional Specifications","groupDisplayOrder":34,"contentProviderId":2,"attributeName":"Battery Type","attributeDisplayOrder":184,"attributeValue":"Does Not Contain a Battery","glossaryId":0,"attrDisplayName":"Battery Type"}],"sellers":{"0":{"itemId":16775710,"sellerId":0,"sellerTypeId":1,"sellerName":"Walmart.com","currentItemPrice":328.0,"vendorItemNum":"40LA45RQ","weight":48.2,"wrapCode":0,"maximumItems":5,"baseItemPrice":299.98,"stockWaterMark":0,"displayStatus":1,"tagCode":0,"baseSuggPrice":429.99,"packingSlipCode":0,"minPrice":328.0,"maxPrice":328.0,"priceChangeCode":5,"productTaxCode":"PTG9","rebateAmount":-9.223372036854776E18,"rebateTargetURL":null,"shippingDimX":30.7,"shippingDimY":49.4,"shippingDimZ":8.5,"s2SE":true,"sellerItemFlags":null,"freeReturns":false,"shipAlone":false,"remapToItemId":-9223372036854775808,"remapAction":null,"promotionDiscount":-9.223372036854776E18,"promotionMessageType":"","minPromotionAmount":-9.223372036854776E18,"maxPromotionAmount":-9.223372036854776E18,"fedExEligible":false,"smallFormatEligible":false,"thresholdShippingEligible":false,"isS2SOnly":false,"tweTaxCode":"2042530","shippingTaxCode":"2038346","giftWrapTaxCode":"2038857","ppu":-9.223372036854776E18,"fromPPU":-9.223372036854776E18,"contributesToThreshold":false,"isPIPEligible":"Y","checksum":-1,"freeShipping":false,"itemEligibleForFedEx":false,"is97CentShipping":false,"hasRebateLink":false,"storePickupable":true,"submapCode":0,"97CentShipping":false,"shippingDimensionX":30.7,"shippingDimensionY":49.4,"shippingDimensionZ":8.5,"employeeDiscountable":true,"combinedThresholdEligible":false,"availableShippingOfferCodes":null,"isFreeShipping":false}},"ppueligible":false,"uom":null,"unitCount":"0","itemFlags":"1,","originalBaseUpc":"0088339300275","imageThumbnailURL":"http://i.walmartimages.com/i/p/00/88/33/93/00/0088339300275_60X60.gif","electronicDelivery":false,"productImageUrl":"http://i.walmartimages.com/i/p/00/88/33/93/00/0088339300275_215X215.jpg","hazardMaterial":false,"media":false,"specialPricing":null,"rebate":false,"putEligible":false,"imagePostCardURL":"http://i.walmartimages.com/i/p/00/88/33/93/00/0088339300275_150X150.jpg"}]