[{"genericContent":{"itemId":20593820,"sourceId":2,"rank":1,"itemName":"Element ELCFT194  19\" Class LCD 720p 60Hz HDTV, Refurbished","itemShortName":null,"shortDescription":"<p>Enjoy your favorite programs with stunning high-definition clarity on the Element 19\" Class LCD 720P 60Hz HDTV. Its 720p resolution ensures crystal-clear images, and its built-in stereo speakers with simulated surround sound deliver outstanding audio. The refurbished LCD HDTV features a Favorite Channel option that lets you select and set the channels you prefer to watch. Its 16:9 aspect ratio and 600:1 contrast ratio lets you enjoy pictures where every color and every detail is made clear. The HDMI one-cable solution input of the Element electronics HDTV upgrades your movie viewing time to a wonderful HD experience. The Parental Control option lets you monitor your family's daily TV viewing. </p>","longDescription":"<strong>Element 19\" Class LCD 720P 60Hz HDTV:</strong><li>19\" LCD panel</li><li>With a 1366 x 768 resolution</li><li>True 16:9 aspect ratio</li><li>View your movies as the director intended</li><li>Built-in digital tuner</li><li>Watch digital broadcasts, including HDTV programs where available</li><li>High brightness of 200cd/m2 with 5 ms response time</li><li>Place your TV anywhere</li><li>600:1 contrast ratio</li><li>HDMI Inputs: 1</li><li>Enjoy a superior HD experience with HDMI one cable solution</li><li>18.5\" screen measured diagonally from corner to corner</li>","shelfDescription":"<li>18.5\" diagonal screen size<li>HDMI Inputs: 1","mfgNo":"RBELCFT194","modelNum":"RBELCFT194","dimensionX":12.13,"dimensionY":17.95,"dimensionZ":3.07,"platform":null,"supplierWarranty":"90 Day Limited Warranty","warrantyLength":null,"assembledCountryOfOrigin":"Imported","componentsCountryOfOrigin":"Imported","accessoriesIncluded":null,"accessoriesNotIncluded":null,"ageRange":null,"gender":null,"rating":null,"attributeValue1":null,"attributeValue2":null,"attributeValue3":null,"attributeName1":null,"attributeName2":null,"attributeName3":null,"brandName":"Element","manufacturerName":"Element Electronics","alternateViews":"8","imageId":-9223372036854775808,"addlWarnMsgA":null,"addlWarnMsgB":null,"altWarnMsg":"N","panZoomId":2,"hasMatureContent":false,"attributeType1":null,"attributeUISetting1":null,"attributeRanking1":1,"attributeType2":null,"attributeUISetting2":null,"attributeRanking2":1,"attributeType3":null,"attributeUISetting3":null,"attributeRanking3":1,"attribute1_order":3,"attribute2_order":3,"attribute3_order":3,"partnerId":-1,"originalBaseUPC":"0082739651906","variantAttrData":null,"logoImage":"http://i.walmartimages.com/i/icon/-9/22/33/72/03/-9223372036854775808_100X60.gif","attributeData":[]},"alternateImageData":[{"imageSrc":"http://i.walmartimages.com/i/p/00/82/73/96/51/0082739651906_60X60.gif","lgImageSrc":"http://i.walmartimages.com/i/p/00/82/73/96/51/0082739651906_500X500.jpg","name":null},{"imageSrc":"http://i.walmartimages.com/i/p/00/82/73/96/51/0082739651906_AV_60X60.gif","lgImageSrc":"http://i.walmartimages.com/i/p/00/82/73/96/51/0082739651906_AV_500X500.jpg","name":null},{"imageSrc":"http://i.walmartimages.com/i/p/00/82/73/96/51/0082739651906_AV1_60X60.gif","lgImageSrc":"http://i.walmartimages.com/i/p/00/82/73/96/51/0082739651906_AV1_500X500.jpg","name":null},{"imageSrc":"http://i.walmartimages.com/i/p/00/82/73/96/51/0082739651906_AV2_60X60.gif","lgImageSrc":"http://i.walmartimages.com/i/p/00/82/73/96/51/0082739651906_AV2_500X500.jpg","name":null},{"imageSrc":"http://i.walmartimages.com/i/p/00/82/73/96/51/0082739651906_AV3_60X60.gif","lgImageSrc":"http://i.walmartimages.com/i/p/00/82/73/96/51/0082739651906_AV3_500X500.jpg","name":null},{"imageSrc":"http://i.walmartimages.com/i/p/00/82/73/96/51/0082739651906_AV4_60X60.gif","lgImageSrc":"http://i.walmartimages.com/i/p/00/82/73/96/51/0082739651906_AV4_500X500.jpg","name":null},{"imageSrc":"http://i.walmartimages.com/i/p/00/82/73/96/51/0082739651906_AV5_60X60.gif","lgImageSrc":"http://i.walmartimages.com/i/p/00/82/73/96/51/0082739651906_AV5_500X500.jpg","name":null},{"imageSrc":"http://i.walmartimages.com/i/p/00/82/73/96/51/0082739651906_AV6_60X60.gif","lgImageSrc":"http://i.walmartimages.com/i/p/00/82/73/96/51/0082739651906_AV6_500X500.jpg","name":null},{"imageSrc":"http://i.walmartimages.com/i/p/00/82/73/96/51/0082739651906_AV7_60X60.gif","lgImageSrc":"http://i.walmartimages.com/i/p/00/82/73/96/51/0082739651906_AV7_500X500.jpg","name":null}],"id":20593820,"comparable":true,"upc":"0082739651906","customerRatingUrl":null,"partnerId":-1,"itemAttributes":[{"itemID":20593820,"groupName":"Additional Specifications","groupDisplayOrder":34,"contentProviderId":2,"attributeName":"Brightness","attributeDisplayOrder":36,"attributeValue":"200 cd/m2","glossaryId":0,"attrDisplayName":"Brightness"},{"itemID":20593820,"groupName":"Additional Specifications","groupDisplayOrder":34,"contentProviderId":2,"attributeName":"Contrast Ratio","attributeDisplayOrder":37,"attributeValue":"600:1","glossaryId":0,"attrDisplayName":"Contrast Ratio"},{"itemID":20593820,"groupName":"Additional Specifications","groupDisplayOrder":34,"contentProviderId":2,"attributeName":"Remote Included","attributeDisplayOrder":40,"attributeValue":"Yes","glossaryId":0,"attrDisplayName":"Remote Included"},{"itemID":20593820,"groupName":"Additional Specifications","groupDisplayOrder":34,"contentProviderId":2,"attributeName":"Resolution","attributeDisplayOrder":41,"attributeValue":"720p (HDTV)","glossaryId":0,"attrDisplayName":"Resolution"},{"itemID":20593820,"groupName":"Additional Specifications","groupDisplayOrder":34,"contentProviderId":2,"attributeName":"Response Time","attributeDisplayOrder":42,"attributeValue":"5 ms","glossaryId":0,"attrDisplayName":"Response Time"},{"itemID":20593820,"groupName":"Additional Specifications","groupDisplayOrder":34,"contentProviderId":2,"attributeName":"Tv Definition","attributeDisplayOrder":44,"attributeValue":"HDTV","glossaryId":0,"attrDisplayName":"Tv Definition"},{"itemID":20593820,"groupName":"Additional Specifications","groupDisplayOrder":34,"contentProviderId":2,"attributeName":"Tv Technology","attributeDisplayOrder":45,"attributeValue":"LCD","glossaryId":0,"attrDisplayName":"Tv Technology"},{"itemID":20593820,"groupName":"Additional Specifications","groupDisplayOrder":34,"contentProviderId":2,"attributeName":"Primary Color","attributeDisplayOrder":171,"attributeValue":"Black","glossaryId":0,"attrDisplayName":"Primary Color"},{"itemID":20593820,"groupName":"Additional Specifications","groupDisplayOrder":34,"contentProviderId":2,"attributeName":"Multi Pack Indicator","attributeDisplayOrder":180,"attributeValue":"No","glossaryId":0,"attrDisplayName":"Multi Pack Indicator"},{"itemID":20593820,"groupName":"Additional Specifications","groupDisplayOrder":34,"contentProviderId":2,"attributeName":"Battery Type","attributeDisplayOrder":184,"attributeValue":"Does Not Contain a Battery","glossaryId":0,"attrDisplayName":"Battery Type"}],"sellers":{"0":{"itemId":20593820,"sellerId":0,"sellerTypeId":1,"sellerName":"Walmart.com","currentItemPrice":89.98,"vendorItemNum":"RBELCFT194","weight":10.1,"wrapCode":0,"maximumItems":5,"baseItemPrice":94.54,"stockWaterMark":0,"displayStatus":1,"tagCode":0,"baseSuggPrice":129.98,"packingSlipCode":0,"minPrice":89.98,"maxPrice":89.98,"priceChangeCode":5,"productTaxCode":"PTG8","rebateAmount":-9.223372036854776E18,"rebateTargetURL":null,"shippingDimX":7.0,"shippingDimY":16.3,"shippingDimZ":20.8,"s2SE":true,"sellerItemFlags":null,"freeReturns":false,"shipAlone":false,"remapToItemId":-9223372036854775808,"remapAction":null,"promotionDiscount":-9.223372036854776E18,"promotionMessageType":"","minPromotionAmount":-9.223372036854776E18,"maxPromotionAmount":-9.223372036854776E18,"fedExEligible":true,"smallFormatEligible":true,"thresholdShippingEligible":false,"isS2SOnly":false,"tweTaxCode":"2042529","shippingTaxCode":"2038346","giftWrapTaxCode":"2038857","ppu":-9.223372036854776E18,"fromPPU":-9.223372036854776E18,"contributesToThreshold":false,"isPIPEligible":"Y","checksum":-1,"freeShipping":false,"itemEligibleForFedEx":true,"is97CentShipping":false,"hasRebateLink":false,"storePickupable":true,"submapCode":0,"97CentShipping":false,"shippingDimensionX":7.0,"shippingDimensionY":16.3,"shippingDimensionZ":20.8,"employeeDiscountable":true,"combinedThresholdEligible":false,"availableShippingOfferCodes":null,"isFreeShipping":false}},"ppueligible":false,"uom":null,"unitCount":"0","itemFlags":null,"originalBaseUpc":"0082739651906","imageThumbnailURL":"http://i.walmartimages.com/i/p/00/82/73/96/51/0082739651906_60X60.gif","electronicDelivery":false,"productImageUrl":"http://i.walmartimages.com/i/p/00/82/73/96/51/0082739651906_215X215.jpg","hazardMaterial":false,"media":false,"specialPricing":null,"rebate":false,"putEligible":false,"imagePostCardURL":"http://i.walmartimages.com/i/p/00/82/73/96/51/0082739651906_150X150.jpg"}]