[{"genericContent":{"itemId":16915239,"sourceId":2,"rank":1,"itemName":"Vizio 37\" Class LCD 1080p 60Hz  HDTV, E371VL, Home Theater System, 6ft HDMI Cable,TV Bundle","itemShortName":null,"shortDescription":"The VIZIO 37\" 1080p LCD HDTV delivers full-HD performance for incredible detail and striking 100,000:1 Dynamic Contrast Ratio for truly deep blacks and brighter whites. No matter your lighting arrangement, the VIZIO 37\" 1080p LCD HDTV always has the best picture possible thanks to built-in ambient light sensing technology that automatically adjusts backlight levels based on its surroundings. The result is a balanced flat-screen picture that will never appear washed out or too bright.<br />\n<strong>Note:</strong> You must have a source of HD programming in order to take full advantage of the VIZIO 37\" 1080p LCD HDTV. Contact your local cable or satellite TV service provider for details on how to upgrade. <p>","longDescription":"<strong>VIZIO 37\" 1080p LCD HDTV, E371VL:</strong><br />\n<dl>\n<li>16:9 LCD panel with 1920 x 1080 full-HD 60Hz performance</li>\n</dl>\n<br />\n\n<li>Wide 178-degree vertical and 178-degree horizontal angles See a clear picture from anywhere in the room</li>\n<br />\n\n<li>High brightness of 450 cd/m2 Place your VIZIO 37\" 1080p LCD HDTV anywhere</li>\n<br />\n\n<li>100,000:1 dynamic contrast ratio and 6.5-ms response ensures bright whites, rich blacks, vivid colors and less blurring during on-screen motion</li>\n<br />\n\n<li>37\" diagonal screen size</li>\n<dl></dl>","shelfDescription":"<li>37\" diagonal screen size</li>\n<li>HDMI inputs: 2</li>\n<li>Wall mountable with detachable base stand</li>\n<li>SRS TruVolume and SRS TruSurroundHD</li>","mfgNo":null,"modelNum":null,"dimensionX":-9.223372036854776E18,"dimensionY":-9.223372036854776E18,"dimensionZ":-9.223372036854776E18,"platform":null,"supplierWarranty":null,"warrantyLength":null,"assembledCountryOfOrigin":null,"componentsCountryOfOrigin":null,"accessoriesIncluded":null,"accessoriesNotIncluded":null,"ageRange":null,"gender":null,"rating":null,"attributeValue1":null,"attributeValue2":null,"attributeValue3":null,"attributeName1":null,"attributeName2":null,"attributeName3":null,"brandName":null,"manufacturerName":null,"alternateViews":null,"imageId":-9223372036854775808,"addlWarnMsgA":null,"addlWarnMsgB":null,"altWarnMsg":"N","panZoomId":2,"hasMatureContent":false,"attributeType1":null,"attributeUISetting1":null,"attributeRanking1":1,"attributeType2":null,"attributeUISetting2":null,"attributeRanking2":1,"attributeType3":null,"attributeUISetting3":null,"attributeRanking3":1,"attribute1_order":3,"attribute2_order":3,"attribute3_order":3,"partnerId":-1,"originalBaseUPC":"1113000951766","variantAttrData":null,"logoImage":"http://i.walmartimages.com/i/icon/-9/22/33/72/03/-9223372036854775808_100X60.gif","attributeData":[]},"alternateImageData":[],"id":16915239,"comparable":false,"upc":"1113000951766","customerRatingUrl":null,"partnerId":-1,"itemAttributes":[{"itemID":16915239,"groupName":"Additional Specifications","groupDisplayOrder":34,"contentProviderId":2,"attributeName":"Type","attributeDisplayOrder":38,"attributeValue":"LCD","glossaryId":0,"attrDisplayName":"Type"},{"itemID":16915239,"groupName":"Additional Specifications","groupDisplayOrder":34,"contentProviderId":2,"attributeName":"finer categorizations","attributeDisplayOrder":39,"attributeValue":"Flat Panel","glossaryId":0,"attrDisplayName":"finer categorizations"}],"sellers":{"0":{"itemId":16915239,"sellerId":0,"sellerTypeId":1,"sellerName":"Walmart.com","currentItemPrice":419.0,"vendorItemNum":null,"weight":82.65,"wrapCode":0,"maximumItems":5,"baseItemPrice":429.0,"stockWaterMark":0,"displayStatus":3,"tagCode":0,"baseSuggPrice":529.99,"packingSlipCode":0,"minPrice":419.0,"maxPrice":419.0,"priceChangeCode":5,"productTaxCode":null,"rebateAmount":-9.223372036854776E18,"rebateTargetURL":null,"shippingDimX":47.2,"shippingDimY":41.73,"shippingDimZ":38.6,"s2SE":false,"sellerItemFlags":null,"freeReturns":false,"shipAlone":false,"remapToItemId":-9223372036854775808,"remapAction":null,"promotionDiscount":-9.223372036854776E18,"promotionMessageType":"","minPromotionAmount":-9.223372036854776E18,"maxPromotionAmount":-9.223372036854776E18,"fedExEligible":false,"smallFormatEligible":false,"thresholdShippingEligible":false,"isS2SOnly":false,"tweTaxCode":null,"shippingTaxCode":"2038346","giftWrapTaxCode":"2038857","ppu":-9.223372036854776E18,"fromPPU":-9.223372036854776E18,"contributesToThreshold":false,"isPIPEligible":"Y","checksum":-1,"freeShipping":false,"itemEligibleForFedEx":false,"is97CentShipping":false,"hasRebateLink":false,"storePickupable":true,"submapCode":0,"97CentShipping":false,"shippingDimensionX":47.2,"shippingDimensionY":41.73,"shippingDimensionZ":38.6,"employeeDiscountable":true,"combinedThresholdEligible":false,"availableShippingOfferCodes":null,"isFreeShipping":false}},"ppueligible":false,"uom":null,"unitCount":"0","itemFlags":null,"originalBaseUpc":"1113000951766","imageThumbnailURL":"http://i.walmartimages.com/i/p/11/13/00/09/51/1113000951766_60X60.gif","electronicDelivery":false,"productImageUrl":"http://i.walmartimages.com/i/p/11/13/00/09/51/1113000951766_215X215.jpg","hazardMaterial":false,"media":false,"specialPricing":null,"rebate":false,"putEligible":false,"imagePostCardURL":"http://i.walmartimages.com/i/p/11/13/00/09/51/1113000951766_150X150.jpg"}]