[{"genericContent":{"itemId":20554018,"sourceId":3,"rank":1,"itemName":"Sony 40\" 1080p 60Hz  LCD HDTV, KDL-40BX450","itemShortName":null,"shortDescription":"Lay your eyes on the true beauty of full-HD clarity with the Sony 40\" LCD TV. From football games to TV shows, everything will look its best. With four HD inputs, you can connect your cable box, PS3, Blu-ray disc player and more. There's also a USB port for enjoying your camera's photos on the Sony 40\" television.<br><br><b>Note:</b> You must have a source of HD programming in order to take full advantage of the Sony 40\" LCD TV. Contact your local cable or satellite TV service provider for details on how to upgrade.","longDescription":"<br><b>Sony 40\" 1080p HDTV, KDL-40BX450:</b><ul><li>40\" LCD panel<br>With 1920 x 1080 full-HD resolution<li>True 16:9 aspect ratio<br>View your movies as the director intended<li>Built-in digital tuner<br>Watch digital broadcasts, including HDTV programs where available, on this Sony 40\" LCD TV<li>HDMI Inputs: 2<br>Enjoy a superior HD experience with the HDMI one-cable solution<li>40\" screen measured diagonally from corner to corner<li>Wall mountable<br>VESA standard 300mm x 300mm mounting holes<li>USB input<br>Connect a digital camera, MP3 player or USB storage device<li>Bravia Sync compatible<br>Operate and control other Bravia Sync compatible devices with 1 remote</ul>","shelfDescription":"<li>40\" diagonal screen size<li>HDMI Inputs: 2<li>Wall mountable<li>USB input","mfgNo":"KDL-40BX450","modelNum":"KDL-40BX450","dimensionX":9.13,"dimensionY":38.63,"dimensionZ":25.25,"platform":null,"supplierWarranty":"1 Year Limited Warranty","warrantyLength":null,"assembledCountryOfOrigin":"Imported","componentsCountryOfOrigin":"Imported","accessoriesIncluded":null,"accessoriesNotIncluded":null,"ageRange":null,"gender":null,"rating":null,"attributeValue1":null,"attributeValue2":null,"attributeValue3":null,"attributeName1":null,"attributeName2":null,"attributeName3":null,"brandName":"Sony","manufacturerName":"Sony","alternateViews":"4","imageId":-9223372036854775808,"addlWarnMsgA":null,"addlWarnMsgB":null,"altWarnMsg":"N","panZoomId":2,"hasMatureContent":false,"attributeType1":null,"attributeUISetting1":null,"attributeRanking1":1,"attributeType2":null,"attributeUISetting2":null,"attributeRanking2":1,"attributeType3":null,"attributeUISetting3":null,"attributeRanking3":1,"attribute1_order":3,"attribute2_order":3,"attribute3_order":3,"partnerId":-1,"originalBaseUPC":"0002724283859","variantAttrData":null,"logoImage":"http://i.walmartimages.com/i/icon/-9/22/33/72/03/-9223372036854775808_100X60.gif","attributeData":[]},"alternateImageData":[{"imageSrc":"http://i.walmartimages.com/i/p/00/02/72/42/83/0002724283859_60X60.gif","lgImageSrc":"http://i.walmartimages.com/i/p/00/02/72/42/83/0002724283859_500X500.jpg","name":null},{"imageSrc":"http://i.walmartimages.com/i/p/00/02/72/42/83/0002724283859_AV_60X60.gif","lgImageSrc":"http://i.walmartimages.com/i/p/00/02/72/42/83/0002724283859_AV_500X500.jpg","name":null},{"imageSrc":"http://i.walmartimages.com/i/p/00/02/72/42/83/0002724283859_AV1_60X60.gif","lgImageSrc":"http://i.walmartimages.com/i/p/00/02/72/42/83/0002724283859_AV1_500X500.jpg","name":null},{"imageSrc":"http://i.walmartimages.com/i/p/00/02/72/42/83/0002724283859_AV2_60X60.gif","lgImageSrc":"http://i.walmartimages.com/i/p/00/02/72/42/83/0002724283859_AV2_500X500.jpg","name":null},{"imageSrc":"http://i.walmartimages.com/i/p/00/02/72/42/83/0002724283859_AV3_60X60.gif","lgImageSrc":"http://i.walmartimages.com/i/p/00/02/72/42/83/0002724283859_AV3_500X500.jpg","name":null}],"id":20554018,"comparable":true,"upc":"0002724283859","customerRatingUrl":"http://www.walmart.com/i/CustRating/4_3.gif","partnerId":-1,"itemAttributes":[{"itemID":20554018,"groupName":"Display","groupDisplayOrder":1,"contentProviderId":3,"attributeName":"Image Aspect Ratio","attributeDisplayOrder":1,"attributeValue":"16:9","glossaryId":0,"attrDisplayName":"Image Aspect Ratio"},{"itemID":20554018,"groupName":"Display","groupDisplayOrder":1,"contentProviderId":3,"attributeName":"Widescreen Modes","attributeDisplayOrder":3,"attributeValue":"Conventional 4:3, Auto Wide, Full, Wide Zoom, Zoom, Normal","glossaryId":0,"attrDisplayName":"Widescreen Modes"},{"itemID":20554018,"groupName":"Display","groupDisplayOrder":1,"contentProviderId":3,"attributeName":"Display Menu Language","attributeDisplayOrder":4,"attributeValue":"English, French, Spanish","glossaryId":0,"attrDisplayName":"Display Menu Language"},{"itemID":20554018,"groupName":"Display","groupDisplayOrder":1,"contentProviderId":3,"attributeName":"Comb Filter","attributeDisplayOrder":5,"attributeValue":"3D digital","glossaryId":0,"attrDisplayName":"Comb Filter"},{"itemID":20554018,"groupName":"Display","groupDisplayOrder":1,"contentProviderId":3,"attributeName":"Color Temperature Control","attributeDisplayOrder":6,"attributeValue":"Yes (Warm1/Warm2/Neutral/Cool)","glossaryId":0,"attrDisplayName":"Color Temperature Control"},{"itemID":20554018,"groupName":"Display","groupDisplayOrder":1,"contentProviderId":3,"attributeName":"Additional Features","attributeDisplayOrder":7,"attributeValue":"Auto power off, parental control, on-screen menu, 3:2 pull down compensation, Advanced Contrast Enhancer circuit (ACE), Live Colour, dynamic backlight, channel labeling, picture frame mode, BRAVIA Sync Function, Digital Noise Reduction (DNR), MPEG Noise Reduction, backlight off mode, infobanner, picture adjustments lock, Start Up Sony Logo Display, progressive scan","glossaryId":0,"attrDisplayName":"Additional Features"},{"itemID":20554018,"groupName":"Display","groupDisplayOrder":1,"contentProviderId":3,"attributeName":"Display Format","attributeDisplayOrder":11,"attributeValue":"1080p (FullHD)","glossaryId":0,"attrDisplayName":"Display Format"},{"itemID":20554018,"groupName":"Display","groupDisplayOrder":1,"contentProviderId":3,"attributeName":"Resolution","attributeDisplayOrder":12,"attributeValue":"1920 x 1080","glossaryId":0,"attrDisplayName":"Resolution"},{"itemID":20554018,"groupName":"Display","groupDisplayOrder":1,"contentProviderId":3,"attributeName":"Viewing Angle","attributeDisplayOrder":13,"attributeValue":"178 degrees","glossaryId":0,"attrDisplayName":"Viewing Angle"},{"itemID":20554018,"groupName":"Display","groupDisplayOrder":1,"contentProviderId":3,"attributeName":"Viewing Angle (Vertical)","attributeDisplayOrder":14,"attributeValue":"178 degrees","glossaryId":0,"attrDisplayName":"Viewing Angle (Vertical)"},{"itemID":20554018,"groupName":"Display","groupDisplayOrder":1,"contentProviderId":3,"attributeName":"Picture Adjustment","attributeDisplayOrder":16,"attributeValue":"Vivid/Standard/Cinema/Custom/Photo/Sports/Game/Graphics","glossaryId":0,"attrDisplayName":"Picture Adjustment"},{"itemID":20554018,"groupName":"TV Tuner","groupDisplayOrder":2,"contentProviderId":3,"attributeName":"Reception System","attributeDisplayOrder":2,"attributeValue":"NTSC-M","glossaryId":0,"attrDisplayName":"Reception System"},{"itemID":20554018,"groupName":"TV Tuner","groupDisplayOrder":2,"contentProviderId":3,"attributeName":"Stereo Reception System","attributeDisplayOrder":3,"attributeValue":"MTS","glossaryId":0,"attrDisplayName":"Stereo Reception System"},{"itemID":20554018,"groupName":"TV Tuner","groupDisplayOrder":2,"contentProviderId":3,"attributeName":"Channel Coverage","attributeDisplayOrder":4,"attributeValue":"VHF:2-13, UHF:14-69, Cable:1-135","glossaryId":0,"attrDisplayName":"Channel Coverage"},{"itemID":20554018,"groupName":"TV Tuner","groupDisplayOrder":2,"contentProviderId":3,"attributeName":"Multi-channel Preview","attributeDisplayOrder":5,"attributeValue":"Picture-and-picture (PAP), picture-in-picture (PIP)","glossaryId":0,"attrDisplayName":"Multi-channel Preview"},{"itemID":20554018,"groupName":"TV Tuner","groupDisplayOrder":2,"contentProviderId":3,"attributeName":"Secondary Audio Program (SAP)","attributeDisplayOrder":6,"attributeValue":"Yes","glossaryId":0,"attrDisplayName":"Secondary Audio Program (SAP)"},{"itemID":20554018,"groupName":"TV Tuner","groupDisplayOrder":2,"contentProviderId":3,"attributeName":"Analog TV Tuner","attributeDisplayOrder":8,"attributeValue":"NTSC","glossaryId":0,"attrDisplayName":"Analog TV Tuner"},{"itemID":20554018,"groupName":"Video Features","groupDisplayOrder":3,"contentProviderId":3,"attributeName":"Analog Video Input Signals","attributeDisplayOrder":2,"attributeValue":"NTSC 3.58","glossaryId":0,"attrDisplayName":"Analog Video Input Signals"},{"itemID":20554018,"groupName":"Video Features","groupDisplayOrder":3,"contentProviderId":3,"attributeName":"Closed Caption Capability","attributeDisplayOrder":3,"attributeValue":"Yes","glossaryId":0,"attrDisplayName":"Closed Caption Capability"},{"itemID":20554018,"groupName":"Video Features","groupDisplayOrder":3,"contentProviderId":3,"attributeName":"Input Video Formats","attributeDisplayOrder":4,"attributeValue":"1080/24p, 1080/60i, 480/60p, 720/60p, 1080/60p, 480/60i","glossaryId":0,"attrDisplayName":"Input Video Formats"},{"itemID":20554018,"groupName":"Video Features","groupDisplayOrder":3,"contentProviderId":3,"attributeName":"Parental Channel Lock","attributeDisplayOrder":6,"attributeValue":"Yes","glossaryId":0,"attrDisplayName":"Parental Channel Lock"},{"itemID":20554018,"groupName":"Remote Control","groupDisplayOrder":4,"contentProviderId":3,"attributeName":"Type","attributeDisplayOrder":1,"attributeValue":"Remote control","glossaryId":0,"attrDisplayName":"Type"},{"itemID":20554018,"groupName":"Remote Control","groupDisplayOrder":4,"contentProviderId":3,"attributeName":"Features","attributeDisplayOrder":3,"attributeValue":"Scene Select","glossaryId":0,"attrDisplayName":"Features"},{"itemID":20554018,"groupName":"Audio System","groupDisplayOrder":5,"contentProviderId":3,"attributeName":"Sound Output Mode","attributeDisplayOrder":1,"attributeValue":"Stereo","glossaryId":0,"attrDisplayName":"Sound Output Mode"},{"itemID":20554018,"groupName":"Audio System","groupDisplayOrder":5,"contentProviderId":3,"attributeName":"Surround Mode","attributeDisplayOrder":2,"attributeValue":"Yes","glossaryId":0,"attrDisplayName":"Surround Mode"},{"itemID":20554018,"groupName":"Audio System","groupDisplayOrder":5,"contentProviderId":3,"attributeName":"Sound Effects","attributeDisplayOrder":3,"attributeValue":"Bass Boost","glossaryId":0,"attrDisplayName":"Sound Effects"},{"itemID":20554018,"groupName":"Audio System","groupDisplayOrder":5,"contentProviderId":3,"attributeName":"Audio Controls","attributeDisplayOrder":4,"attributeValue":"Sound mode","glossaryId":0,"attrDisplayName":"Audio Controls"},{"itemID":20554018,"groupName":"Audio System","groupDisplayOrder":5,"contentProviderId":3,"attributeName":"Output Power / Total","attributeDisplayOrder":6,"attributeValue":"12 Watt","glossaryId":0,"attrDisplayName":"Output Power / Total"},{"itemID":20554018,"groupName":"Audio System","groupDisplayOrder":5,"contentProviderId":3,"attributeName":"Additional Features","attributeDisplayOrder":7,"attributeValue":"SteadySound auto volume, Invisible Speaker System, Alternate Audio","glossaryId":0,"attrDisplayName":"Additional Features"},{"itemID":20554018,"groupName":"Audio System","groupDisplayOrder":5,"contentProviderId":3,"attributeName":"Speaker(s)","attributeDisplayOrder":8,"attributeValue":"2 x right/left channel speaker - built-in - 6 Watt","glossaryId":0,"attrDisplayName":"Speaker(s)"},{"itemID":20554018,"groupName":"Audio System","groupDisplayOrder":5,"contentProviderId":3,"attributeName":"Equalizer","attributeDisplayOrder":9,"attributeValue":"Yes","glossaryId":0,"attrDisplayName":"Equalizer"},{"itemID":20554018,"groupName":"Audio System","groupDisplayOrder":5,"contentProviderId":3,"attributeName":"Driver Details","attributeDisplayOrder":16,"attributeValue":"Right/left channel speaker : 2 x full-range driver - 1 5/8\" x 4\"","glossaryId":0,"attrDisplayName":"Driver Details"},{"itemID":20554018,"groupName":"Connections","groupDisplayOrder":6,"contentProviderId":3,"attributeName":"Connector Type","attributeDisplayOrder":1,"attributeValue":"1 x audio line-in ( RCA phono x 2 ) - rear ¦ 1 x audio line-out - side ¦ 1 x composite video / component video input ( RCA phono x 3 ) - rear ¦ 1 x digital audio output (optical) ( TOSLINK ) - rear ¦ 1 x VGA input ( 15 pin HD D-Sub (HD-15) ) - rear ¦ 1 x audio line-in ( mini-phone stereo 3.5 mm ) - rear ¦ 1 x HDMI ( 19 pin HDMI Type A ) - rear ¦ 1 x HDMI ( 19 pin HDMI Type A ) - side ¦ 1 x USB 2.0 ( 4 pin USB Type A ) - side","glossaryId":0,"attrDisplayName":"Connector Type"},{"itemID":20554018,"groupName":"Power","groupDisplayOrder":7,"contentProviderId":3,"attributeName":"Power Device","attributeDisplayOrder":1,"attributeValue":"Power supply - internal","glossaryId":0,"attrDisplayName":"Power Device"},{"itemID":20554018,"groupName":"Power","groupDisplayOrder":7,"contentProviderId":3,"attributeName":"Power Consumption Stand by / Sleep","attributeDisplayOrder":3,"attributeValue":"0.2 Watt","glossaryId":0,"attrDisplayName":"Power Consumption Stand by / Sleep"},{"itemID":20554018,"groupName":"General","groupDisplayOrder":9,"contentProviderId":3,"attributeName":"Product Type","attributeDisplayOrder":1,"attributeValue":"LCD TV","glossaryId":0,"attrDisplayName":"Product Type"},{"itemID":20554018,"groupName":"General","groupDisplayOrder":9,"contentProviderId":3,"attributeName":"TV Tuner","attributeDisplayOrder":2,"attributeValue":"1x analog/digital combo","glossaryId":0,"attrDisplayName":"TV Tuner"},{"itemID":20554018,"groupName":"General","groupDisplayOrder":9,"contentProviderId":3,"attributeName":"PC Interface","attributeDisplayOrder":3,"attributeValue":"VGA (HD-15)","glossaryId":0,"attrDisplayName":"PC Interface"},{"itemID":20554018,"groupName":"General","groupDisplayOrder":9,"contentProviderId":3,"attributeName":"Width","attributeDisplayOrder":4,"attributeValue":"38.6 in","glossaryId":0,"attrDisplayName":"Width"},{"itemID":20554018,"groupName":"General","groupDisplayOrder":9,"contentProviderId":3,"attributeName":"Depth","attributeDisplayOrder":5,"attributeValue":"3.7 in","glossaryId":0,"attrDisplayName":"Depth"},{"itemID":20554018,"groupName":"General","groupDisplayOrder":9,"contentProviderId":3,"attributeName":"Height","attributeDisplayOrder":6,"attributeValue":"23.7 in","glossaryId":0,"attrDisplayName":"Height"},{"itemID":20554018,"groupName":"General","groupDisplayOrder":9,"contentProviderId":3,"attributeName":"Weight","attributeDisplayOrder":7,"attributeValue":"28.2 lbs","glossaryId":0,"attrDisplayName":"Weight"},{"itemID":20554018,"groupName":"General","groupDisplayOrder":9,"contentProviderId":3,"attributeName":"Series","attributeDisplayOrder":8,"attributeValue":"BRAVIA BX450 Series","glossaryId":0,"attrDisplayName":"Series"},{"itemID":20554018,"groupName":"General","groupDisplayOrder":9,"contentProviderId":3,"attributeName":"Enclosure Color","attributeDisplayOrder":11,"attributeValue":"Black","glossaryId":0,"attrDisplayName":"Enclosure Color"},{"itemID":20554018,"groupName":"General","groupDisplayOrder":9,"contentProviderId":3,"attributeName":"HDCP Compatible","attributeDisplayOrder":13,"attributeValue":"Yes","glossaryId":0,"attrDisplayName":"HDCP Compatible"},{"itemID":20554018,"groupName":"General","groupDisplayOrder":9,"contentProviderId":3,"attributeName":"Country Kits","attributeDisplayOrder":14,"attributeValue":"United States","glossaryId":0,"attrDisplayName":"Country Kits"},{"itemID":20554018,"groupName":"Dimensions & Weight Details","groupDisplayOrder":20,"contentProviderId":3,"attributeName":"Dimensions & Weight Details","attributeDisplayOrder":1,"attributeValue":"Panel without stand - 38.6 in x 3.7 in x 23.7 in x 28.2 lbs ¦ Panel with stand - 38.6 in x 9.1 in x 25.2 in x 30.4 lbs","glossaryId":0,"attrDisplayName":"Dimensions & Weight Details"},{"itemID":20554018,"groupName":"Digital TV Tuner","groupDisplayOrder":32,"contentProviderId":3,"attributeName":"Digital TV Tuner","attributeDisplayOrder":1,"attributeValue":"ATSC, QAM","glossaryId":0,"attrDisplayName":"Digital TV Tuner"}],"sellers":{"0":{"itemId":20554018,"sellerId":0,"sellerTypeId":1,"sellerName":"Walmart.com","currentItemPrice":498.0,"vendorItemNum":"KDL-40BX450","weight":37.48,"wrapCode":0,"maximumItems":5,"baseItemPrice":599.99,"stockWaterMark":1,"displayStatus":3,"tagCode":0,"baseSuggPrice":0.0,"packingSlipCode":0,"minPrice":498.0,"maxPrice":498.0,"priceChangeCode":0,"productTaxCode":"PTG9","rebateAmount":-9.223372036854776E18,"rebateTargetURL":null,"shippingDimX":27.09,"shippingDimY":47.09,"shippingDimZ":7.24,"s2SE":true,"sellerItemFlags":null,"freeReturns":false,"shipAlone":false,"remapToItemId":-9223372036854775808,"remapAction":null,"promotionDiscount":-9.223372036854776E18,"promotionMessageType":"","minPromotionAmount":-9.223372036854776E18,"maxPromotionAmount":-9.223372036854776E18,"fedExEligible":false,"smallFormatEligible":false,"thresholdShippingEligible":false,"isS2SOnly":false,"tweTaxCode":"2042530","shippingTaxCode":"2038346","giftWrapTaxCode":"2038857","ppu":-9.223372036854776E18,"fromPPU":-9.223372036854776E18,"contributesToThreshold":false,"isPIPEligible":"Y","checksum":-1,"freeShipping":false,"itemEligibleForFedEx":false,"is97CentShipping":false,"hasRebateLink":false,"storePickupable":true,"submapCode":0,"97CentShipping":false,"shippingDimensionX":27.09,"shippingDimensionY":47.09,"shippingDimensionZ":7.24,"employeeDiscountable":true,"combinedThresholdEligible":false,"availableShippingOfferCodes":null,"isFreeShipping":false}},"ppueligible":false,"uom":null,"unitCount":"0","itemFlags":null,"originalBaseUpc":"0002724283859","imageThumbnailURL":"http://i.walmartimages.com/i/p/00/02/72/42/83/0002724283859_60X60.gif","electronicDelivery":false,"productImageUrl":"http://i.walmartimages.com/i/p/00/02/72/42/83/0002724283859_215X215.jpg","hazardMaterial":false,"media":false,"specialPricing":null,"rebate":false,"putEligible":true,"imagePostCardURL":"http://i.walmartimages.com/i/p/00/02/72/42/83/0002724283859_150X150.jpg"}]