[{"genericContent":{"itemId":16775704,"sourceId":2,"rank":1,"itemName":"Viore 24\" Class LCD 1080p 60Hz HDTV, LC24VF60CN","itemShortName":null,"shortDescription":"<p>The Viore LC24VF60CN 24-Inch Class LCD 1080p 60Hz HDTV features a brilliant 1080p full high definition picture with clear sound. With its wireless dongle, you have easy access to the internet, including apps, so you can enjoy videos, sports, games and social networking or stream movies and television shows from Netflix or VUDU. The 1080p HD LCD TV provides a 10,000:1 dynamic contrast ratio with 1920 x 1080 full HD resolution for a superb viewing experience. Designed for a clear picture that can be viewed from anywhere in the room, the screen offers a 170-degree vertical angle and a 160-degree horizontal angle. The Viore 60Hz HDTV has a 24-inch screen and built-in digital tuner.</p>","longDescription":"<strong>Viore LC24VF60CN 24\" Class LCD 1080p 60Hz HDTV:</strong><li>16:9 LCD panel - With a 1920 x 1080 Full HD resolution</li><li>24\" class screen size - 23.6\" screen measured diagonally from corner to corner</li><li>Wide 170-degree vertical and 160-degree horizontal angles - See a clear picture from anywhere in the room</li><li>Built-in digital tuner - Watch digital broadcasts, including HDTV programs where available</li><li>High brightness of 300cd/m2 with 6 ms response time - Place your TV anywhere</li><li>10,000:1 dynamic contrast ratio</li><li>HDMI Inputs: 1 - Enjoy a superior HD experience with HDMI one cable solution</li><li>Wi-Fi 802.11n dongle - Stream from Netflix or VUDU wirelessly</li>","shelfDescription":"<li>23.6\" diagonal screen size<li>HDMI Inputs: 1<li>Not wall mountable<li>Wi-Fi 802.11n dongle","mfgNo":"LC24VF60CN","modelNum":"LC24VF60CN","dimensionX":17.4,"dimensionY":22.9,"dimensionZ":7.9,"platform":null,"supplierWarranty":"1 Year Limited Warranty","warrantyLength":null,"assembledCountryOfOrigin":"USA or Imported","componentsCountryOfOrigin":"USA or Imported","accessoriesIncluded":null,"accessoriesNotIncluded":null,"ageRange":null,"gender":null,"rating":null,"attributeValue1":null,"attributeValue2":null,"attributeValue3":null,"attributeName1":null,"attributeName2":null,"attributeName3":null,"brandName":"Viore","manufacturerName":"Viore","alternateViews":"1","imageId":-9223372036854775808,"addlWarnMsgA":null,"addlWarnMsgB":null,"altWarnMsg":"N","panZoomId":2,"hasMatureContent":false,"attributeType1":null,"attributeUISetting1":null,"attributeRanking1":1,"attributeType2":null,"attributeUISetting2":null,"attributeRanking2":1,"attributeType3":null,"attributeUISetting3":null,"attributeRanking3":1,"attribute1_order":3,"attribute2_order":3,"attribute3_order":3,"partnerId":-1,"originalBaseUPC":"0082739651590","variantAttrData":null,"logoImage":"http://i.walmartimages.com/i/icon/-9/22/33/72/03/-9223372036854775808_100X60.gif","attributeData":[]},"alternateImageData":[{"imageSrc":"http://i.walmartimages.com/i/p/00/82/73/96/51/0082739651590_60X60.gif","lgImageSrc":"http://i.walmartimages.com/i/p/00/82/73/96/51/0082739651590_500X500.jpg","name":null},{"imageSrc":"http://i.walmartimages.com/i/p/00/82/73/96/51/0082739651590_AV_60X60.gif","lgImageSrc":"http://i.walmartimages.com/i/p/00/82/73/96/51/0082739651590_AV_500X500.jpg","name":null}],"id":16775704,"comparable":true,"upc":"0082739651590","customerRatingUrl":null,"partnerId":-1,"itemAttributes":[{"itemID":16775704,"groupName":"Additional Specifications","groupDisplayOrder":34,"contentProviderId":2,"attributeName":"Brightness","attributeDisplayOrder":36,"attributeValue":"300 cd/m2","glossaryId":0,"attrDisplayName":"Brightness"},{"itemID":16775704,"groupName":"Additional Specifications","groupDisplayOrder":34,"contentProviderId":2,"attributeName":"Contrast Ratio","attributeDisplayOrder":37,"attributeValue":"10,000:1","glossaryId":0,"attrDisplayName":"Contrast Ratio"},{"itemID":16775704,"groupName":"Additional Specifications","groupDisplayOrder":34,"contentProviderId":2,"attributeName":"Remote Included","attributeDisplayOrder":40,"attributeValue":"Yes","glossaryId":0,"attrDisplayName":"Remote Included"},{"itemID":16775704,"groupName":"Additional Specifications","groupDisplayOrder":34,"contentProviderId":2,"attributeName":"Resolution","attributeDisplayOrder":41,"attributeValue":"1080p (HDTV)","glossaryId":0,"attrDisplayName":"Resolution"},{"itemID":16775704,"groupName":"Additional Specifications","groupDisplayOrder":34,"contentProviderId":2,"attributeName":"Response Time","attributeDisplayOrder":42,"attributeValue":"6ms","glossaryId":0,"attrDisplayName":"Response Time"},{"itemID":16775704,"groupName":"Additional Specifications","groupDisplayOrder":34,"contentProviderId":2,"attributeName":"Tv Definition","attributeDisplayOrder":44,"attributeValue":"HDTV","glossaryId":0,"attrDisplayName":"Tv Definition"},{"itemID":16775704,"groupName":"Additional Specifications","groupDisplayOrder":34,"contentProviderId":2,"attributeName":"Tv Technology","attributeDisplayOrder":45,"attributeValue":"LCD,Internet Connected","glossaryId":0,"attrDisplayName":"Tv Technology"},{"itemID":16775704,"groupName":"Additional Specifications","groupDisplayOrder":34,"contentProviderId":2,"attributeName":"Primary Color","attributeDisplayOrder":171,"attributeValue":"Black","glossaryId":0,"attrDisplayName":"Primary Color"},{"itemID":16775704,"groupName":"Additional Specifications","groupDisplayOrder":34,"contentProviderId":2,"attributeName":"Multi Pack Indicator","attributeDisplayOrder":180,"attributeValue":"No","glossaryId":0,"attrDisplayName":"Multi Pack Indicator"},{"itemID":16775704,"groupName":"Additional Specifications","groupDisplayOrder":34,"contentProviderId":2,"attributeName":"Battery Type","attributeDisplayOrder":184,"attributeValue":"Does Not Contain a Battery","glossaryId":0,"attrDisplayName":"Battery Type"}],"sellers":{"0":{"itemId":16775704,"sellerId":0,"sellerTypeId":1,"sellerName":"Walmart.com","currentItemPrice":189.0,"vendorItemNum":"LC24VF60CN","weight":21.1,"wrapCode":0,"maximumItems":5,"baseItemPrice":179.98,"stockWaterMark":0,"displayStatus":1,"tagCode":0,"baseSuggPrice":329.98,"packingSlipCode":0,"minPrice":189.0,"maxPrice":189.0,"priceChangeCode":8,"productTaxCode":"PTG8","rebateAmount":-9.223372036854776E18,"rebateTargetURL":null,"shippingDimX":20.1,"shippingDimY":26.0,"shippingDimZ":6.7,"s2SE":true,"sellerItemFlags":null,"freeReturns":false,"shipAlone":false,"remapToItemId":-9223372036854775808,"remapAction":null,"promotionDiscount":-9.223372036854776E18,"promotionMessageType":"","minPromotionAmount":-9.223372036854776E18,"maxPromotionAmount":-9.223372036854776E18,"fedExEligible":true,"smallFormatEligible":true,"thresholdShippingEligible":false,"isS2SOnly":false,"tweTaxCode":"2042529","shippingTaxCode":"2038346","giftWrapTaxCode":"2038857","ppu":-9.223372036854776E18,"fromPPU":-9.223372036854776E18,"contributesToThreshold":false,"isPIPEligible":"Y","checksum":-1,"freeShipping":false,"itemEligibleForFedEx":true,"is97CentShipping":false,"hasRebateLink":false,"storePickupable":true,"submapCode":0,"97CentShipping":false,"shippingDimensionX":20.1,"shippingDimensionY":26.0,"shippingDimensionZ":6.7,"employeeDiscountable":true,"combinedThresholdEligible":false,"availableShippingOfferCodes":null,"isFreeShipping":false}},"ppueligible":false,"uom":null,"unitCount":"0","itemFlags":"1,","originalBaseUpc":"0082739651590","imageThumbnailURL":"http://i.walmartimages.com/i/p/00/82/73/96/51/0082739651590_60X60.gif","electronicDelivery":false,"productImageUrl":"http://i.walmartimages.com/i/p/00/82/73/96/51/0082739651590_215X215.jpg","hazardMaterial":false,"media":false,"specialPricing":null,"rebate":false,"putEligible":false,"imagePostCardURL":"http://i.walmartimages.com/i/p/00/82/73/96/51/0082739651590_150X150.jpg"}]