[{"genericContent":{"itemId":20655848,"sourceId":2,"rank":1,"itemName":"Proscan 19\" Class LED 720p 60Hz HDTV, (1.85\" ultra-slim)PLED1960A","itemShortName":null,"shortDescription":"<p>The Proscan 19\" Class LED 720p 60Hz HDTV provides amazing detail with 720p HD resolution. Its high contrast ratio, full brightness, and a fast response time produce a great picture for your movies, TV shows and games. You can have a clear view of the picture seated anywhere in the room as its wide viewing angles help to avoid glares. Featuring true 16:9 aspect ratio, this wall-mounted HDTV allows video presentation in an international standard HDTV format that is supported by DVDs to help you enjoy movies to the fullest. This ultra-slim HDTV features a built-in digital tuner that lets you conveniently watch your favorite HDTV programs and digital broadcasts. </p>","longDescription":"<strong>Proscan 19\" Class LED 720p 60Hz Wall-Mounted HDTV with Digital Tuner:</strong><li>19\" LED panel - With a 1366 x 768 resolution</li><li>True 16:9 aspect ratio - View your movies as the director intended</li><li>Wide 178-degree vertical and 178-degree horizontal angles</li><li>See a clear picture from anywhere in the room</li><li>Built-in digital tuner - Watch digital broadcasts, including HDTV programs where available</li><li>High brightness of 250cd/m2 with 8 ms response time - Place your TV anywhere</li><li>1,000:1 contrast ratio</li><li>HDMI Inputs: 1 - Enjoy a superior HD experience with HDMI, the one-cable audio/video solution</li><li>19\" screen measured diagonally from corner to corner</li><li>Wall mountable</li>","shelfDescription":"<li>19\" diagonal screen size<li>HDMI Inputs: 1<li>Wall mountable","mfgNo":"PLED1960A","modelNum":"PLED1960A","dimensionX":14.0,"dimensionY":19.1,"dimensionZ":3.75,"platform":null,"supplierWarranty":"1 Year Limited Warranty","warrantyLength":null,"assembledCountryOfOrigin":"Imported","componentsCountryOfOrigin":"Imported","accessoriesIncluded":null,"accessoriesNotIncluded":null,"ageRange":null,"gender":null,"rating":null,"attributeValue1":null,"attributeValue2":null,"attributeValue3":null,"attributeName1":null,"attributeName2":null,"attributeName3":null,"brandName":"ProScan","manufacturerName":"CURTIS INTERNATIONAL LTD.","alternateViews":null,"imageId":-9223372036854775808,"addlWarnMsgA":null,"addlWarnMsgB":null,"altWarnMsg":"N","panZoomId":2,"hasMatureContent":false,"attributeType1":null,"attributeUISetting1":null,"attributeRanking1":1,"attributeType2":null,"attributeUISetting2":null,"attributeRanking2":1,"attributeType3":null,"attributeUISetting3":null,"attributeRanking3":1,"attribute1_order":3,"attribute2_order":3,"attribute3_order":3,"partnerId":-1,"originalBaseUPC":"0005846577898","variantAttrData":null,"logoImage":"http://i.walmartimages.com/i/icon/-9/22/33/72/03/-9223372036854775808_100X60.gif","attributeData":[]},"alternateImageData":[],"id":20655848,"comparable":true,"upc":"0005846577898","customerRatingUrl":"http://www.walmart.com/i/CustRating/3_8.gif","partnerId":-1,"itemAttributes":[{"itemID":20655848,"groupName":"Additional Specifications","groupDisplayOrder":34,"contentProviderId":2,"attributeName":"Brightness","attributeDisplayOrder":36,"attributeValue":"250cd/m2","glossaryId":0,"attrDisplayName":"Brightness"},{"itemID":20655848,"groupName":"Additional Specifications","groupDisplayOrder":34,"contentProviderId":2,"attributeName":"Contrast Ratio","attributeDisplayOrder":37,"attributeValue":"1,000:1","glossaryId":0,"attrDisplayName":"Contrast Ratio"},{"itemID":20655848,"groupName":"Additional Specifications","groupDisplayOrder":34,"contentProviderId":2,"attributeName":"Remote Included","attributeDisplayOrder":40,"attributeValue":"Yes","glossaryId":0,"attrDisplayName":"Remote Included"},{"itemID":20655848,"groupName":"Additional Specifications","groupDisplayOrder":34,"contentProviderId":2,"attributeName":"Resolution","attributeDisplayOrder":41,"attributeValue":"720p (HDTV)","glossaryId":0,"attrDisplayName":"Resolution"},{"itemID":20655848,"groupName":"Additional Specifications","groupDisplayOrder":34,"contentProviderId":2,"attributeName":"Response Time","attributeDisplayOrder":42,"attributeValue":"8 ms","glossaryId":0,"attrDisplayName":"Response Time"},{"itemID":20655848,"groupName":"Additional Specifications","groupDisplayOrder":34,"contentProviderId":2,"attributeName":"Tv Definition","attributeDisplayOrder":44,"attributeValue":"HDTV","glossaryId":0,"attrDisplayName":"Tv Definition"},{"itemID":20655848,"groupName":"Additional Specifications","groupDisplayOrder":34,"contentProviderId":2,"attributeName":"Tv Technology","attributeDisplayOrder":45,"attributeValue":"LED","glossaryId":0,"attrDisplayName":"Tv Technology"},{"itemID":20655848,"groupName":"Additional Specifications","groupDisplayOrder":34,"contentProviderId":2,"attributeName":"Primary Color","attributeDisplayOrder":171,"attributeValue":"Black","glossaryId":0,"attrDisplayName":"Primary Color"},{"itemID":20655848,"groupName":"Additional Specifications","groupDisplayOrder":34,"contentProviderId":2,"attributeName":"Multi Pack Indicator","attributeDisplayOrder":180,"attributeValue":"No","glossaryId":0,"attrDisplayName":"Multi Pack Indicator"},{"itemID":20655848,"groupName":"Additional Specifications","groupDisplayOrder":34,"contentProviderId":2,"attributeName":"Battery Type","attributeDisplayOrder":184,"attributeValue":"Does Not Contain a Battery","glossaryId":0,"attrDisplayName":"Battery Type"}],"sellers":{"0":{"itemId":20655848,"sellerId":0,"sellerTypeId":1,"sellerName":"Walmart.com","currentItemPrice":99.98,"vendorItemNum":"PLED1960A","weight":8.8,"wrapCode":0,"maximumItems":5,"baseItemPrice":105.98,"stockWaterMark":0,"displayStatus":3,"tagCode":0,"baseSuggPrice":179.99,"packingSlipCode":0,"minPrice":99.98,"maxPrice":99.98,"priceChangeCode":8,"productTaxCode":"PTG8","rebateAmount":-9.223372036854776E18,"rebateTargetURL":null,"shippingDimX":14.3,"shippingDimY":5.8,"shippingDimZ":20.8,"s2SE":true,"sellerItemFlags":null,"freeReturns":false,"shipAlone":false,"remapToItemId":-9223372036854775808,"remapAction":null,"promotionDiscount":-9.223372036854776E18,"promotionMessageType":"","minPromotionAmount":-9.223372036854776E18,"maxPromotionAmount":-9.223372036854776E18,"fedExEligible":true,"smallFormatEligible":true,"thresholdShippingEligible":false,"isS2SOnly":false,"tweTaxCode":"2042275","shippingTaxCode":"2038346","giftWrapTaxCode":"2038857","ppu":-9.223372036854776E18,"fromPPU":-9.223372036854776E18,"contributesToThreshold":false,"isPIPEligible":"Y","checksum":-1,"freeShipping":false,"itemEligibleForFedEx":true,"is97CentShipping":false,"hasRebateLink":false,"storePickupable":true,"submapCode":0,"97CentShipping":false,"shippingDimensionX":14.3,"shippingDimensionY":5.8,"shippingDimensionZ":20.8,"employeeDiscountable":true,"combinedThresholdEligible":false,"availableShippingOfferCodes":null,"isFreeShipping":false}},"ppueligible":false,"uom":null,"unitCount":"0","itemFlags":null,"originalBaseUpc":"0005846577898","imageThumbnailURL":"http://i.walmartimages.com/i/p/00/05/84/65/77/0005846577898_60X60.gif","electronicDelivery":false,"productImageUrl":"http://i.walmartimages.com/i/p/00/05/84/65/77/0005846577898_215X215.jpg","hazardMaterial":false,"media":false,"specialPricing":null,"rebate":false,"putEligible":false,"imagePostCardURL":"http://i.walmartimages.com/i/p/00/05/84/65/77/0005846577898_150X150.jpg"}]