[{"genericContent":{"itemId":20549815,"sourceId":3,"rank":1,"itemName":"LG 47\" Class LED-LCD 1080p 120Hz HDTV, (1.4\" ultra-slim)47LS4600","itemShortName":null,"shortDescription":"The LG 47\" Class LED-LCD 1080p 120Hz HDTV, 47LS4600 provides a slim profile and delivers amazing brightness, clarity and color detail, as well as greater energy efficiency compared to conventional LCD TVs. With almost double the pixel resolution, Full HD 1080p gives superior picture quality over standard HDTV. You'll see details and colors like never before. TruMotion 120Hz technology lets you see sports, video games and high-speed action with virtually no motion blur. Now your TV can keep up with your fast-moving entertainment.<br><br><b>Note:</b> You must have a source of HD programming in order to take full advantage of the LG 47\" HDTV. Contact your local cable or satellite TV provider for details on how to upgrade.","longDescription":"<br><b>LG 47\" Class LED-LCD 1080p 120Hz HDTV, 47LS4600:</b><ul><li>47\" LED panel<br>With a 1920 x 1080 Full HD resolution<li>True 16:9 aspect ratio<br>View your movies as the director intended<li>Built-in digital tuner<br>Watch digital broadcasts, including HDTV programs where available<li>4,000,000:1 dynamic contrast ratio<li>HDMI Inputs: 3<br>Enjoy a superior HD experience with HDMI one cable solution<li>46.9\" screen measured diagonally from corner to corner<li>Wall mountable<br>VESA standard 400mm x 400mm</ul><br><b>ENERGY STAR<sup>&reg;</sup></b><br>Products that are ENERGY STAR-qualified prevent greenhouse gas emissions by meeting strict energy efficiency guidelines set by the U.S. Environmental Protection Agency and the U.S. Department of Energy. The ENERGY STAR name and marks are registered marks owned by the U.S. government, as part of their energy efficiency and environmental activities.","shelfDescription":"<li>46.9\" diagonal screen size<li>HDMI Inputs: 3<li>Wall mountable","mfgNo":"47LS4600","modelNum":"47LS4600","dimensionX":28.4,"dimensionY":42.9,"dimensionZ":10.6,"platform":null,"supplierWarranty":"1 Year Limited Warranty","warrantyLength":null,"assembledCountryOfOrigin":"Imported","componentsCountryOfOrigin":"Imported","accessoriesIncluded":null,"accessoriesNotIncluded":null,"ageRange":null,"gender":null,"rating":null,"attributeValue1":null,"attributeValue2":null,"attributeValue3":null,"attributeName1":null,"attributeName2":null,"attributeName3":null,"brandName":"LG","manufacturerName":"LG Electronics","alternateViews":"8","imageId":-9223372036854775808,"addlWarnMsgA":null,"addlWarnMsgB":null,"altWarnMsg":"N","panZoomId":2,"hasMatureContent":false,"attributeType1":null,"attributeUISetting1":null,"attributeRanking1":1,"attributeType2":null,"attributeUISetting2":null,"attributeRanking2":1,"attributeType3":null,"attributeUISetting3":null,"attributeRanking3":1,"attribute1_order":3,"attribute2_order":3,"attribute3_order":3,"partnerId":-1,"originalBaseUPC":"0071919258524","variantAttrData":null,"logoImage":"http://i.walmartimages.com/i/icon/-9/22/33/72/03/-9223372036854775808_100X60.gif","attributeData":[]},"alternateImageData":[{"imageSrc":"http://i.walmartimages.com/i/p/00/71/91/92/58/0071919258524_60X60.gif","lgImageSrc":"http://i.walmartimages.com/i/p/00/71/91/92/58/0071919258524_500X500.jpg","name":null},{"imageSrc":"http://i.walmartimages.com/i/p/00/71/91/92/58/0071919258524_AV_60X60.gif","lgImageSrc":"http://i.walmartimages.com/i/p/00/71/91/92/58/0071919258524_AV_500X500.jpg","name":null},{"imageSrc":"http://i.walmartimages.com/i/p/00/71/91/92/58/0071919258524_AV1_60X60.gif","lgImageSrc":"http://i.walmartimages.com/i/p/00/71/91/92/58/0071919258524_AV1_500X500.jpg","name":null},{"imageSrc":"http://i.walmartimages.com/i/p/00/71/91/92/58/0071919258524_AV2_60X60.gif","lgImageSrc":"http://i.walmartimages.com/i/p/00/71/91/92/58/0071919258524_AV2_500X500.jpg","name":null},{"imageSrc":"http://i.walmartimages.com/i/p/00/71/91/92/58/0071919258524_AV3_60X60.gif","lgImageSrc":"http://i.walmartimages.com/i/p/00/71/91/92/58/0071919258524_AV3_500X500.jpg","name":null},{"imageSrc":"http://i.walmartimages.com/i/p/00/71/91/92/58/0071919258524_AV4_60X60.gif","lgImageSrc":"http://i.walmartimages.com/i/p/00/71/91/92/58/0071919258524_AV4_500X500.jpg","name":null},{"imageSrc":"http://i.walmartimages.com/i/p/00/71/91/92/58/0071919258524_AV5_60X60.gif","lgImageSrc":"http://i.walmartimages.com/i/p/00/71/91/92/58/0071919258524_AV5_500X500.jpg","name":null},{"imageSrc":"http://i.walmartimages.com/i/p/00/71/91/92/58/0071919258524_AV6_60X60.gif","lgImageSrc":"http://i.walmartimages.com/i/p/00/71/91/92/58/0071919258524_AV6_500X500.jpg","name":null},{"imageSrc":"http://i.walmartimages.com/i/p/00/71/91/92/58/0071919258524_AV7_60X60.gif","lgImageSrc":"http://i.walmartimages.com/i/p/00/71/91/92/58/0071919258524_AV7_500X500.jpg","name":null}],"id":20549815,"comparable":true,"upc":"0071919258524","customerRatingUrl":null,"partnerId":-1,"itemAttributes":[{"itemID":20549815,"groupName":"Display","groupDisplayOrder":1,"contentProviderId":3,"attributeName":"Widescreen Modes","attributeDisplayOrder":3,"attributeValue":"Conventional 4:3, Zoom, 16:9, Just Scan, Cinema Zoom, Set by Program","glossaryId":0,"attrDisplayName":"Widescreen Modes"},{"itemID":20549815,"groupName":"Display","groupDisplayOrder":1,"contentProviderId":3,"attributeName":"Display Menu Language","attributeDisplayOrder":4,"attributeValue":"English, French, Spanish, Korean","glossaryId":0,"attrDisplayName":"Display Menu Language"},{"itemID":20549815,"groupName":"Display","groupDisplayOrder":1,"contentProviderId":3,"attributeName":"Additional Features","attributeDisplayOrder":7,"attributeValue":"On-screen menu, Intelligent Sensor, Smart Energy Saving, Simplink, Picture Wizard II, Quick View, Triple XD Engine, progressive scan","glossaryId":0,"attrDisplayName":"Additional Features"},{"itemID":20549815,"groupName":"Display","groupDisplayOrder":1,"contentProviderId":3,"attributeName":"Display Format","attributeDisplayOrder":11,"attributeValue":"1080p (FullHD)","glossaryId":0,"attrDisplayName":"Display Format"},{"itemID":20549815,"groupName":"Display","groupDisplayOrder":1,"contentProviderId":3,"attributeName":"Resolution","attributeDisplayOrder":12,"attributeValue":"1920 x 1080","glossaryId":0,"attrDisplayName":"Resolution"},{"itemID":20549815,"groupName":"Display","groupDisplayOrder":1,"contentProviderId":3,"attributeName":"Picture Adjustment","attributeDisplayOrder":16,"attributeValue":"Intelligent Sensor/Vivid/Standard/Cinema/Game/Sports/isf Expert 1/isf Expert 2","glossaryId":0,"attrDisplayName":"Picture Adjustment"},{"itemID":20549815,"groupName":"TV Tuner","groupDisplayOrder":2,"contentProviderId":3,"attributeName":"Reception System","attributeDisplayOrder":2,"attributeValue":"NTSC","glossaryId":0,"attrDisplayName":"Reception System"},{"itemID":20549815,"groupName":"TV Tuner","groupDisplayOrder":2,"contentProviderId":3,"attributeName":"Stereo Reception System","attributeDisplayOrder":3,"attributeValue":"MTS","glossaryId":0,"attrDisplayName":"Stereo Reception System"},{"itemID":20549815,"groupName":"TV Tuner","groupDisplayOrder":2,"contentProviderId":3,"attributeName":"Secondary Audio Program (SAP)","attributeDisplayOrder":6,"attributeValue":"Yes","glossaryId":0,"attrDisplayName":"Secondary Audio Program (SAP)"},{"itemID":20549815,"groupName":"Video Features","groupDisplayOrder":3,"contentProviderId":3,"attributeName":"Analog Video Input Signals","attributeDisplayOrder":2,"attributeValue":"NTSC","glossaryId":0,"attrDisplayName":"Analog Video Input Signals"},{"itemID":20549815,"groupName":"Video Features","groupDisplayOrder":3,"contentProviderId":3,"attributeName":"Closed Caption Capability","attributeDisplayOrder":3,"attributeValue":"Yes","glossaryId":0,"attrDisplayName":"Closed Caption Capability"},{"itemID":20549815,"groupName":"Video Features","groupDisplayOrder":3,"contentProviderId":3,"attributeName":"Input Video Formats","attributeDisplayOrder":4,"attributeValue":"720p, 1080i, 1080p","glossaryId":0,"attrDisplayName":"Input Video Formats"},{"itemID":20549815,"groupName":"Remote Control","groupDisplayOrder":4,"contentProviderId":3,"attributeName":"Type","attributeDisplayOrder":1,"attributeValue":"Remote control","glossaryId":0,"attrDisplayName":"Type"},{"itemID":20549815,"groupName":"Audio System","groupDisplayOrder":5,"contentProviderId":3,"attributeName":"Sound Output Mode","attributeDisplayOrder":1,"attributeValue":"Stereo","glossaryId":0,"attrDisplayName":"Sound Output Mode"},{"itemID":20549815,"groupName":"Audio System","groupDisplayOrder":5,"contentProviderId":3,"attributeName":"Surround Mode","attributeDisplayOrder":2,"attributeValue":"Yes","glossaryId":0,"attrDisplayName":"Surround Mode"},{"itemID":20549815,"groupName":"Audio System","groupDisplayOrder":5,"contentProviderId":3,"attributeName":"Sound Effects","attributeDisplayOrder":3,"attributeValue":"Virtual Surround Mode","glossaryId":0,"attrDisplayName":"Sound Effects"},{"itemID":20549815,"groupName":"Audio System","groupDisplayOrder":5,"contentProviderId":3,"attributeName":"Audio Controls","attributeDisplayOrder":4,"attributeValue":"Sound mode","glossaryId":0,"attrDisplayName":"Audio Controls"},{"itemID":20549815,"groupName":"Audio System","groupDisplayOrder":5,"contentProviderId":3,"attributeName":"Output Power / Total","attributeDisplayOrder":6,"attributeValue":"20 Watt","glossaryId":0,"attrDisplayName":"Output Power / Total"},{"itemID":20549815,"groupName":"Audio System","groupDisplayOrder":5,"contentProviderId":3,"attributeName":"Additional Features","attributeDisplayOrder":7,"attributeValue":"Clear Voice II technology","glossaryId":0,"attrDisplayName":"Additional Features"},{"itemID":20549815,"groupName":"Audio System","groupDisplayOrder":5,"contentProviderId":3,"attributeName":"Speaker(s)","attributeDisplayOrder":8,"attributeValue":"2 x right/left channel speaker - built-in - 10 Watt","glossaryId":0,"attrDisplayName":"Speaker(s)"},{"itemID":20549815,"groupName":"Audio System","groupDisplayOrder":5,"contentProviderId":3,"attributeName":"Built-in Decoders","attributeDisplayOrder":12,"attributeValue":"Dolby Digital","glossaryId":0,"attrDisplayName":"Built-in Decoders"},{"itemID":20549815,"groupName":"Connections","groupDisplayOrder":6,"contentProviderId":3,"attributeName":"Connector Type","attributeDisplayOrder":1,"attributeValue":"1 x VGA input ( 15 pin HD D-Sub (HD-15) ) - rear ¦ 1 x HDMI input ( 19 pin HDMI Type A ) - side ¦ 1 x composite video/audio input - rear ¦ 1 x audio line-in ( mini-phone stereo 3.5 mm ) - rear ¦ 1 x digital audio output (optical) ( TOSLINK ) - rear ¦ 1 x USB 2.0 ( 4 pin USB Type A ) - side ¦ 2 x component video input ( RCA phono x 3 ) - rear ¦ 1 x network ( RJ-45 ) - rear ¦ 2 x audio line-in ( RCA phono x 2 ) - rear ¦ 2 x HDMI input ( 19 pin HDMI Type A ) - rear","glossaryId":0,"attrDisplayName":"Connector Type"},{"itemID":20549815,"groupName":"Power","groupDisplayOrder":7,"contentProviderId":3,"attributeName":"Power Device","attributeDisplayOrder":1,"attributeValue":"Power supply - internal","glossaryId":0,"attrDisplayName":"Power Device"},{"itemID":20549815,"groupName":"Power","groupDisplayOrder":7,"contentProviderId":3,"attributeName":"Power Consumption Stand by / Sleep","attributeDisplayOrder":3,"attributeValue":"0.1 Watt","glossaryId":0,"attrDisplayName":"Power Consumption Stand by / Sleep"},{"itemID":20549815,"groupName":"General","groupDisplayOrder":9,"contentProviderId":3,"attributeName":"Product Type","attributeDisplayOrder":1,"attributeValue":"LED-backlit LCD TV","glossaryId":0,"attrDisplayName":"Product Type"},{"itemID":20549815,"groupName":"General","groupDisplayOrder":9,"contentProviderId":3,"attributeName":"PC Interface","attributeDisplayOrder":3,"attributeValue":"VGA (HD-15)","glossaryId":0,"attrDisplayName":"PC Interface"},{"itemID":20549815,"groupName":"General","groupDisplayOrder":9,"contentProviderId":3,"attributeName":"Width","attributeDisplayOrder":4,"attributeValue":"42.9 in","glossaryId":0,"attrDisplayName":"Width"},{"itemID":20549815,"groupName":"General","groupDisplayOrder":9,"contentProviderId":3,"attributeName":"Depth","attributeDisplayOrder":5,"attributeValue":"10.6 in","glossaryId":0,"attrDisplayName":"Depth"},{"itemID":20549815,"groupName":"General","groupDisplayOrder":9,"contentProviderId":3,"attributeName":"Height","attributeDisplayOrder":6,"attributeValue":"28.4 in","glossaryId":0,"attrDisplayName":"Height"},{"itemID":20549815,"groupName":"General","groupDisplayOrder":9,"contentProviderId":3,"attributeName":"Weight","attributeDisplayOrder":7,"attributeValue":"43.4 lbs","glossaryId":0,"attrDisplayName":"Weight"},{"itemID":20549815,"groupName":"General","groupDisplayOrder":9,"contentProviderId":3,"attributeName":"Series","attributeDisplayOrder":8,"attributeValue":"LS4600 Series","glossaryId":0,"attrDisplayName":"Series"},{"itemID":20549815,"groupName":"General","groupDisplayOrder":9,"contentProviderId":3,"attributeName":"HDCP Compatible","attributeDisplayOrder":13,"attributeValue":"Yes","glossaryId":0,"attrDisplayName":"HDCP Compatible"},{"itemID":20549815,"groupName":"Dimensions & Weight Details","groupDisplayOrder":20,"contentProviderId":3,"attributeName":"Dimensions & Weight Details","attributeDisplayOrder":1,"attributeValue":"Panel without stand - 42.9 in x 1.4 in x 25.8 in x 37.9 lbs ¦ Panel with stand - 42.9 in x 10.6 in x 28.4 in x 43.4 lbs","glossaryId":0,"attrDisplayName":"Dimensions & Weight Details"},{"itemID":20549815,"groupName":"Network & Internet Multimedia","groupDisplayOrder":30,"contentProviderId":3,"attributeName":"Connectivity","attributeDisplayOrder":2,"attributeValue":"Wired","glossaryId":0,"attrDisplayName":"Connectivity"},{"itemID":20549815,"groupName":"Digital TV Tuner","groupDisplayOrder":32,"contentProviderId":3,"attributeName":"Digital TV Tuner","attributeDisplayOrder":1,"attributeValue":"ATSC, QAM","glossaryId":0,"attrDisplayName":"Digital TV Tuner"}],"sellers":{"0":{"itemId":20549815,"sellerId":0,"sellerTypeId":1,"sellerName":"Walmart.com","currentItemPrice":999.99,"vendorItemNum":"47LS4600","weight":54.2,"wrapCode":0,"maximumItems":5,"baseItemPrice":999.99,"stockWaterMark":0,"displayStatus":1,"tagCode":0,"baseSuggPrice":999.99,"packingSlipCode":0,"minPrice":999.99,"maxPrice":999.99,"priceChangeCode":0,"productTaxCode":"PTG9","rebateAmount":-9.223372036854776E18,"rebateTargetURL":null,"shippingDimX":31.9,"shippingDimY":52.0,"shippingDimZ":5.3,"s2SE":true,"sellerItemFlags":null,"freeReturns":false,"shipAlone":false,"remapToItemId":-9223372036854775808,"remapAction":null,"promotionDiscount":-9.223372036854776E18,"promotionMessageType":"","minPromotionAmount":-9.223372036854776E18,"maxPromotionAmount":-9.223372036854776E18,"fedExEligible":false,"smallFormatEligible":false,"thresholdShippingEligible":false,"isS2SOnly":false,"tweTaxCode":"2042535","shippingTaxCode":"2038346","giftWrapTaxCode":"2038857","ppu":-9.223372036854776E18,"fromPPU":-9.223372036854776E18,"contributesToThreshold":false,"isPIPEligible":"Y","checksum":-1,"freeShipping":false,"itemEligibleForFedEx":false,"is97CentShipping":false,"hasRebateLink":false,"storePickupable":true,"submapCode":0,"97CentShipping":false,"shippingDimensionX":31.9,"shippingDimensionY":52.0,"shippingDimensionZ":5.3,"employeeDiscountable":true,"combinedThresholdEligible":false,"availableShippingOfferCodes":null,"isFreeShipping":false}},"ppueligible":false,"uom":null,"unitCount":"0","itemFlags":null,"originalBaseUpc":"0071919258524","imageThumbnailURL":"http://i.walmartimages.com/i/p/00/71/91/92/58/0071919258524_60X60.gif","electronicDelivery":false,"productImageUrl":"http://i.walmartimages.com/i/p/00/71/91/92/58/0071919258524_215X215.jpg","hazardMaterial":false,"media":false,"specialPricing":null,"rebate":false,"putEligible":true,"imagePostCardURL":"http://i.walmartimages.com/i/p/00/71/91/92/58/0071919258524_150X150.jpg"}]