[{"genericContent":{"itemId":20510632,"sourceId":2,"rank":1,"itemName":"Proscan 26\" Class LED 720p 60Hz HDTV, (1.8\" ultra-slim)PLED2694A","itemShortName":null,"shortDescription":"<p>The Proscan 26 Class LED 720p 60Hz HDTV is a good choice for watching sports and action movies. It features an ultra-fast 9 ms response time. This Proscan HDTV provides clear 720p HD images with a 1000:1 dynamic contrast ratio. It has three HDMI ports for a complete home entertainment experience. The built-in digital tuner HDTV has a 16:9 aspect ratio that allows you to view movies the way they were meant to be seen. Its wide 178-degrees angle allows you to view the screen clearly from anywhere in the room. </p>","longDescription":"<strong>Proscan 26\" Class LED 720p 60Hz HDTV:</strong><li>26\" LED panel</li><li>With a 1366 x 768 resolution</li><li>True 16:9 aspect ratio</li><li>View your movies as the director intended</li><li>Wide 178-degree vertical and 178-degree horizontal angles</li><li>See a clear picture from anywhere in the room</li><li>Built-in digital tuner</li><li>Watch digital broadcasts, including HDTV programs where available</li><li>High brightness of 350 cd/m2 and 9 ms response time</li><li>Quick response time for a great picture</li><li>1,000:1 dynamic contrast ratio</li><li>HDMI Inputs: 3</li><li>Enjoy a superior HD experience with HDMI one cable solution</li><li>26\" screen measured diagonally from corner to corner</li>","shelfDescription":"<li>26\" diagonal screen size<li>HDMI Inputs: 3<li>Wall mountable<li>Built-in digital tuner","mfgNo":"PLED2694A","modelNum":"PLED2694A","dimensionX":17.2,"dimensionY":25.1,"dimensionZ":4.0,"platform":null,"supplierWarranty":"1 Year Limited Warranty","warrantyLength":null,"assembledCountryOfOrigin":"Imported","componentsCountryOfOrigin":"Imported","accessoriesIncluded":null,"accessoriesNotIncluded":null,"ageRange":null,"gender":null,"rating":null,"attributeValue1":null,"attributeValue2":null,"attributeValue3":null,"attributeName1":null,"attributeName2":null,"attributeName3":null,"brandName":"ProScan","manufacturerName":"CURTIS INTERNATIONAL LTD.","alternateViews":"1","imageId":-9223372036854775808,"addlWarnMsgA":null,"addlWarnMsgB":null,"altWarnMsg":"N","panZoomId":2,"hasMatureContent":false,"attributeType1":null,"attributeUISetting1":null,"attributeRanking1":1,"attributeType2":null,"attributeUISetting2":null,"attributeRanking2":1,"attributeType3":null,"attributeUISetting3":null,"attributeRanking3":1,"attribute1_order":3,"attribute2_order":3,"attribute3_order":3,"partnerId":-1,"originalBaseUPC":"0005846577902","variantAttrData":null,"logoImage":"http://i.walmartimages.com/i/icon/-9/22/33/72/03/-9223372036854775808_100X60.gif","attributeData":[]},"alternateImageData":[{"imageSrc":"http://i.walmartimages.com/i/p/00/05/84/65/77/0005846577902_60X60.gif","lgImageSrc":"http://i.walmartimages.com/i/p/00/05/84/65/77/0005846577902_500X500.jpg","name":null},{"imageSrc":"http://i.walmartimages.com/i/p/00/05/84/65/77/0005846577902_AV_60X60.gif","lgImageSrc":"http://i.walmartimages.com/i/p/00/05/84/65/77/0005846577902_AV_500X500.jpg","name":null}],"id":20510632,"comparable":true,"upc":"0005846577902","customerRatingUrl":"http://www.walmart.com/i/CustRating/3_6.gif","partnerId":-1,"itemAttributes":[{"itemID":20510632,"groupName":"Additional Specifications","groupDisplayOrder":34,"contentProviderId":2,"attributeName":"Brightness","attributeDisplayOrder":36,"attributeValue":"350cd/m2","glossaryId":0,"attrDisplayName":"Brightness"},{"itemID":20510632,"groupName":"Additional Specifications","groupDisplayOrder":34,"contentProviderId":2,"attributeName":"Contrast Ratio","attributeDisplayOrder":37,"attributeValue":"1,000:1","glossaryId":0,"attrDisplayName":"Contrast Ratio"},{"itemID":20510632,"groupName":"Additional Specifications","groupDisplayOrder":34,"contentProviderId":2,"attributeName":"Remote Included","attributeDisplayOrder":40,"attributeValue":"Yes","glossaryId":0,"attrDisplayName":"Remote Included"},{"itemID":20510632,"groupName":"Additional Specifications","groupDisplayOrder":34,"contentProviderId":2,"attributeName":"Resolution","attributeDisplayOrder":41,"attributeValue":"720p (HDTV)","glossaryId":0,"attrDisplayName":"Resolution"},{"itemID":20510632,"groupName":"Additional Specifications","groupDisplayOrder":34,"contentProviderId":2,"attributeName":"Response Time","attributeDisplayOrder":42,"attributeValue":"9 ms","glossaryId":0,"attrDisplayName":"Response Time"},{"itemID":20510632,"groupName":"Additional Specifications","groupDisplayOrder":34,"contentProviderId":2,"attributeName":"Tv Definition","attributeDisplayOrder":44,"attributeValue":"HDTV","glossaryId":0,"attrDisplayName":"Tv Definition"},{"itemID":20510632,"groupName":"Additional Specifications","groupDisplayOrder":34,"contentProviderId":2,"attributeName":"Tv Technology","attributeDisplayOrder":45,"attributeValue":"LED","glossaryId":0,"attrDisplayName":"Tv Technology"},{"itemID":20510632,"groupName":"Additional Specifications","groupDisplayOrder":34,"contentProviderId":2,"attributeName":"Primary Color","attributeDisplayOrder":171,"attributeValue":"Black","glossaryId":0,"attrDisplayName":"Primary Color"},{"itemID":20510632,"groupName":"Additional Specifications","groupDisplayOrder":34,"contentProviderId":2,"attributeName":"Multi Pack Indicator","attributeDisplayOrder":180,"attributeValue":"No","glossaryId":0,"attrDisplayName":"Multi Pack Indicator"},{"itemID":20510632,"groupName":"Additional Specifications","groupDisplayOrder":34,"contentProviderId":2,"attributeName":"Battery Type","attributeDisplayOrder":184,"attributeValue":"Does Not Contain a Battery","glossaryId":0,"attrDisplayName":"Battery Type"}],"sellers":{"0":{"itemId":20510632,"sellerId":0,"sellerTypeId":1,"sellerName":"Walmart.com","currentItemPrice":189.98,"vendorItemNum":"PLED2694A","weight":15.2,"wrapCode":0,"maximumItems":5,"baseItemPrice":199.98,"stockWaterMark":1,"displayStatus":3,"tagCode":0,"baseSuggPrice":249.98,"packingSlipCode":0,"minPrice":189.98,"maxPrice":189.98,"priceChangeCode":5,"productTaxCode":"PTG8","rebateAmount":-9.223372036854776E18,"rebateTargetURL":null,"shippingDimX":18.26,"shippingDimY":26.1,"shippingDimZ":6.0,"s2SE":true,"sellerItemFlags":null,"freeReturns":false,"shipAlone":false,"remapToItemId":-9223372036854775808,"remapAction":null,"promotionDiscount":-9.223372036854776E18,"promotionMessageType":"","minPromotionAmount":-9.223372036854776E18,"maxPromotionAmount":-9.223372036854776E18,"fedExEligible":true,"smallFormatEligible":true,"thresholdShippingEligible":false,"isS2SOnly":false,"tweTaxCode":"2042529","shippingTaxCode":"2038346","giftWrapTaxCode":"2038857","ppu":-9.223372036854776E18,"fromPPU":-9.223372036854776E18,"contributesToThreshold":false,"isPIPEligible":"Y","checksum":-1,"freeShipping":false,"itemEligibleForFedEx":true,"is97CentShipping":false,"hasRebateLink":false,"storePickupable":true,"submapCode":0,"97CentShipping":false,"shippingDimensionX":18.26,"shippingDimensionY":26.1,"shippingDimensionZ":6.0,"employeeDiscountable":true,"combinedThresholdEligible":false,"availableShippingOfferCodes":null,"isFreeShipping":false}},"ppueligible":false,"uom":null,"unitCount":"0","itemFlags":null,"originalBaseUpc":"0005846577902","imageThumbnailURL":"http://i.walmartimages.com/i/p/00/05/84/65/77/0005846577902_60X60.gif","electronicDelivery":false,"productImageUrl":"http://i.walmartimages.com/i/p/00/05/84/65/77/0005846577902_215X215.jpg","hazardMaterial":false,"media":false,"specialPricing":null,"rebate":false,"putEligible":false,"imagePostCardURL":"http://i.walmartimages.com/i/p/00/05/84/65/77/0005846577902_150X150.jpg"}]