[{"genericContent":{"itemId":20655850,"sourceId":2,"rank":1,"itemName":"Proscan 19\" Class LED 720p 60Hz HDTV with Built-In DVD Player (2.12\" ultra-slim), PLEDV1945A","itemShortName":null,"shortDescription":"<p>The Proscan 19-Inch Class LED 720p 60Hz HDTV provides amazing detail with 720p HD resolution. Wide viewing angles, high brightness and a fast response time produce a great picture for your movies, TV shows and games. The built-in DVD player of this wall mountable TV gives you a streamlined entertainment experience.</p>\n<strong>Note: </strong>\n<p>You must have a source of HD programming in order to take full advantage of the Proscan 19\" HDTV. Contact your local cable or satellite TV provider for details on how to upgrade. </p>","longDescription":"<strong>Proscan 19-Inch Class LED 720p 60Hz HDTV with Built-In DVD Player, PLEDV1945A:</strong>\n<li>19\" LED panel</li>\n<li>With a 1366 x 768 resolution</li>\n<li>True 16:9 aspect ratio</li>\n<li>View your movies as the director intended</li>\n<li>Wide 178-degree vertical and 178-degree horizontal angles</li>\n<li>See a clear picture from anywhere in the room</li>\n<li>Built-in digital tuner</li>\n<li>Watch digital broadcasts, including HDTV programs where available</li>\n<li>High brightness of 250cd/m2 with 8 ms response time</li>\n<li>Place your TV anywhere</li>\n<li>1, 000:1 contrast ratio</li>\n<li>HDMI Inputs: 1</li>\n<li>Enjoy a superior HD experience with HDMI, the one-cable audio/video solution</li>\n<li>19\" screen measured diagonally from corner to corner</li>\n<li>Wall mountable</li>\n<li>Built-in DVD player</li>\n<li>Enjoy your movies without the clutter of another device</li>","shelfDescription":"<li>19\" diagonal screen size<li>HDMI Inputs: 1<li>Wall mountable<li>Built-in DVD player","mfgNo":"PLEDV1945A","modelNum":"PLEDV1945A","dimensionX":15.0,"dimensionY":19.2,"dimensionZ":3.25,"platform":null,"supplierWarranty":"1 Year Limited Warranty","warrantyLength":null,"assembledCountryOfOrigin":"Imported","componentsCountryOfOrigin":"Imported","accessoriesIncluded":null,"accessoriesNotIncluded":null,"ageRange":null,"gender":null,"rating":null,"attributeValue1":null,"attributeValue2":null,"attributeValue3":null,"attributeName1":null,"attributeName2":null,"attributeName3":null,"brandName":"ProScan","manufacturerName":"CURTIS INTERNATIONAL LTD.","alternateViews":"1","imageId":-9223372036854775808,"addlWarnMsgA":null,"addlWarnMsgB":null,"altWarnMsg":"N","panZoomId":2,"hasMatureContent":false,"attributeType1":null,"attributeUISetting1":null,"attributeRanking1":1,"attributeType2":null,"attributeUISetting2":null,"attributeRanking2":1,"attributeType3":null,"attributeUISetting3":null,"attributeRanking3":1,"attribute1_order":3,"attribute2_order":3,"attribute3_order":3,"partnerId":-1,"originalBaseUPC":"0005846577896","variantAttrData":null,"logoImage":"http://i.walmartimages.com/i/icon/-9/22/33/72/03/-9223372036854775808_100X60.gif","attributeData":[]},"alternateImageData":[{"imageSrc":"http://i.walmartimages.com/i/p/00/05/84/65/77/0005846577896_60X60.gif","lgImageSrc":"http://i.walmartimages.com/i/p/00/05/84/65/77/0005846577896_500X500.jpg","name":null},{"imageSrc":"http://i.walmartimages.com/i/p/00/05/84/65/77/0005846577896_AV_60X60.gif","lgImageSrc":"http://i.walmartimages.com/i/p/00/05/84/65/77/0005846577896_AV_500X500.jpg","name":null}],"id":20655850,"comparable":true,"upc":"0005846577896","customerRatingUrl":"http://www.walmart.com/i/CustRating/3_9.gif","partnerId":-1,"itemAttributes":[{"itemID":20655850,"groupName":"Additional Specifications","groupDisplayOrder":34,"contentProviderId":2,"attributeName":"Brightness","attributeDisplayOrder":36,"attributeValue":"250cd/m2","glossaryId":0,"attrDisplayName":"Brightness"},{"itemID":20655850,"groupName":"Additional Specifications","groupDisplayOrder":34,"contentProviderId":2,"attributeName":"Contrast Ratio","attributeDisplayOrder":37,"attributeValue":"1,000:1","glossaryId":0,"attrDisplayName":"Contrast Ratio"},{"itemID":20655850,"groupName":"Additional Specifications","groupDisplayOrder":34,"contentProviderId":2,"attributeName":"Remote Included","attributeDisplayOrder":40,"attributeValue":"Yes","glossaryId":0,"attrDisplayName":"Remote Included"},{"itemID":20655850,"groupName":"Additional Specifications","groupDisplayOrder":34,"contentProviderId":2,"attributeName":"Resolution","attributeDisplayOrder":41,"attributeValue":"720p (HDTV)","glossaryId":0,"attrDisplayName":"Resolution"},{"itemID":20655850,"groupName":"Additional Specifications","groupDisplayOrder":34,"contentProviderId":2,"attributeName":"Response Time","attributeDisplayOrder":42,"attributeValue":"8 ms","glossaryId":0,"attrDisplayName":"Response Time"},{"itemID":20655850,"groupName":"Additional Specifications","groupDisplayOrder":34,"contentProviderId":2,"attributeName":"Tv Definition","attributeDisplayOrder":44,"attributeValue":"HDTV","glossaryId":0,"attrDisplayName":"Tv Definition"},{"itemID":20655850,"groupName":"Additional Specifications","groupDisplayOrder":34,"contentProviderId":2,"attributeName":"Tv Technology","attributeDisplayOrder":45,"attributeValue":"LED","glossaryId":0,"attrDisplayName":"Tv Technology"},{"itemID":20655850,"groupName":"Additional Specifications","groupDisplayOrder":34,"contentProviderId":2,"attributeName":"Primary Color","attributeDisplayOrder":171,"attributeValue":"Black","glossaryId":0,"attrDisplayName":"Primary Color"},{"itemID":20655850,"groupName":"Additional Specifications","groupDisplayOrder":34,"contentProviderId":2,"attributeName":"Multi Pack Indicator","attributeDisplayOrder":180,"attributeValue":"No","glossaryId":0,"attrDisplayName":"Multi Pack Indicator"},{"itemID":20655850,"groupName":"Additional Specifications","groupDisplayOrder":34,"contentProviderId":2,"attributeName":"Battery Type","attributeDisplayOrder":184,"attributeValue":"Does Not Contain a Battery","glossaryId":0,"attrDisplayName":"Battery Type"}],"sellers":{"0":{"itemId":20655850,"sellerId":0,"sellerTypeId":1,"sellerName":"Walmart.com","currentItemPrice":129.98,"vendorItemNum":"PLEDV1945A","weight":8.55,"wrapCode":0,"maximumItems":5,"baseItemPrice":199.99,"stockWaterMark":1,"displayStatus":3,"tagCode":0,"baseSuggPrice":199.99,"packingSlipCode":0,"minPrice":129.98,"maxPrice":129.98,"priceChangeCode":5,"productTaxCode":"PTG8","rebateAmount":-9.223372036854776E18,"rebateTargetURL":null,"shippingDimX":16.5,"shippingDimY":20.25,"shippingDimZ":5.25,"s2SE":true,"sellerItemFlags":null,"freeReturns":false,"shipAlone":false,"remapToItemId":-9223372036854775808,"remapAction":null,"promotionDiscount":-9.223372036854776E18,"promotionMessageType":"","minPromotionAmount":-9.223372036854776E18,"maxPromotionAmount":-9.223372036854776E18,"fedExEligible":true,"smallFormatEligible":true,"thresholdShippingEligible":false,"isS2SOnly":false,"tweTaxCode":"2042275","shippingTaxCode":"2038346","giftWrapTaxCode":"2038857","ppu":-9.223372036854776E18,"fromPPU":-9.223372036854776E18,"contributesToThreshold":false,"isPIPEligible":"Y","checksum":-1,"freeShipping":false,"itemEligibleForFedEx":true,"is97CentShipping":false,"hasRebateLink":false,"storePickupable":true,"submapCode":0,"97CentShipping":false,"shippingDimensionX":16.5,"shippingDimensionY":20.25,"shippingDimensionZ":5.25,"employeeDiscountable":true,"combinedThresholdEligible":false,"availableShippingOfferCodes":null,"isFreeShipping":false}},"ppueligible":false,"uom":null,"unitCount":"0","itemFlags":null,"originalBaseUpc":"0005846577896","imageThumbnailURL":"http://i.walmartimages.com/i/p/00/05/84/65/77/0005846577896_60X60.gif","electronicDelivery":false,"productImageUrl":"http://i.walmartimages.com/i/p/00/05/84/65/77/0005846577896_215X215.jpg","hazardMaterial":false,"media":false,"specialPricing":null,"rebate":false,"putEligible":false,"imagePostCardURL":"http://i.walmartimages.com/i/p/00/05/84/65/77/0005846577896_150X150.jpg"}]