[{"genericContent":{"itemId":15992333,"sourceId":3,"rank":1,"itemName":"VIZIO 47\" Class Theater 3D LCD HDTV with VIZIO Internet Apps 1080p 120Hz refresh rate, E3D470VX","itemShortName":null,"shortDescription":"Bring the movie theater 3D experience home! VIZIO's 47\" Theater 3D LCD HDTV delivers stunning, cinema-style 3D. Whether you're watching the latest summer blockbuster or the championship game, Theater 3D means you see crystal-clear, flicker-free 3D that's up to 2 times brighter than conventional 3D. Includes 2 pairs of 3D glasses, so you can share the excitement with friends and family!<br>\n\nFeaturing 120 Hz refresh rate, 1080p Full HD and 200,000 to 1 Dynamic Contrast Ratio, this superb HDTV renders both 2D and 3D with superior clarity, color and contrast at an amazing value. <br>\n\nAlso includes VIZIO Internet Apps and built-in 802.11n WiFi, giving you the convenience of on-demand movies, TV shows, social networking, music, photos, and more<p>","longDescription":"<b>VIZIO 47\" Class Theater 3D LCD HDTV with VIZIO Internet Apps, E3D470VX</b><p> <b>Key Features and Benefits</b><p>\n <li>Theater 3D \u0013 Bring the movie theater 3D experience home!\n<li> VIZIO Internet Apps with built-in WiFi\n<li> Includes 2 pairs of VIZIO 3D glasses <li>1080p Full HD Resolution\n<li> 120 Hz refresh rate\n<li> 200,000 to 1 Dynamic Contrast Ratio\n<li> Two-sided IR QWERTY remote\n<li>SRS TruSurround HDTM and SRS TruVolume audio \n<li> Ambient Light Sensing technology\n<li>Exceeds ENERGY STARTM 5.3 guidelines\n<li>Three HDMI ports","shelfDescription":"<li>46.96\" diagonal screen size<li>HDMI Inputs: 4<li>Wall mountable<li>Theater 3D technology","mfgNo":"E3D470VX","modelNum":"E3D470VX","dimensionX":32.28,"dimensionY":54.33,"dimensionZ":8.85,"platform":null,"supplierWarranty":"1 Year Limited Warranty - Parts & Labor, Free Lifetime Technical Support","warrantyLength":null,"assembledCountryOfOrigin":"Imported","componentsCountryOfOrigin":"Imported","accessoriesIncluded":null,"accessoriesNotIncluded":null,"ageRange":null,"gender":null,"rating":null,"attributeValue1":null,"attributeValue2":null,"attributeValue3":null,"attributeName1":null,"attributeName2":null,"attributeName3":null,"brandName":"Vizio","manufacturerName":"Vizio","alternateViews":"5","imageId":-9223372036854775808,"addlWarnMsgA":null,"addlWarnMsgB":null,"altWarnMsg":"N","panZoomId":2,"hasMatureContent":false,"attributeType1":null,"attributeUISetting1":null,"attributeRanking1":1,"attributeType2":null,"attributeUISetting2":null,"attributeRanking2":1,"attributeType3":null,"attributeUISetting3":null,"attributeRanking3":1,"attribute1_order":3,"attribute2_order":3,"attribute3_order":3,"partnerId":-1,"originalBaseUPC":"0084522600509","variantAttrData":null,"logoImage":"http://i.walmartimages.com/i/icon/-9/22/33/72/03/-9223372036854775808_100X60.gif","attributeData":[]},"alternateImageData":[{"imageSrc":"http://i.walmartimages.com/i/p/00/84/52/26/00/0084522600509_60X60.gif","lgImageSrc":"http://i.walmartimages.com/i/p/00/84/52/26/00/0084522600509_500X500.jpg","name":null},{"imageSrc":"http://i.walmartimages.com/i/p/00/84/52/26/00/0084522600509_AV_60X60.gif","lgImageSrc":"http://i.walmartimages.com/i/p/00/84/52/26/00/0084522600509_AV_500X500.jpg","name":null},{"imageSrc":"http://i.walmartimages.com/i/p/00/84/52/26/00/0084522600509_AV1_60X60.gif","lgImageSrc":"http://i.walmartimages.com/i/p/00/84/52/26/00/0084522600509_AV1_500X500.jpg","name":null},{"imageSrc":"http://i.walmartimages.com/i/p/00/84/52/26/00/0084522600509_AV2_60X60.gif","lgImageSrc":"http://i.walmartimages.com/i/p/00/84/52/26/00/0084522600509_AV2_500X500.jpg","name":null},{"imageSrc":"http://i.walmartimages.com/i/p/00/84/52/26/00/0084522600509_AV3_60X60.gif","lgImageSrc":"http://i.walmartimages.com/i/p/00/84/52/26/00/0084522600509_AV3_500X500.jpg","name":null},{"imageSrc":"http://i.walmartimages.com/i/p/00/84/52/26/00/0084522600509_AV4_60X60.gif","lgImageSrc":"http://i.walmartimages.com/i/p/00/84/52/26/00/0084522600509_AV4_500X500.jpg","name":null}],"id":15992333,"comparable":true,"upc":"0084522600509","customerRatingUrl":"http://www.walmart.com/i/CustRating/4_6.gif","partnerId":-1,"itemAttributes":[{"itemID":15992333,"groupName":"General","groupDisplayOrder":1,"contentProviderId":3,"attributeName":"Product Type","attributeDisplayOrder":1,"attributeValue":"LCD TV","glossaryId":0,"attrDisplayName":"Product Type"},{"itemID":15992333,"groupName":"General","groupDisplayOrder":1,"contentProviderId":3,"attributeName":"PC Interface","attributeDisplayOrder":4,"attributeValue":"VGA (HD-15), HDMI","glossaryId":0,"attrDisplayName":"PC Interface"},{"itemID":15992333,"groupName":"General","groupDisplayOrder":1,"contentProviderId":3,"attributeName":"HDCP Compatible","attributeDisplayOrder":5,"attributeValue":"Yes","glossaryId":0,"attrDisplayName":"HDCP Compatible"},{"itemID":15992333,"groupName":"General","groupDisplayOrder":1,"contentProviderId":3,"attributeName":"Weight","attributeDisplayOrder":6,"attributeValue":"39.9 lbs","glossaryId":0,"attrDisplayName":"Weight"},{"itemID":15992333,"groupName":"General","groupDisplayOrder":1,"contentProviderId":3,"attributeName":"Width","attributeDisplayOrder":8,"attributeValue":"44.5 in","glossaryId":0,"attrDisplayName":"Width"},{"itemID":15992333,"groupName":"General","groupDisplayOrder":1,"contentProviderId":3,"attributeName":"Depth","attributeDisplayOrder":9,"attributeValue":"3.4 in","glossaryId":0,"attrDisplayName":"Depth"},{"itemID":15992333,"groupName":"General","groupDisplayOrder":1,"contentProviderId":3,"attributeName":"Height","attributeDisplayOrder":10,"attributeValue":"28.4 in","glossaryId":0,"attrDisplayName":"Height"},{"itemID":15992333,"groupName":"General","groupDisplayOrder":1,"contentProviderId":3,"attributeName":"Dimensions","attributeDisplayOrder":11,"attributeValue":"Without stand","glossaryId":0,"attrDisplayName":"Dimensions"},{"itemID":15992333,"groupName":"Display","groupDisplayOrder":2,"contentProviderId":3,"attributeName":"Resolution","attributeDisplayOrder":3,"attributeValue":"1920 x 1080","glossaryId":0,"attrDisplayName":"Resolution"},{"itemID":15992333,"groupName":"Display","groupDisplayOrder":2,"contentProviderId":3,"attributeName":"Image Aspect Ratio","attributeDisplayOrder":5,"attributeValue":"16:9","glossaryId":0,"attrDisplayName":"Image Aspect Ratio"},{"itemID":15992333,"groupName":"Display","groupDisplayOrder":2,"contentProviderId":3,"attributeName":"Viewing Angle","attributeDisplayOrder":7,"attributeValue":"178 degrees","glossaryId":0,"attrDisplayName":"Viewing Angle"},{"itemID":15992333,"groupName":"Display","groupDisplayOrder":2,"contentProviderId":3,"attributeName":"Viewing Angle (Vertical)","attributeDisplayOrder":8,"attributeValue":"178 degrees","glossaryId":0,"attrDisplayName":"Viewing Angle (Vertical)"},{"itemID":15992333,"groupName":"Display","groupDisplayOrder":2,"contentProviderId":3,"attributeName":"Additional Features","attributeDisplayOrder":12,"attributeValue":"On-screen menu, ambient light sensor (ALS), progressive scan","glossaryId":0,"attrDisplayName":"Additional Features"},{"itemID":15992333,"groupName":"Display","groupDisplayOrder":2,"contentProviderId":3,"attributeName":"Display Format","attributeDisplayOrder":13,"attributeValue":"1080p (FullHD)","glossaryId":0,"attrDisplayName":"Display Format"},{"itemID":15992333,"groupName":"Display","groupDisplayOrder":2,"contentProviderId":3,"attributeName":"Color Depth","attributeDisplayOrder":16,"attributeValue":"16.7 million colors","glossaryId":0,"attrDisplayName":"Color Depth"},{"itemID":15992333,"groupName":"Display","groupDisplayOrder":2,"contentProviderId":3,"attributeName":"Dynamic Contrast Ratio","attributeDisplayOrder":22,"attributeValue":"200000:1","glossaryId":0,"attrDisplayName":"Dynamic Contrast Ratio"},{"itemID":15992333,"groupName":"Remote Control","groupDisplayOrder":4,"contentProviderId":3,"attributeName":"Type","attributeDisplayOrder":1,"attributeValue":"Universal remote control","glossaryId":0,"attrDisplayName":"Type"},{"itemID":15992333,"groupName":"Audio System","groupDisplayOrder":5,"contentProviderId":3,"attributeName":"Sound Output Mode","attributeDisplayOrder":1,"attributeValue":"Stereo","glossaryId":0,"attrDisplayName":"Sound Output Mode"},{"itemID":15992333,"groupName":"Audio System","groupDisplayOrder":5,"contentProviderId":3,"attributeName":"Additional Features","attributeDisplayOrder":4,"attributeValue":"SRS TruVolume","glossaryId":0,"attrDisplayName":"Additional Features"},{"itemID":15992333,"groupName":"Audio System","groupDisplayOrder":5,"contentProviderId":3,"attributeName":"Sound Effects","attributeDisplayOrder":6,"attributeValue":"SRS TruSurround HD, SRS StudioSound","glossaryId":0,"attrDisplayName":"Sound Effects"},{"itemID":15992333,"groupName":"Audio System","groupDisplayOrder":5,"contentProviderId":3,"attributeName":"Surround Mode","attributeDisplayOrder":10,"attributeValue":"Yes","glossaryId":0,"attrDisplayName":"Surround Mode"},{"itemID":15992333,"groupName":"Connections","groupDisplayOrder":6,"contentProviderId":3,"attributeName":"Connector Type","attributeDisplayOrder":1,"attributeValue":"4 x HDMI input ( 19 pin HDMI Type A ) ¦ 1 x composite video/audio input ( RCA phono x 3 ) ¦ 1 x component video input ( RCA phono x 3 ) ¦ 1 x digital audio output (optical) ( TOSLINK ) ¦ 1 x VGA input ( 15 pin HD D-Sub (HD-15) ) ¦ 1 x audio line-in ( mini-phone stereo 3.5 mm ) ¦ 2 x USB ( 4 pin USB Type A ) ¦ 1 x audio line-in ( RCA phono x 2 ) ¦ 1 x network ( RJ-45 ) ¦ 1 x audio line-out","glossaryId":0,"attrDisplayName":"Connector Type"},{"itemID":15992333,"groupName":"Miscellaneous","groupDisplayOrder":7,"contentProviderId":3,"attributeName":"Compliant Standards","attributeDisplayOrder":2,"attributeValue":"FCC Class B certified, CSA","glossaryId":0,"attrDisplayName":"Compliant Standards"},{"itemID":15992333,"groupName":"Power","groupDisplayOrder":8,"contentProviderId":3,"attributeName":"Power Device","attributeDisplayOrder":1,"attributeValue":"Power supply","glossaryId":0,"attrDisplayName":"Power Device"},{"itemID":15992333,"groupName":"Power","groupDisplayOrder":8,"contentProviderId":3,"attributeName":"Power Consumption Stand by / Sleep","attributeDisplayOrder":3,"attributeValue":"1 Watt","glossaryId":0,"attrDisplayName":"Power Consumption Stand by / Sleep"},{"itemID":15992333,"groupName":"Network & Internet Multimedia","groupDisplayOrder":11,"contentProviderId":3,"attributeName":"Connectivity","attributeDisplayOrder":2,"attributeValue":"Wireless / wired","glossaryId":0,"attrDisplayName":"Connectivity"},{"itemID":15992333,"groupName":"Network & Internet Multimedia","groupDisplayOrder":11,"contentProviderId":3,"attributeName":"Connectivity Protocols","attributeDisplayOrder":3,"attributeValue":"Ethernet, 802.11b/g/n (Wi-Fi)","glossaryId":0,"attrDisplayName":"Connectivity Protocols"},{"itemID":15992333,"groupName":"Stands & Mounts","groupDisplayOrder":12,"contentProviderId":3,"attributeName":"Stand Design","attributeDisplayOrder":2,"attributeValue":"Tabletop","glossaryId":0,"attrDisplayName":"Stand Design"},{"itemID":15992333,"groupName":"Stands & Mounts","groupDisplayOrder":12,"contentProviderId":3,"attributeName":"Flat Panel Mount Interface","attributeDisplayOrder":4,"attributeValue":"400 x 200 mm","glossaryId":0,"attrDisplayName":"Flat Panel Mount Interface"},{"itemID":15992333,"groupName":"Dimensions & Weight Details","groupDisplayOrder":13,"contentProviderId":3,"attributeName":"Dimensions & Weight Details","attributeDisplayOrder":1,"attributeValue":"Panel with stand - 44.5 in x 10.5 in x 29.9 in x 45 lbs ¦ Panel without stand - 44.5 in x 3.4 in x 28.4 in x 39.9 lbs","glossaryId":0,"attrDisplayName":"Dimensions & Weight Details"},{"itemID":15992333,"groupName":"Digital TV Tuner","groupDisplayOrder":15,"contentProviderId":3,"attributeName":"Digital TV Tuner","attributeDisplayOrder":2,"attributeValue":"ATSC","glossaryId":0,"attrDisplayName":"Digital TV Tuner"}],"sellers":{"0":{"itemId":15992333,"sellerId":0,"sellerTypeId":1,"sellerName":"Walmart.com","currentItemPrice":598.0,"vendorItemNum":"E3D470VX","weight":64.0,"wrapCode":0,"maximumItems":5,"baseItemPrice":648.0,"stockWaterMark":0,"displayStatus":3,"tagCode":0,"baseSuggPrice":799.99,"packingSlipCode":0,"minPrice":598.0,"maxPrice":598.0,"priceChangeCode":0,"productTaxCode":"PTG9","rebateAmount":-9.223372036854776E18,"rebateTargetURL":null,"shippingDimX":32.38,"shippingDimY":54.33,"shippingDimZ":8.85,"s2SE":true,"sellerItemFlags":null,"freeReturns":false,"shipAlone":true,"remapToItemId":-9223372036854775808,"remapAction":null,"promotionDiscount":-9.223372036854776E18,"promotionMessageType":"","minPromotionAmount":-9.223372036854776E18,"maxPromotionAmount":-9.223372036854776E18,"fedExEligible":false,"smallFormatEligible":false,"thresholdShippingEligible":false,"isS2SOnly":false,"tweTaxCode":"2042535","shippingTaxCode":"2038346","giftWrapTaxCode":"2038857","ppu":-9.223372036854776E18,"fromPPU":-9.223372036854776E18,"contributesToThreshold":false,"isPIPEligible":"Y","checksum":-1,"freeShipping":false,"itemEligibleForFedEx":false,"is97CentShipping":false,"hasRebateLink":false,"storePickupable":true,"submapCode":0,"97CentShipping":false,"shippingDimensionX":32.38,"shippingDimensionY":54.33,"shippingDimensionZ":8.85,"employeeDiscountable":true,"combinedThresholdEligible":false,"availableShippingOfferCodes":null,"isFreeShipping":false}},"ppueligible":false,"uom":null,"unitCount":"0","itemFlags":"1,","originalBaseUpc":"0084522600509","imageThumbnailURL":"http://i.walmartimages.com/i/p/00/84/52/26/00/0084522600509_60X60.gif","electronicDelivery":false,"productImageUrl":"http://i.walmartimages.com/i/p/00/84/52/26/00/0084522600509_215X215.jpg","hazardMaterial":false,"media":false,"specialPricing":null,"rebate":false,"putEligible":true,"imagePostCardURL":"http://i.walmartimages.com/i/p/00/84/52/26/00/0084522600509_150X150.jpg"}]