[{"genericContent":{"itemId":17618028,"sourceId":2,"rank":1,"itemName":"SCEPTRE X425BV-FHD 42\" with RCA Home Theater System and 6ft HDMI Cable, TV Bundle","itemShortName":null,"shortDescription":"The Sceptre 42\" Class LCD 1080p 60Hz HDTV delivers top-of-the-line picture and audio quality. This Sceptre 42\" LCD HDTV features a sleek and slim look that will give your home a new feeling with its eye-catching glossy black housing that shines elegantly throughout the room. The built-in ATSC/NTSC/QAM and TruSurround HD help provide you with vivid images and sound. The high-quality and superieor HD experience make the 42\" 1080p HDTV a wise investment for any home.<p><b>Note:</b> You must have a source of HD programming in order to take full advantage of the Sceptre LCD HDTV. Contact your local cable or satellite TV service provider for details on how to upgrade.<p>","longDescription":"<p><b>Sceptre 42\" Class LCD 1080p 60Hz HDTV, X425BV-FHD:</b><ul><li>16:9 LCD panel<br>With 1920 x 1080 Full-HD resolution<li>42\" class screen size<br>42\" screen of this Sceptre LCD HDTV is measured diagonally from corner to corner<li>Built-in digital tuner<br>Watch digital broadcasts, including HDTV programs where available on this Sceptre 42\" LCD HDTV<li>High brightness of 400 cd/m2 with 5-ms. response time<br>Place your Sceptre LCD HDTV anywhere<li>50,000:1dynamic contrast ratio<li>HDMI Inputs: 3<br>Enjoy a superior HD experience with the HDMI one-cable solution</ul>","shelfDescription":"<li>42\" diagonal screen size<li>HDMI Inputs: 3<li>Wall mountable<li>Built-in digital tuner<li>50,000:1 Dynamic Contrast Ratio<li>SRS TruSurround HD<li>1920x1080/1080P","mfgNo":null,"modelNum":null,"dimensionX":-9.223372036854776E18,"dimensionY":-9.223372036854776E18,"dimensionZ":-9.223372036854776E18,"platform":null,"supplierWarranty":null,"warrantyLength":null,"assembledCountryOfOrigin":null,"componentsCountryOfOrigin":null,"accessoriesIncluded":null,"accessoriesNotIncluded":null,"ageRange":null,"gender":null,"rating":null,"attributeValue1":null,"attributeValue2":null,"attributeValue3":null,"attributeName1":null,"attributeName2":null,"attributeName3":null,"brandName":null,"manufacturerName":null,"alternateViews":null,"imageId":-9223372036854775808,"addlWarnMsgA":null,"addlWarnMsgB":null,"altWarnMsg":"N","panZoomId":2,"hasMatureContent":false,"attributeType1":null,"attributeUISetting1":null,"attributeRanking1":1,"attributeType2":null,"attributeUISetting2":null,"attributeRanking2":1,"attributeType3":null,"attributeUISetting3":null,"attributeRanking3":1,"attribute1_order":3,"attribute2_order":3,"attribute3_order":3,"partnerId":-1,"originalBaseUPC":"1113002504797","variantAttrData":null,"logoImage":"http://i.walmartimages.com/i/icon/-9/22/33/72/03/-9223372036854775808_100X60.gif","attributeData":[]},"alternateImageData":[],"id":17618028,"comparable":false,"upc":"1113002504797","customerRatingUrl":null,"partnerId":-1,"itemAttributes":[],"sellers":{"0":{"itemId":17618028,"sellerId":0,"sellerTypeId":1,"sellerName":"Walmart.com","currentItemPrice":429.0,"vendorItemNum":null,"weight":46.3,"wrapCode":0,"maximumItems":5,"baseItemPrice":399.0,"stockWaterMark":0,"displayStatus":1,"tagCode":0,"baseSuggPrice":599.99,"packingSlipCode":0,"minPrice":429.0,"maxPrice":429.0,"priceChangeCode":5,"productTaxCode":null,"rebateAmount":-9.223372036854776E18,"rebateTargetURL":null,"shippingDimX":31.1,"shippingDimY":46.0,"shippingDimZ":36.2,"s2SE":false,"sellerItemFlags":null,"freeReturns":false,"shipAlone":false,"remapToItemId":-9223372036854775808,"remapAction":null,"promotionDiscount":-9.223372036854776E18,"promotionMessageType":"","minPromotionAmount":-9.223372036854776E18,"maxPromotionAmount":-9.223372036854776E18,"fedExEligible":false,"smallFormatEligible":false,"thresholdShippingEligible":false,"isS2SOnly":false,"tweTaxCode":null,"shippingTaxCode":"2038346","giftWrapTaxCode":"2038857","ppu":-9.223372036854776E18,"fromPPU":-9.223372036854776E18,"contributesToThreshold":false,"isPIPEligible":"Y","checksum":-1,"freeShipping":false,"itemEligibleForFedEx":false,"is97CentShipping":false,"hasRebateLink":false,"storePickupable":true,"submapCode":0,"97CentShipping":false,"shippingDimensionX":31.1,"shippingDimensionY":46.0,"shippingDimensionZ":36.2,"employeeDiscountable":true,"combinedThresholdEligible":false,"availableShippingOfferCodes":null,"isFreeShipping":false}},"ppueligible":false,"uom":null,"unitCount":"0","itemFlags":null,"originalBaseUpc":"1113002504797","imageThumbnailURL":"http://i.walmartimages.com/i/p/11/13/00/25/04/1113002504797_60X60.gif","electronicDelivery":false,"productImageUrl":"http://i.walmartimages.com/i/p/11/13/00/25/04/1113002504797_215X215.jpg","hazardMaterial":false,"media":false,"specialPricing":null,"rebate":false,"putEligible":false,"imagePostCardURL":"http://i.walmartimages.com/i/p/11/13/00/25/04/1113002504797_150X150.jpg"}]