[{"genericContent":{"itemId":17208304,"sourceId":2,"rank":1,"itemName":"Philips 40\" Class LED-LCD 1080p 120Hz HDTV, 40PFL7505D/F7B, (1.57' ultra-slim) Refurbished","itemShortName":null,"shortDescription":"Treat yourself to an immersive experience with the Philips 40\" 1080p HDTV. With powerful picture performance from Pixel Precise HD, the slim frame ensures you are always part of the action.<p><b>Note:</b> You must have a source of HD programming in order to take full advantage of the refurbished Philips 40\" LED-LCD HDTV. Contact your local cable or satellite TV service provider for details on how to upgrade.<p><b>ENERGY STAR<sup>&reg;</sup></b><br>Products that are ENERGY STAR-qualified prevent greenhouse gas emissions by meeting strict energy efficiency guidelines set by the U.S. Environmental Protection Agency and the U.S. Department of Energy. The ENERGY STAR name and marks are registered marks owned by the U.S. government, as part of their energy efficiency and environmental activities.","longDescription":"<p><b>Philips 40\" Class LED-LCD 1080p 120Hz HDTV, 40PFL7505D/F7B, Refurbished:</b><ul><li>16:9 LED panel<br>With 1920 x 1080 full-HD resolution<li>40\" class screen size<br>40\" screen of this Philips 40\" LED-LCD HDTV is measured diagonally from corner to corner<li>Wide 178-degree vertical and 178-degree horizontal angles<br>See a clear picture from anywhere in the room on this Philips 40\" LED-LCD HDTV<li>Built-in digital tuner<br>Watch digital broadcasts, including HDTV programs where available<li>High brightness of 450cd/m2 with 2-ms. response time<br>Place your Philips 40\" LED-LCD HDTV anywhere<li>110,000:1 dynamic contrast ratio<li>HDMI Inputs: 4<br>Enjoy a superior HD experience with the HDMI one-cable solution<li>SRS TruSurround HD<br>Get room-filling HD surround sound<li>Wall mountable<br>VESA standard 400mm x 400mm mounting holes (Wall mount sold separately)</ul>","shelfDescription":"<li>40\" diagonal screen size<li>HDMI Inputs: 4<li>Wall mountable<li>SRS TruSurround HD","mfgNo":"40PFL7505D/F7B","modelNum":"RB40PFL7505D/F7B","dimensionX":25.63,"dimensionY":38.19,"dimensionZ":10.94,"platform":null,"supplierWarranty":"90 Day Limited Warranty","warrantyLength":"90 days","assembledCountryOfOrigin":"USA or Imported","componentsCountryOfOrigin":"USA or Imported","accessoriesIncluded":null,"accessoriesNotIncluded":null,"ageRange":null,"gender":null,"rating":null,"attributeValue1":null,"attributeValue2":null,"attributeValue3":null,"attributeName1":null,"attributeName2":null,"attributeName3":null,"brandName":"Philips","manufacturerName":"Trigg Laboratories","alternateViews":"8","imageId":-9223372036854775808,"addlWarnMsgA":null,"addlWarnMsgB":null,"altWarnMsg":"N","panZoomId":2,"hasMatureContent":false,"attributeType1":null,"attributeUISetting1":null,"attributeRanking1":1,"attributeType2":null,"attributeUISetting2":null,"attributeRanking2":1,"attributeType3":null,"attributeUISetting3":null,"attributeRanking3":1,"attribute1_order":3,"attribute2_order":3,"attribute3_order":3,"partnerId":-1,"originalBaseUPC":"0060534203826","variantAttrData":null,"logoImage":"http://i.walmartimages.com/i/icon/-9/22/33/72/03/-9223372036854775808_100X60.gif","attributeData":[]},"alternateImageData":[{"imageSrc":"http://i.walmartimages.com/i/p/00/60/53/42/03/0060534203826_60X60.gif","lgImageSrc":"http://i.walmartimages.com/i/p/00/60/53/42/03/0060534203826_500X500.jpg","name":null},{"imageSrc":"http://i.walmartimages.com/i/p/00/60/53/42/03/0060534203826_AV_60X60.gif","lgImageSrc":"http://i.walmartimages.com/i/p/00/60/53/42/03/0060534203826_AV_500X500.jpg","name":null},{"imageSrc":"http://i.walmartimages.com/i/p/00/60/53/42/03/0060534203826_AV1_60X60.gif","lgImageSrc":"http://i.walmartimages.com/i/p/00/60/53/42/03/0060534203826_AV1_500X500.jpg","name":null},{"imageSrc":"http://i.walmartimages.com/i/p/00/60/53/42/03/0060534203826_AV2_60X60.gif","lgImageSrc":"http://i.walmartimages.com/i/p/00/60/53/42/03/0060534203826_AV2_500X500.jpg","name":null},{"imageSrc":"http://i.walmartimages.com/i/p/00/60/53/42/03/0060534203826_AV3_60X60.gif","lgImageSrc":"http://i.walmartimages.com/i/p/00/60/53/42/03/0060534203826_AV3_500X500.jpg","name":null},{"imageSrc":"http://i.walmartimages.com/i/p/00/60/53/42/03/0060534203826_AV4_60X60.gif","lgImageSrc":"http://i.walmartimages.com/i/p/00/60/53/42/03/0060534203826_AV4_500X500.jpg","name":null},{"imageSrc":"http://i.walmartimages.com/i/p/00/60/53/42/03/0060534203826_AV5_60X60.gif","lgImageSrc":"http://i.walmartimages.com/i/p/00/60/53/42/03/0060534203826_AV5_500X500.jpg","name":null},{"imageSrc":"http://i.walmartimages.com/i/p/00/60/53/42/03/0060534203826_AV6_60X60.gif","lgImageSrc":"http://i.walmartimages.com/i/p/00/60/53/42/03/0060534203826_AV6_500X500.jpg","name":null},{"imageSrc":"http://i.walmartimages.com/i/p/00/60/53/42/03/0060534203826_AV7_60X60.gif","lgImageSrc":"http://i.walmartimages.com/i/p/00/60/53/42/03/0060534203826_AV7_500X500.jpg","name":null}],"id":17208304,"comparable":true,"upc":"0060534203826","customerRatingUrl":null,"partnerId":-1,"itemAttributes":[{"itemID":17208304,"groupName":"Additional Specifications","groupDisplayOrder":34,"contentProviderId":2,"attributeName":"Brightness","attributeDisplayOrder":36,"attributeValue":"450 cd/m2","glossaryId":0,"attrDisplayName":"Brightness"},{"itemID":17208304,"groupName":"Additional Specifications","groupDisplayOrder":34,"contentProviderId":2,"attributeName":"Contrast Ratio","attributeDisplayOrder":37,"attributeValue":"110,000:1","glossaryId":0,"attrDisplayName":"Contrast Ratio"},{"itemID":17208304,"groupName":"Additional Specifications","groupDisplayOrder":34,"contentProviderId":2,"attributeName":"Remote Included","attributeDisplayOrder":40,"attributeValue":"Yes","glossaryId":0,"attrDisplayName":"Remote Included"},{"itemID":17208304,"groupName":"Additional Specifications","groupDisplayOrder":34,"contentProviderId":2,"attributeName":"Resolution","attributeDisplayOrder":41,"attributeValue":"1080p (HDTV)","glossaryId":0,"attrDisplayName":"Resolution"},{"itemID":17208304,"groupName":"Additional Specifications","groupDisplayOrder":34,"contentProviderId":2,"attributeName":"Response Time","attributeDisplayOrder":42,"attributeValue":"2ms","glossaryId":0,"attrDisplayName":"Response Time"},{"itemID":17208304,"groupName":"Additional Specifications","groupDisplayOrder":34,"contentProviderId":2,"attributeName":"Tv Definition","attributeDisplayOrder":44,"attributeValue":"HDTV","glossaryId":0,"attrDisplayName":"Tv Definition"},{"itemID":17208304,"groupName":"Additional Specifications","groupDisplayOrder":34,"contentProviderId":2,"attributeName":"Tv Technology","attributeDisplayOrder":45,"attributeValue":"LED","glossaryId":0,"attrDisplayName":"Tv Technology"},{"itemID":17208304,"groupName":"Additional Specifications","groupDisplayOrder":34,"contentProviderId":2,"attributeName":"Primary Color","attributeDisplayOrder":171,"attributeValue":"Black","glossaryId":0,"attrDisplayName":"Primary Color"},{"itemID":17208304,"groupName":"Additional Specifications","groupDisplayOrder":34,"contentProviderId":2,"attributeName":"Multi Pack Indicator","attributeDisplayOrder":180,"attributeValue":"No","glossaryId":0,"attrDisplayName":"Multi Pack Indicator"},{"itemID":17208304,"groupName":"Additional Specifications","groupDisplayOrder":34,"contentProviderId":2,"attributeName":"Battery Type","attributeDisplayOrder":184,"attributeValue":"Does Not Contain a Battery","glossaryId":0,"attrDisplayName":"Battery Type"}],"sellers":{"0":{"itemId":17208304,"sellerId":0,"sellerTypeId":1,"sellerName":"Walmart.com","currentItemPrice":429.0,"vendorItemNum":"40PFL7505D/F7B","weight":47.0,"wrapCode":0,"maximumItems":5,"baseItemPrice":479.98,"stockWaterMark":1,"displayStatus":1,"tagCode":0,"baseSuggPrice":649.0,"packingSlipCode":0,"minPrice":479.98,"maxPrice":479.98,"priceChangeCode":0,"productTaxCode":"PTG9","rebateAmount":-9.223372036854776E18,"rebateTargetURL":null,"shippingDimX":30.0,"shippingDimY":44.0,"shippingDimZ":12.0,"s2SE":true,"sellerItemFlags":null,"freeReturns":false,"shipAlone":true,"remapToItemId":-9223372036854775808,"remapAction":null,"promotionDiscount":-9.223372036854776E18,"promotionMessageType":"","minPromotionAmount":-9.223372036854776E18,"maxPromotionAmount":-9.223372036854776E18,"fedExEligible":false,"smallFormatEligible":false,"thresholdShippingEligible":false,"isS2SOnly":false,"tweTaxCode":"2042534","shippingTaxCode":"2038346","giftWrapTaxCode":"2038857","ppu":-9.223372036854776E18,"fromPPU":-9.223372036854776E18,"contributesToThreshold":false,"isPIPEligible":"Y","checksum":-1,"freeShipping":false,"itemEligibleForFedEx":false,"is97CentShipping":false,"hasRebateLink":false,"storePickupable":true,"submapCode":0,"97CentShipping":false,"shippingDimensionX":30.0,"shippingDimensionY":44.0,"shippingDimensionZ":12.0,"employeeDiscountable":true,"combinedThresholdEligible":false,"availableShippingOfferCodes":null,"isFreeShipping":false}},"ppueligible":false,"uom":null,"unitCount":"0","itemFlags":null,"originalBaseUpc":"0060534203826","imageThumbnailURL":"http://i.walmartimages.com/i/p/00/60/53/42/03/0060534203826_60X60.gif","electronicDelivery":false,"productImageUrl":"http://i.walmartimages.com/i/p/00/60/53/42/03/0060534203826_215X215.jpg","hazardMaterial":false,"media":false,"specialPricing":null,"rebate":false,"putEligible":false,"imagePostCardURL":"http://i.walmartimages.com/i/p/00/60/53/42/03/0060534203826_150X150.jpg"}]