[{"genericContent":{"itemId":20461479,"sourceId":2,"rank":1,"itemName":"Vizio 47\" Class LED-LCD 1080p 120Hz refresh rate HDTV, (2\" ultra-slim) M470SL Smart TV","itemShortName":null,"shortDescription":"<li>46.96\" diagonal screen size<li>HDMI Inputs: 4<li>Wall mountable<li>Built-in WiFi","longDescription":"<br><b>Vizio 47\" Class LED-LCD 1080p 120Hz refresh rate HDTV, M470SL:</b><ul><li>47\" LED panel<br>With a 1920 x 1080 Full HD resolution<li>True 16:9 aspect ratio<br>View your movies as the director intended<li>Wide 178-degree vertical and 178-degree horizontal angles<br>See a clear picture from anywhere in the room<li>Built-in digital tuner<br>Watch digital broadcasts, including HDTV programs where available<li>9 ms response time<br>Quick response time for a great picture<li>200,000:1 dynamic contrast ratio<li>HDMI Inputs: 4<br>Enjoy a superior HD experience with HDMI one cable solution<li>46.96\" screen measured diagonally from corner to corner<li>Wall mountable<br>VESA standard 400mm x 400mm<li>Built-in WiFi<br>Stream movies, programs and more to your HDTV<li>SRS StudioSound<br>Get booming surround sound</ul><br><b>ENERGY STAR<sup>&reg;</sup></b><br>Products that are ENERGY STAR-qualified prevent greenhouse gas emissions by meeting strict energy efficiency guidelines set by the U.S. Environmental Protection Agency and the U.S. Department of Energy. The ENERGY STAR name and marks are registered marks owned by the U.S. government, as part of their energy efficiency and environmental activities.","shelfDescription":"Vizio's M470SL 47\" Class (46.96\" diagonal) Edge Lit Razor LED/LCD HDTV with Vizio Internet Apps puts the best of the web right on your TV. Get instant access to on-demand movies, TV shows, social networking, music, photos and more at the push of a button on the enhanced two-sided remote with keyboard. Equipped with built-in WiFi (802.11n), it also boasts 1080p Full HD with Razor LED and 200,000 to 1 DCR for brilliant color and clarity in a razor thin design.<br><br><b>Note:</b> You must have a source of HD programming in order to take full advantage of the Vizio 47\" HDTV. Contact your local cable or satellite TV provider for details on how to upgrade.","mfgNo":"M470SL","modelNum":"M470SL","dimensionX":29.1,"dimensionY":43.2,"dimensionZ":9.5,"platform":null,"supplierWarranty":"1 Year Limited Warranty","warrantyLength":null,"assembledCountryOfOrigin":"Imported","componentsCountryOfOrigin":"Imported","accessoriesIncluded":null,"accessoriesNotIncluded":null,"ageRange":null,"gender":null,"rating":null,"attributeValue1":null,"attributeValue2":null,"attributeValue3":null,"attributeName1":null,"attributeName2":null,"attributeName3":null,"brandName":"Vizio","manufacturerName":"Vizio","alternateViews":"2","imageId":-9223372036854775808,"addlWarnMsgA":null,"addlWarnMsgB":null,"altWarnMsg":"N","panZoomId":-9223372036854775808,"hasMatureContent":false,"attributeType1":null,"attributeUISetting1":null,"attributeRanking1":1,"attributeType2":null,"attributeUISetting2":null,"attributeRanking2":1,"attributeType3":null,"attributeUISetting3":null,"attributeRanking3":1,"attribute1_order":3,"attribute2_order":3,"attribute3_order":3,"partnerId":-1,"originalBaseUPC":"0084522600679","variantAttrData":null,"logoImage":"http://i.walmartimages.com/i/icon/-9/22/33/72/03/-9223372036854775808_100X60.gif","attributeData":[]},"alternateImageData":[{"imageSrc":"http://i.walmartimages.com/i/p/00/84/52/26/00/0084522600679_60X60.gif","lgImageSrc":"http://i.walmartimages.com/i/p/00/84/52/26/00/0084522600679_500X500.jpg","name":null},{"imageSrc":"http://i.walmartimages.com/i/p/00/84/52/26/00/0084522600679_AV_60X60.gif","lgImageSrc":"http://i.walmartimages.com/i/p/00/84/52/26/00/0084522600679_AV_500X500.jpg","name":null},{"imageSrc":"http://i.walmartimages.com/i/p/00/84/52/26/00/0084522600679_AV1_60X60.gif","lgImageSrc":"http://i.walmartimages.com/i/p/00/84/52/26/00/0084522600679_AV1_500X500.jpg","name":null}],"id":20461479,"comparable":true,"upc":"0084522600679","customerRatingUrl":"http://www.walmart.com/i/CustRating/4_3.gif","partnerId":-1,"itemAttributes":[{"itemID":20461479,"groupName":"Additional Specifications","groupDisplayOrder":34,"contentProviderId":2,"attributeName":"Contrast Ratio","attributeDisplayOrder":37,"attributeValue":"200,000:1","glossaryId":0,"attrDisplayName":"Contrast Ratio"},{"itemID":20461479,"groupName":"Additional Specifications","groupDisplayOrder":34,"contentProviderId":2,"attributeName":"Remote Included","attributeDisplayOrder":40,"attributeValue":"Yes","glossaryId":0,"attrDisplayName":"Remote Included"},{"itemID":20461479,"groupName":"Additional Specifications","groupDisplayOrder":34,"contentProviderId":2,"attributeName":"Resolution","attributeDisplayOrder":41,"attributeValue":"1080p (HDTV)","glossaryId":0,"attrDisplayName":"Resolution"},{"itemID":20461479,"groupName":"Additional Specifications","groupDisplayOrder":34,"contentProviderId":2,"attributeName":"Response Time","attributeDisplayOrder":42,"attributeValue":"9 ms","glossaryId":0,"attrDisplayName":"Response Time"},{"itemID":20461479,"groupName":"Additional Specifications","groupDisplayOrder":34,"contentProviderId":2,"attributeName":"Tv Definition","attributeDisplayOrder":44,"attributeValue":"HDTV","glossaryId":0,"attrDisplayName":"Tv Definition"},{"itemID":20461479,"groupName":"Additional Specifications","groupDisplayOrder":34,"contentProviderId":2,"attributeName":"Tv Technology","attributeDisplayOrder":45,"attributeValue":"LCD,LED","glossaryId":0,"attrDisplayName":"Tv Technology"},{"itemID":20461479,"groupName":"Additional Specifications","groupDisplayOrder":34,"contentProviderId":2,"attributeName":"Primary Color","attributeDisplayOrder":171,"attributeValue":"Black","glossaryId":0,"attrDisplayName":"Primary Color"},{"itemID":20461479,"groupName":"Additional Specifications","groupDisplayOrder":34,"contentProviderId":2,"attributeName":"Multi Pack Indicator","attributeDisplayOrder":180,"attributeValue":"No","glossaryId":0,"attrDisplayName":"Multi Pack Indicator"},{"itemID":20461479,"groupName":"Additional Specifications","groupDisplayOrder":34,"contentProviderId":2,"attributeName":"Battery Type","attributeDisplayOrder":184,"attributeValue":"Does Not Contain a Battery","glossaryId":0,"attrDisplayName":"Battery Type"}],"sellers":{"0":{"itemId":20461479,"sellerId":0,"sellerTypeId":1,"sellerName":"Walmart.com","currentItemPrice":688.0,"vendorItemNum":"M470SL","weight":46.3,"wrapCode":0,"maximumItems":5,"baseItemPrice":698.0,"stockWaterMark":0,"displayStatus":3,"tagCode":0,"baseSuggPrice":799.99,"packingSlipCode":0,"minPrice":688.0,"maxPrice":688.0,"priceChangeCode":5,"productTaxCode":"PTG9","rebateAmount":-9.223372036854776E18,"rebateTargetURL":null,"shippingDimX":30.9,"shippingDimY":50.8,"shippingDimZ":4.6,"s2SE":true,"sellerItemFlags":null,"freeReturns":false,"shipAlone":false,"remapToItemId":-9223372036854775808,"remapAction":null,"promotionDiscount":-9.223372036854776E18,"promotionMessageType":"","minPromotionAmount":-9.223372036854776E18,"maxPromotionAmount":-9.223372036854776E18,"fedExEligible":false,"smallFormatEligible":true,"thresholdShippingEligible":false,"isS2SOnly":false,"tweTaxCode":"2042530","shippingTaxCode":"2038346","giftWrapTaxCode":"2038857","ppu":-9.223372036854776E18,"fromPPU":-9.223372036854776E18,"contributesToThreshold":false,"isPIPEligible":"Y","checksum":-1,"freeShipping":false,"itemEligibleForFedEx":false,"is97CentShipping":false,"hasRebateLink":false,"storePickupable":true,"submapCode":0,"97CentShipping":false,"shippingDimensionX":30.9,"shippingDimensionY":50.8,"shippingDimensionZ":4.6,"employeeDiscountable":true,"combinedThresholdEligible":false,"availableShippingOfferCodes":null,"isFreeShipping":false}},"ppueligible":false,"uom":null,"unitCount":"0","itemFlags":null,"originalBaseUpc":"0084522600679","imageThumbnailURL":"http://i.walmartimages.com/i/p/00/84/52/26/00/0084522600679_60X60.gif","electronicDelivery":false,"productImageUrl":"http://i.walmartimages.com/i/p/00/84/52/26/00/0084522600679_215X215.jpg","hazardMaterial":false,"media":false,"specialPricing":null,"rebate":false,"putEligible":false,"imagePostCardURL":"http://i.walmartimages.com/i/p/00/84/52/26/00/0084522600679_150X150.jpg"}]