[{"genericContent":{"itemId":20510620,"sourceId":2,"rank":1,"itemName":"Westinghouse 32\" Class LED-LCD 720p 60Hz HDTV,(2.3\" ultra-slim) LD-3237","itemShortName":null,"shortDescription":"The Westinghouse 32\" Class LED-LCD 720p 60Hz HDTV, LD-3237 has a 1\" edge with 2.3\" maximum thickness for a slim profile that looks great with any decor. This eco-friendly TV uses 10 percent less energy than a 60W light bulb and features a 24 percent reduction in transportation carbon footprint compared to previous models. You get a great picture with 720p HD resolution and 22 percent bigger color gamut.<br><br><b>Note:</b> You must have a source of HD programming in order to take full advantage of the Westinghouse 32\" HDTV. Contact your local cable or satellite TV provider for details on how to upgrade.","longDescription":"<br><b>Westinghouse 32\" Class LED-LCD 720p 60Hz HDTV, LD-3237:</b><ul><li>32\" LED panel<br>With a 1366 x 768 resolution<li>True 16:9 aspect ratio<br>View your movies as the director intended<li>Wide 176-degree vertical and 176-degree horizontal angles<br>See a clear picture from anywhere in the room<li>Built-in digital tuner<br>Watch digital broadcasts, including HDTV programs where available<li>High brightness of 300cd/m2 with 6.5 ms response time<br>Place your TV anywhere<li>100,000:1 dynamic contrast ratio<li>HDMI Inputs: 2<br>Enjoy a superior HD experience with HDMI one cable solution<li>31.5\" screen measured diagonally from corner to corner<li>Wall mountable<br>VESA standard 200mm x 100mm</ul><br><b>ENERGY STAR<sup>&reg;</sup></b><br>Products that are ENERGY STAR-qualified prevent greenhouse gas emissions by meeting strict energy efficiency guidelines set by the U.S. Environmental Protection Agency and the U.S. Department of Energy. The ENERGY STAR name and marks are registered marks owned by the U.S. government, as part of their energy efficiency and environmental activities.","shelfDescription":"<li>32\" diagonal screen size<li>HDMI Inputs: 2","mfgNo":"LD-3237","modelNum":"LD-3237","dimensionX":21.0,"dimensionY":30.2,"dimensionZ":7.76,"platform":null,"supplierWarranty":"1 Year Limited Warranty","warrantyLength":null,"assembledCountryOfOrigin":"Imported","componentsCountryOfOrigin":"Imported","accessoriesIncluded":null,"accessoriesNotIncluded":null,"ageRange":null,"gender":null,"rating":null,"attributeValue1":null,"attributeValue2":null,"attributeValue3":null,"attributeName1":null,"attributeName2":null,"attributeName3":null,"brandName":"Westinghouse","manufacturerName":"Westinghouse","alternateViews":"7","imageId":-9223372036854775808,"addlWarnMsgA":null,"addlWarnMsgB":null,"altWarnMsg":"N","panZoomId":2,"hasMatureContent":false,"attributeType1":null,"attributeUISetting1":null,"attributeRanking1":1,"attributeType2":null,"attributeUISetting2":null,"attributeRanking2":1,"attributeType3":null,"attributeUISetting3":null,"attributeRanking3":1,"attribute1_order":3,"attribute2_order":3,"attribute3_order":3,"partnerId":-1,"originalBaseUPC":"0088277706500","variantAttrData":null,"logoImage":"http://i.walmartimages.com/i/icon/-9/22/33/72/03/-9223372036854775808_100X60.gif","attributeData":[]},"alternateImageData":[{"imageSrc":"http://i.walmartimages.com/i/p/00/88/27/77/06/0088277706500_60X60.gif","lgImageSrc":"http://i.walmartimages.com/i/p/00/88/27/77/06/0088277706500_500X500.jpg","name":null},{"imageSrc":"http://i.walmartimages.com/i/p/00/88/27/77/06/0088277706500_AV_60X60.gif","lgImageSrc":"http://i.walmartimages.com/i/p/00/88/27/77/06/0088277706500_AV_500X500.jpg","name":null},{"imageSrc":"http://i.walmartimages.com/i/p/00/88/27/77/06/0088277706500_AV1_60X60.gif","lgImageSrc":"http://i.walmartimages.com/i/p/00/88/27/77/06/0088277706500_AV1_500X500.jpg","name":null},{"imageSrc":"http://i.walmartimages.com/i/p/00/88/27/77/06/0088277706500_AV2_60X60.gif","lgImageSrc":"http://i.walmartimages.com/i/p/00/88/27/77/06/0088277706500_AV2_500X500.jpg","name":null},{"imageSrc":"http://i.walmartimages.com/i/p/00/88/27/77/06/0088277706500_AV3_60X60.gif","lgImageSrc":"http://i.walmartimages.com/i/p/00/88/27/77/06/0088277706500_AV3_500X500.jpg","name":null},{"imageSrc":"http://i.walmartimages.com/i/p/00/88/27/77/06/0088277706500_AV4_60X60.gif","lgImageSrc":"http://i.walmartimages.com/i/p/00/88/27/77/06/0088277706500_AV4_500X500.jpg","name":null},{"imageSrc":"http://i.walmartimages.com/i/p/00/88/27/77/06/0088277706500_AV5_60X60.gif","lgImageSrc":"http://i.walmartimages.com/i/p/00/88/27/77/06/0088277706500_AV5_500X500.jpg","name":null},{"imageSrc":"http://i.walmartimages.com/i/p/00/88/27/77/06/0088277706500_AV6_60X60.gif","lgImageSrc":"http://i.walmartimages.com/i/p/00/88/27/77/06/0088277706500_AV6_500X500.jpg","name":null}],"id":20510620,"comparable":true,"upc":"0088277706500","customerRatingUrl":"http://www.walmart.com/i/CustRating/3_9.gif","partnerId":-1,"itemAttributes":[{"itemID":20510620,"groupName":"Additional Specifications","groupDisplayOrder":34,"contentProviderId":2,"attributeName":"Brightness","attributeDisplayOrder":36,"attributeValue":"300 cd/m2","glossaryId":0,"attrDisplayName":"Brightness"},{"itemID":20510620,"groupName":"Additional Specifications","groupDisplayOrder":34,"contentProviderId":2,"attributeName":"Contrast Ratio","attributeDisplayOrder":37,"attributeValue":"100,000:1","glossaryId":0,"attrDisplayName":"Contrast Ratio"},{"itemID":20510620,"groupName":"Additional Specifications","groupDisplayOrder":34,"contentProviderId":2,"attributeName":"Remote Included","attributeDisplayOrder":40,"attributeValue":"Yes","glossaryId":0,"attrDisplayName":"Remote Included"},{"itemID":20510620,"groupName":"Additional Specifications","groupDisplayOrder":34,"contentProviderId":2,"attributeName":"Resolution","attributeDisplayOrder":41,"attributeValue":"720p (HDTV)","glossaryId":0,"attrDisplayName":"Resolution"},{"itemID":20510620,"groupName":"Additional Specifications","groupDisplayOrder":34,"contentProviderId":2,"attributeName":"Response Time","attributeDisplayOrder":42,"attributeValue":"6.5ms","glossaryId":0,"attrDisplayName":"Response Time"},{"itemID":20510620,"groupName":"Additional Specifications","groupDisplayOrder":34,"contentProviderId":2,"attributeName":"Tv Definition","attributeDisplayOrder":44,"attributeValue":"HDTV","glossaryId":0,"attrDisplayName":"Tv Definition"},{"itemID":20510620,"groupName":"Additional Specifications","groupDisplayOrder":34,"contentProviderId":2,"attributeName":"Tv Technology","attributeDisplayOrder":45,"attributeValue":"LCD,LED","glossaryId":0,"attrDisplayName":"Tv Technology"},{"itemID":20510620,"groupName":"Additional Specifications","groupDisplayOrder":34,"contentProviderId":2,"attributeName":"Primary Color","attributeDisplayOrder":171,"attributeValue":"Black","glossaryId":0,"attrDisplayName":"Primary Color"},{"itemID":20510620,"groupName":"Additional Specifications","groupDisplayOrder":34,"contentProviderId":2,"attributeName":"Multi Pack Indicator","attributeDisplayOrder":180,"attributeValue":"No","glossaryId":0,"attrDisplayName":"Multi Pack Indicator"},{"itemID":20510620,"groupName":"Additional Specifications","groupDisplayOrder":34,"contentProviderId":2,"attributeName":"Battery Type","attributeDisplayOrder":184,"attributeValue":"Does Not Contain a Battery","glossaryId":0,"attrDisplayName":"Battery Type"}],"sellers":{"0":{"itemId":20510620,"sellerId":0,"sellerTypeId":1,"sellerName":"Walmart.com","currentItemPrice":239.98,"vendorItemNum":"LD-3237","weight":30.0,"wrapCode":0,"maximumItems":5,"baseItemPrice":229.98,"stockWaterMark":1,"displayStatus":3,"tagCode":0,"baseSuggPrice":299.99,"packingSlipCode":0,"minPrice":239.98,"maxPrice":239.98,"priceChangeCode":5,"productTaxCode":"PTG8","rebateAmount":-9.223372036854776E18,"rebateTargetURL":null,"shippingDimX":22.7,"shippingDimY":5.5,"shippingDimZ":37.0,"s2SE":true,"sellerItemFlags":null,"freeReturns":false,"shipAlone":false,"remapToItemId":-9223372036854775808,"remapAction":null,"promotionDiscount":-9.223372036854776E18,"promotionMessageType":"","minPromotionAmount":-9.223372036854776E18,"maxPromotionAmount":-9.223372036854776E18,"fedExEligible":false,"smallFormatEligible":true,"thresholdShippingEligible":false,"isS2SOnly":false,"tweTaxCode":"2042529","shippingTaxCode":"2038346","giftWrapTaxCode":"2038857","ppu":-9.223372036854776E18,"fromPPU":-9.223372036854776E18,"contributesToThreshold":false,"isPIPEligible":"Y","checksum":-1,"freeShipping":false,"itemEligibleForFedEx":false,"is97CentShipping":false,"hasRebateLink":false,"storePickupable":true,"submapCode":0,"97CentShipping":false,"shippingDimensionX":22.7,"shippingDimensionY":5.5,"shippingDimensionZ":37.0,"employeeDiscountable":true,"combinedThresholdEligible":false,"availableShippingOfferCodes":null,"isFreeShipping":false}},"ppueligible":false,"uom":null,"unitCount":"0","itemFlags":"1,","originalBaseUpc":"0088277706500","imageThumbnailURL":"http://i.walmartimages.com/i/p/00/88/27/77/06/0088277706500_60X60.gif","electronicDelivery":false,"productImageUrl":"http://i.walmartimages.com/i/p/00/88/27/77/06/0088277706500_215X215.jpg","hazardMaterial":false,"media":false,"specialPricing":null,"rebate":false,"putEligible":false,"imagePostCardURL":"http://i.walmartimages.com/i/p/00/88/27/77/06/0088277706500_150X150.jpg"}]