[{"genericContent":{"itemId":20701127,"sourceId":2,"rank":1,"itemName":"RCA 40\" LCD 1080p, 40LA45RQ, RCA Home Theater System wtih 6ft HDMI Cable, TV Bundle","itemShortName":null,"shortDescription":"With 1080p full-HD resolution, a high brightness level and a high contrast ratio, the RCA 40\" 1080p HDTV delivers true high-definition picture quality. Multiple types of connection options give you flexibility and the high-gloss piano black finish improves its looks. <p><b>Note:</b> You must have a source of HD programming in order to take full advantage of the RCA LCD HDTV. Contact your local cable or satellite TV service provider for details on how to upgrade.<p>","longDescription":"<p><b>RCA 40\" Class 1080p Widescreen LCD HDTV:</b><ul><li>16:9 LCD panel<br>With 1920 x 1080 Full-HD resolution<li>40\" class screen size<br>40\" screen of this RCA LCD HDTV measured diagonally from corner to corner<li>VESA wall mount compatible<br>See a clear picture on any wall in the room<li>Built-in digital tuner<br>Watch digital broadcasts, including HDTV programs where available<li>High brightness of 500cd/m2 with 6.5-ms. response time<br>Place your 40\" 1080p HDTV anywhere<li>3,000:1 dynamic contrast ratio<li>HDMI Inputs: 2<br>Enjoy a superior HD experience with the HDMI one-cable solution<li>VGA port<br> Use your RCA LCD HDTV as a computer monitor, enjoying connectivity to the Internet</ul>","shelfDescription":"<li>40\" diagonal screen size<li>2 HDMI inputs<li>VESA wall mount compatible<li>VGA port for computer connectivity","mfgNo":null,"modelNum":null,"dimensionX":-9.223372036854776E18,"dimensionY":-9.223372036854776E18,"dimensionZ":-9.223372036854776E18,"platform":null,"supplierWarranty":null,"warrantyLength":null,"assembledCountryOfOrigin":null,"componentsCountryOfOrigin":null,"accessoriesIncluded":null,"accessoriesNotIncluded":null,"ageRange":null,"gender":null,"rating":null,"attributeValue1":null,"attributeValue2":null,"attributeValue3":null,"attributeName1":null,"attributeName2":null,"attributeName3":null,"brandName":null,"manufacturerName":null,"alternateViews":null,"imageId":-9223372036854775808,"addlWarnMsgA":null,"addlWarnMsgB":null,"altWarnMsg":"N","panZoomId":-9223372036854775808,"hasMatureContent":false,"attributeType1":null,"attributeUISetting1":null,"attributeRanking1":1,"attributeType2":null,"attributeUISetting2":null,"attributeRanking2":1,"attributeType3":null,"attributeUISetting3":null,"attributeRanking3":1,"attribute1_order":3,"attribute2_order":3,"attribute3_order":3,"partnerId":-1,"originalBaseUPC":"1113007391359","variantAttrData":null,"logoImage":"http://i.walmartimages.com/i/icon/-9/22/33/72/03/-9223372036854775808_100X60.gif","attributeData":[]},"alternateImageData":[],"id":20701127,"comparable":false,"upc":"1113007391359","customerRatingUrl":null,"partnerId":-1,"itemAttributes":[],"sellers":{"0":{"itemId":20701127,"sellerId":0,"sellerTypeId":1,"sellerName":"Walmart.com","currentItemPrice":439.0,"vendorItemNum":null,"weight":48.2,"wrapCode":0,"maximumItems":5,"baseItemPrice":449.0,"stockWaterMark":0,"displayStatus":1,"tagCode":0,"baseSuggPrice":549.99,"packingSlipCode":0,"minPrice":439.0,"maxPrice":439.0,"priceChangeCode":5,"productTaxCode":null,"rebateAmount":-9.223372036854776E18,"rebateTargetURL":null,"shippingDimX":30.7,"shippingDimY":49.4,"shippingDimZ":36.2,"s2SE":false,"sellerItemFlags":null,"freeReturns":false,"shipAlone":false,"remapToItemId":-9223372036854775808,"remapAction":null,"promotionDiscount":-9.223372036854776E18,"promotionMessageType":"","minPromotionAmount":-9.223372036854776E18,"maxPromotionAmount":-9.223372036854776E18,"fedExEligible":false,"smallFormatEligible":false,"thresholdShippingEligible":false,"isS2SOnly":false,"tweTaxCode":null,"shippingTaxCode":"2038346","giftWrapTaxCode":"2038857","ppu":-9.223372036854776E18,"fromPPU":-9.223372036854776E18,"contributesToThreshold":false,"isPIPEligible":"Y","checksum":-1,"freeShipping":false,"itemEligibleForFedEx":false,"is97CentShipping":false,"hasRebateLink":false,"storePickupable":true,"submapCode":0,"97CentShipping":false,"shippingDimensionX":30.7,"shippingDimensionY":49.4,"shippingDimensionZ":36.2,"employeeDiscountable":true,"combinedThresholdEligible":false,"availableShippingOfferCodes":null,"isFreeShipping":false}},"ppueligible":false,"uom":null,"unitCount":"0","itemFlags":null,"originalBaseUpc":"1113007391359","imageThumbnailURL":"http://i.walmartimages.com/i/p/11/13/00/73/91/1113007391359_60X60.gif","electronicDelivery":false,"productImageUrl":"http://i.walmartimages.com/i/p/11/13/00/73/91/1113007391359_215X215.jpg","hazardMaterial":false,"media":false,"specialPricing":null,"rebate":false,"putEligible":false,"imagePostCardURL":"http://i.walmartimages.com/i/p/11/13/00/73/91/1113007391359_150X150.jpg"}]