[{"genericContent":{"itemId":20461472,"sourceId":2,"rank":1,"itemName":"Vizio 26\" Class LED-LCD 720p 60Hz HDTV,(1.5\" ultra-slim) E261VA","itemShortName":null,"shortDescription":"Vizio's 26\" Class Edge Lit Razor LED/LCD HDTV features Razor LED for brilliant color and contrast in a razor thin design. This sleek HDTV also features ambient light sensing technology for a perfectly-balanced picture that's never washed out or too bright and SRS StudioSound HD audio for advanced virtual surround sound. It also has two HDMI ports for the best connection to a Blu-ray player, laptop or game console and meets ENERGY STAR 5.3 guidelines making it friendlier to the environment and your wallet.<br><br><b>Note:</b> You must have a source of HD programming in order to take full advantage of the Vizio 26\" HDTV. Contact your local cable or satellite TV provider for details on how to upgrade.","longDescription":"<br><b>Vizio 26\" Class LED-LCD 720p 60Hz HDTV, E261VA:</b><ul><li>26\" LED panel<br>With a 1366 x 768 resolution<li>True 16:9 aspect ratio<br>View your movies as the director intended<li>Wide 150-degree vertical and 160-degree horizontal angles<br>See a clear picture from anywhere in the room<li>Built-in digital tuner<br>Watch digital broadcasts, including HDTV programs where available<li>5 ms response time<br>Quick response time for a great picture<li>HDMI Inputs: 2<br>Enjoy a superior HD experience with HDMI one cable solution<li>26\" screen measured diagonally from corner to corner<li>Wall mountable<br>VESA standard 100mm x 100mm<li>SRS TruSurround HD<br>Get booming surround sound</ul><br><b>ENERGY STAR<sup>&reg;</sup></b><br>Products that are ENERGY STAR-qualified prevent greenhouse gas emissions by meeting strict energy efficiency guidelines set by the U.S. Environmental Protection Agency and the U.S. Department of Energy. The ENERGY STAR name and marks are registered marks owned by the U.S. government, as part of their energy efficiency and environmental activities.","shelfDescription":"<li>26\" diagonal screen size<li>HDMI Inputs: 2<li>Wall mountable<li>SRS TruSurround HD","mfgNo":"E261VA","modelNum":"E261VA","dimensionX":5.9,"dimensionY":25.4,"dimensionZ":17.0,"platform":null,"supplierWarranty":"1 Year Limited Warranty","warrantyLength":null,"assembledCountryOfOrigin":"Imported","componentsCountryOfOrigin":"Imported","accessoriesIncluded":null,"accessoriesNotIncluded":null,"ageRange":null,"gender":null,"rating":null,"attributeValue1":null,"attributeValue2":null,"attributeValue3":null,"attributeName1":null,"attributeName2":null,"attributeName3":null,"brandName":"Vizio","manufacturerName":"Vizio","alternateViews":null,"imageId":-9223372036854775808,"addlWarnMsgA":null,"addlWarnMsgB":null,"altWarnMsg":"N","panZoomId":-9223372036854775808,"hasMatureContent":false,"attributeType1":null,"attributeUISetting1":null,"attributeRanking1":1,"attributeType2":null,"attributeUISetting2":null,"attributeRanking2":1,"attributeType3":null,"attributeUISetting3":null,"attributeRanking3":1,"attribute1_order":3,"attribute2_order":3,"attribute3_order":3,"partnerId":-1,"originalBaseUPC":"0084522600686","variantAttrData":null,"logoImage":"http://i.walmartimages.com/i/icon/-9/22/33/72/03/-9223372036854775808_100X60.gif","attributeData":[]},"alternateImageData":[],"id":20461472,"comparable":true,"upc":"0084522600686","customerRatingUrl":"http://www.walmart.com/i/CustRating/4_3.gif","partnerId":-1,"itemAttributes":[{"itemID":20461472,"groupName":"Additional Specifications","groupDisplayOrder":34,"contentProviderId":2,"attributeName":"Brightness","attributeDisplayOrder":36,"attributeValue":"400 cd/m2","glossaryId":0,"attrDisplayName":"Brightness"},{"itemID":20461472,"groupName":"Additional Specifications","groupDisplayOrder":34,"contentProviderId":2,"attributeName":"Contrast Ratio","attributeDisplayOrder":37,"attributeValue":"20,000:1","glossaryId":0,"attrDisplayName":"Contrast Ratio"},{"itemID":20461472,"groupName":"Additional Specifications","groupDisplayOrder":34,"contentProviderId":2,"attributeName":"Remote Included","attributeDisplayOrder":40,"attributeValue":"Yes","glossaryId":0,"attrDisplayName":"Remote Included"},{"itemID":20461472,"groupName":"Additional Specifications","groupDisplayOrder":34,"contentProviderId":2,"attributeName":"Resolution","attributeDisplayOrder":41,"attributeValue":"1080p (HDTV)","glossaryId":0,"attrDisplayName":"Resolution"},{"itemID":20461472,"groupName":"Additional Specifications","groupDisplayOrder":34,"contentProviderId":2,"attributeName":"Response Time","attributeDisplayOrder":42,"attributeValue":"5 ms","glossaryId":0,"attrDisplayName":"Response Time"},{"itemID":20461472,"groupName":"Additional Specifications","groupDisplayOrder":34,"contentProviderId":2,"attributeName":"Tv Definition","attributeDisplayOrder":44,"attributeValue":"HDTV","glossaryId":0,"attrDisplayName":"Tv Definition"},{"itemID":20461472,"groupName":"Additional Specifications","groupDisplayOrder":34,"contentProviderId":2,"attributeName":"Tv Technology","attributeDisplayOrder":45,"attributeValue":"LCD,LED","glossaryId":0,"attrDisplayName":"Tv Technology"},{"itemID":20461472,"groupName":"Additional Specifications","groupDisplayOrder":34,"contentProviderId":2,"attributeName":"Primary Color","attributeDisplayOrder":171,"attributeValue":"Black","glossaryId":0,"attrDisplayName":"Primary Color"},{"itemID":20461472,"groupName":"Additional Specifications","groupDisplayOrder":34,"contentProviderId":2,"attributeName":"Multi Pack Indicator","attributeDisplayOrder":180,"attributeValue":"No","glossaryId":0,"attrDisplayName":"Multi Pack Indicator"},{"itemID":20461472,"groupName":"Additional Specifications","groupDisplayOrder":34,"contentProviderId":2,"attributeName":"Battery Type","attributeDisplayOrder":184,"attributeValue":"Does Not Contain a Battery","glossaryId":0,"attrDisplayName":"Battery Type"}],"sellers":{"0":{"itemId":20461472,"sellerId":0,"sellerTypeId":1,"sellerName":"Walmart.com","currentItemPrice":228.0,"vendorItemNum":"E261VA","weight":16.4,"wrapCode":0,"maximumItems":5,"baseItemPrice":248.0,"stockWaterMark":4,"displayStatus":3,"tagCode":0,"baseSuggPrice":279.99,"packingSlipCode":0,"minPrice":228.0,"maxPrice":228.0,"priceChangeCode":0,"productTaxCode":"PTG8","rebateAmount":-9.223372036854776E18,"rebateTargetURL":null,"shippingDimX":4.2,"shippingDimY":19.8,"shippingDimZ":30.4,"s2SE":true,"sellerItemFlags":null,"freeReturns":false,"shipAlone":false,"remapToItemId":-9223372036854775808,"remapAction":null,"promotionDiscount":-9.223372036854776E18,"promotionMessageType":"","minPromotionAmount":-9.223372036854776E18,"maxPromotionAmount":-9.223372036854776E18,"fedExEligible":true,"smallFormatEligible":true,"thresholdShippingEligible":false,"isS2SOnly":false,"tweTaxCode":"2042529","shippingTaxCode":"2038346","giftWrapTaxCode":"2038857","ppu":-9.223372036854776E18,"fromPPU":-9.223372036854776E18,"contributesToThreshold":false,"isPIPEligible":"Y","checksum":-1,"freeShipping":false,"itemEligibleForFedEx":true,"is97CentShipping":false,"hasRebateLink":false,"storePickupable":true,"submapCode":0,"97CentShipping":false,"shippingDimensionX":4.2,"shippingDimensionY":19.8,"shippingDimensionZ":30.4,"employeeDiscountable":true,"combinedThresholdEligible":false,"availableShippingOfferCodes":null,"isFreeShipping":false}},"ppueligible":false,"uom":null,"unitCount":"0","itemFlags":null,"originalBaseUpc":"0084522600686","imageThumbnailURL":"http://i.walmartimages.com/i/p/00/84/52/26/00/0084522600686_60X60.gif","electronicDelivery":false,"productImageUrl":"http://i.walmartimages.com/i/p/00/84/52/26/00/0084522600686_215X215.jpg","hazardMaterial":false,"media":false,"specialPricing":null,"rebate":false,"putEligible":true,"imagePostCardURL":"http://i.walmartimages.com/i/p/00/84/52/26/00/0084522600686_150X150.jpg"}]