[{"genericContent":{"itemId":19205890,"sourceId":3,"rank":1,"itemName":"Toshiba 65\" LCD 1080p 120 Hz HDTV, 65HT2U","itemShortName":null,"shortDescription":"The Toshiba 65\" LCD TV looks terrific in any living room, family room or home theater. Watch your favorite movies and programming in full-HD resolution. Savor fast-action sports or edge-of-your-seat gaming clearly thanks to exclusive CineSpeed Panel and ClearFrame 120Hz technology. Show your latest vacation videos and pictures on this Toshiba 65\" television by using a high-resolution PC connection. And do it all with the assurance of famous Toshiba quality and reliability.<br><br><b>Note:</b> You must have a source of HD programming in order to take full advantage of the Toshiba 65\" LCD TV. Contact your local cable or satellite TV service provider for details on how to upgrade.","longDescription":"<br><b>Toshiba 65\" 1080p HDTV, 120 Hz, 65HT2U:</b><ul><li>65\" LCD panel<br>With 1920 x 1080 full-HD resolution<li>True 16:9 aspect ratio<br>View your movies as the director intended on this 120Hz Toshiba 65\" LCD TV<li>Built-in digital tuner<br>Watch digital broadcasts, including HDTV programs where available<li>HDMI Inputs: 3<br>Enjoy a superior HD experience with the the HDMI one-cable solution<li>64.6\" screen is measured diagonally from corner to corner<li>Wall mountable<br>VESA standard 400mm x 400mm mounting holes</ul>","shelfDescription":"<li>65\" diagonal screen size<li>HDMI Inputs: 3<li>Wall mountable","mfgNo":"65HT2U","modelNum":"65HT2U","dimensionX":18.0,"dimensionY":61.28,"dimensionZ":40.81,"platform":null,"supplierWarranty":"1 Year Limited Warranty","warrantyLength":null,"assembledCountryOfOrigin":"Imported","componentsCountryOfOrigin":"Imported","accessoriesIncluded":null,"accessoriesNotIncluded":null,"ageRange":null,"gender":null,"rating":null,"attributeValue1":null,"attributeValue2":null,"attributeValue3":null,"attributeName1":null,"attributeName2":null,"attributeName3":null,"brandName":"Toshiba","manufacturerName":"Toshiba","alternateViews":"1","imageId":-9223372036854775808,"addlWarnMsgA":null,"addlWarnMsgB":null,"altWarnMsg":"N","panZoomId":2,"hasMatureContent":false,"attributeType1":null,"attributeUISetting1":null,"attributeRanking1":1,"attributeType2":null,"attributeUISetting2":null,"attributeRanking2":1,"attributeType3":null,"attributeUISetting3":null,"attributeRanking3":1,"attribute1_order":3,"attribute2_order":3,"attribute3_order":3,"partnerId":-1,"originalBaseUPC":"0002226505321","variantAttrData":null,"logoImage":"http://i.walmartimages.com/i/icon/-9/22/33/72/03/-9223372036854775808_100X60.gif","attributeData":[]},"alternateImageData":[{"imageSrc":"http://i.walmartimages.com/i/p/00/02/22/65/05/0002226505321_60X60.gif","lgImageSrc":"http://i.walmartimages.com/i/p/00/02/22/65/05/0002226505321_500X500.jpg","name":null},{"imageSrc":"http://i.walmartimages.com/i/p/00/02/22/65/05/0002226505321_AV_60X60.gif","lgImageSrc":"http://i.walmartimages.com/i/p/00/02/22/65/05/0002226505321_AV_500X500.jpg","name":null}],"id":19205890,"comparable":true,"upc":"0002226505321","customerRatingUrl":"http://www.walmart.com/i/CustRating/3_6.gif","partnerId":-1,"itemAttributes":[{"itemID":19205890,"groupName":"Display","groupDisplayOrder":1,"contentProviderId":3,"attributeName":"Additional Features","attributeDisplayOrder":7,"attributeValue":"ColorStream Component Video Input, channel labeling, CineSpeed, DynaLight, game mode, Native Mode","glossaryId":0,"attrDisplayName":"Additional Features"},{"itemID":19205890,"groupName":"Display","groupDisplayOrder":1,"contentProviderId":3,"attributeName":"Display Format","attributeDisplayOrder":11,"attributeValue":"1080p (FullHD)","glossaryId":0,"attrDisplayName":"Display Format"},{"itemID":19205890,"groupName":"Display","groupDisplayOrder":1,"contentProviderId":3,"attributeName":"Resolution","attributeDisplayOrder":12,"attributeValue":"1920 x 1080","glossaryId":0,"attrDisplayName":"Resolution"},{"itemID":19205890,"groupName":"Remote Control","groupDisplayOrder":4,"contentProviderId":3,"attributeName":"Type","attributeDisplayOrder":1,"attributeValue":"Remote control","glossaryId":0,"attrDisplayName":"Type"},{"itemID":19205890,"groupName":"Audio System","groupDisplayOrder":5,"contentProviderId":3,"attributeName":"Sound Output Mode","attributeDisplayOrder":1,"attributeValue":"Stereo","glossaryId":0,"attrDisplayName":"Sound Output Mode"},{"itemID":19205890,"groupName":"Audio System","groupDisplayOrder":5,"contentProviderId":3,"attributeName":"Output Power / Total","attributeDisplayOrder":6,"attributeValue":"20 Watt","glossaryId":0,"attrDisplayName":"Output Power / Total"},{"itemID":19205890,"groupName":"Audio System","groupDisplayOrder":5,"contentProviderId":3,"attributeName":"Additional Features","attributeDisplayOrder":7,"attributeValue":"Mute button, Invisible Speaker System","glossaryId":0,"attrDisplayName":"Additional Features"},{"itemID":19205890,"groupName":"Audio System","groupDisplayOrder":5,"contentProviderId":3,"attributeName":"Speaker(s)","attributeDisplayOrder":8,"attributeValue":"2 x right/left channel speaker - built-in - 10 Watt","glossaryId":0,"attrDisplayName":"Speaker(s)"},{"itemID":19205890,"groupName":"Connections","groupDisplayOrder":6,"contentProviderId":3,"attributeName":"Connector Type","attributeDisplayOrder":1,"attributeValue":"2 x HDMI ( 19 pin HDMI Type A ) - rear ¦ 1 x component video input ( RCA phono x 5 ) - rear ¦ 1 x VGA input ( 15 pin HD D-Sub (HD-15) ) - rear ¦ 1 x USB ( 4 pin USB Type A ) - side ¦ 1 x digital audio output (optical) - rear ¦ 1 x HDMI ( 19 pin HDMI Type A ) - side ¦ 1 x composite video/audio input ( RCA phono x 3 ) - rear ¦ 1 x audio input ( mini-phone stereo 3.5 mm ) - rear ¦ 1 x antenna - rear","glossaryId":0,"attrDisplayName":"Connector Type"},{"itemID":19205890,"groupName":"General","groupDisplayOrder":9,"contentProviderId":3,"attributeName":"Product Type","attributeDisplayOrder":1,"attributeValue":"LCD TV","glossaryId":0,"attrDisplayName":"Product Type"},{"itemID":19205890,"groupName":"General","groupDisplayOrder":9,"contentProviderId":3,"attributeName":"PC Interface","attributeDisplayOrder":3,"attributeValue":"VGA (HD-15), HDMI","glossaryId":0,"attrDisplayName":"PC Interface"},{"itemID":19205890,"groupName":"General","groupDisplayOrder":9,"contentProviderId":3,"attributeName":"Width","attributeDisplayOrder":4,"attributeValue":"61.4 in","glossaryId":0,"attrDisplayName":"Width"},{"itemID":19205890,"groupName":"General","groupDisplayOrder":9,"contentProviderId":3,"attributeName":"Depth","attributeDisplayOrder":5,"attributeValue":"18 in","glossaryId":0,"attrDisplayName":"Depth"},{"itemID":19205890,"groupName":"General","groupDisplayOrder":9,"contentProviderId":3,"attributeName":"Height","attributeDisplayOrder":6,"attributeValue":"40.9 in","glossaryId":0,"attrDisplayName":"Height"},{"itemID":19205890,"groupName":"General","groupDisplayOrder":9,"contentProviderId":3,"attributeName":"Weight","attributeDisplayOrder":7,"attributeValue":"99.2 lbs","glossaryId":0,"attrDisplayName":"Weight"},{"itemID":19205890,"groupName":"Dimensions & Weight Details","groupDisplayOrder":20,"contentProviderId":3,"attributeName":"Dimensions & Weight Details","attributeDisplayOrder":1,"attributeValue":"Panel without stand - 61.4 in x 4.1 in x 37.8 in x 91.3 lbs ¦ Panel with stand - 61.4 in x 18 in x 40.9 in x 99.2 lbs","glossaryId":0,"attrDisplayName":"Dimensions & Weight Details"}],"sellers":{"0":{"itemId":19205890,"sellerId":0,"sellerTypeId":1,"sellerName":"Walmart.com","currentItemPrice":1298.0,"vendorItemNum":"65HT2U","weight":117.19,"wrapCode":0,"maximumItems":5,"baseItemPrice":998.0,"stockWaterMark":1,"displayStatus":3,"tagCode":0,"baseSuggPrice":0.0,"packingSlipCode":0,"minPrice":1298.0,"maxPrice":1298.0,"priceChangeCode":0,"productTaxCode":"PTG9","rebateAmount":-9.223372036854776E18,"rebateTargetURL":null,"shippingDimX":11.02,"shippingDimY":66.54,"shippingDimZ":43.23,"s2SE":false,"sellerItemFlags":null,"freeReturns":false,"shipAlone":false,"remapToItemId":-9223372036854775808,"remapAction":null,"promotionDiscount":-9.223372036854776E18,"promotionMessageType":"","minPromotionAmount":-9.223372036854776E18,"maxPromotionAmount":-9.223372036854776E18,"fedExEligible":false,"smallFormatEligible":false,"thresholdShippingEligible":false,"isS2SOnly":false,"tweTaxCode":"2042547","shippingTaxCode":"2038346","giftWrapTaxCode":"2038857","ppu":-9.223372036854776E18,"fromPPU":-9.223372036854776E18,"contributesToThreshold":false,"isPIPEligible":"Y","checksum":-1,"freeShipping":false,"itemEligibleForFedEx":false,"is97CentShipping":false,"hasRebateLink":false,"storePickupable":true,"submapCode":0,"97CentShipping":false,"shippingDimensionX":11.02,"shippingDimensionY":66.54,"shippingDimensionZ":43.23,"employeeDiscountable":true,"combinedThresholdEligible":false,"availableShippingOfferCodes":null,"isFreeShipping":false}},"ppueligible":false,"uom":null,"unitCount":"0","itemFlags":null,"originalBaseUpc":"0002226505321","imageThumbnailURL":"http://i.walmartimages.com/i/p/00/02/22/65/05/0002226505321_60X60.gif","electronicDelivery":false,"productImageUrl":"http://i.walmartimages.com/i/p/00/02/22/65/05/0002226505321_215X215.jpg","hazardMaterial":false,"media":false,"specialPricing":null,"rebate":false,"putEligible":true,"imagePostCardURL":"http://i.walmartimages.com/i/p/00/02/22/65/05/0002226505321_150X150.jpg"}]