[{"genericContent":{"itemId":17473237,"sourceId":2,"rank":1,"itemName":"Sanyo 46\" Class LCD 1080p 60Hz Internet Connected HDTV, DP46861","itemShortName":null,"shortDescription":"<p>The Sanyo 46\" Class LCD 1080p 60Hz Internet Connected HDTV features a brilliant 1080p Full HD picture for your viewing pleasure. Use the included USB adapter to connect wirelessly to the Internet. The wide screed of the 1080p LCD HDTV provides for wide viewing angles. The two 6 x 12 cm speakers with 10 w/ch give a very good quality sound output. With the help of the Internet Connected HDTV you could view more than 191 channels. </p><p><strong>Note:</strong> You must have a source of HD programming in order to take full advantage of the Sanyo 46\" LCD HDTV. Contact your local cable or satellite TV provider for details on how to upgrade. </p>","longDescription":"<strong>Sanyo 46\" Class LCD 1080p 60Hz Internet Connected HDTV:</strong><li>46\" Diagonal Full HD 1080p LCD</li><li>Wide screen 16:9 Aspect Ratio</li><li>Native Panel Resolution: 1920 x 1080 pixels</li><li>Wide Viewing Angles:178 H x 178 V Degrees</li><li>Refresh rate 60 Hz</li><li>Contrast Ratio 4000:1</li><li>Integrated Digital Clear QAM ATSC + Analog NTSC Tuner</li><li>191 Total channels</li><li>Receives ATSC signal formats (including 480i/p, 720p and 1080i/p) converted to 1080p display</li><li>802.11b/g/n Wireless Capable with USB adapter (included)</li><li>Netflix , Vudu, Twitter, Facebook capable (with an ISP subscription service)</li><li>3D Y/C Digital Comb Filter</li><li>MTS/SAP Stereo & Digital Audio with Audyssey Dynamic Volume</li><li>Two 6 x 12 cm speakers with 10 w/ch</li><li>Picture Shapes: 1-7 (w/remote control PIX Size Key)</li><li>Picture Modes: Standard, Vivid, Theater, Stadium, Custom (includes H-Size & V-Size)</li><li>Sound Modes: Standard, Vivid, Theater, Clear Voice, Custom ( includes Bass/Treble, Bass Extension, Equalizer (4 band), Audyssey Dynamic Volume, and Lip-Sync</li><li>XDS-Extended Data Service capability</li><li>V-Guide Parental Control</li><li>Trilingual Menus: English, Spanish, French</li><li>Closed Caption Compliant: NTSC-608, ATSC-708CC</li><li>Clock On Timer</li><li>Sleep Timer: 1/2 - 3 hours</li><li>Auto Shutoff</li><li>3 HDMI (High Definition Multimedia Interface) inputs with HDCP ( HDMI 1 DVI compatible)</li><li>2 HD Component (Y-Pb-Pr with R/L audio) inputs ( 1 Combo Composite-Component)</li><li>1 Composite Input (V,L/R)</li><li>PC/Mac capable (VGA D-Sub 15 pin) with mini Audio input</li><li>2 USB inputs with Photo Viewer for display of digital photos</li><li>1 Coaxial Digital Audio Output</li><li>1 Fixed Analog Audio Out (R/L)</li><li>1 RF Input ( Analog/Digital Antenna In)</li><li>Detachable Stand / VESA 400 x 400 Wall Mountable (with optional kit not supplied)</li><li>Energy Star qualified</li><li>Energy Saving \"ECO\" menu setting (backlight) dimmer and Light Sensor</li><li>Dimensions w/stand: 43.88\"W x 29.38\"H x 10.63\"D, 40.8 lbs. </li><li>Design, features, and specifications subject to change without notice</li>","shelfDescription":"<li>46\" diagonal screen size<li>HDMI Inputs: 3<li>Wall mountable<li>802.11b/g/n wireless capable","mfgNo":"DP46861","modelNum":"DP46861","dimensionX":29.38,"dimensionY":43.88,"dimensionZ":10.63,"platform":null,"supplierWarranty":"1 Year Limited Warranty - Parts and Labor","warrantyLength":null,"assembledCountryOfOrigin":"Imported","componentsCountryOfOrigin":"Imported","accessoriesIncluded":null,"accessoriesNotIncluded":null,"ageRange":null,"gender":null,"rating":null,"attributeValue1":null,"attributeValue2":null,"attributeValue3":null,"attributeName1":null,"attributeName2":null,"attributeName3":null,"brandName":"Sanyo","manufacturerName":"Sanyo","alternateViews":"4","imageId":-9223372036854775808,"addlWarnMsgA":null,"addlWarnMsgB":null,"altWarnMsg":"N","panZoomId":2,"hasMatureContent":false,"attributeType1":null,"attributeUISetting1":null,"attributeRanking1":1,"attributeType2":null,"attributeUISetting2":null,"attributeRanking2":1,"attributeType3":null,"attributeUISetting3":null,"attributeRanking3":1,"attribute1_order":3,"attribute2_order":3,"attribute3_order":3,"partnerId":-1,"originalBaseUPC":"0008648307969","variantAttrData":null,"logoImage":"http://i.walmartimages.com/i/icon/-9/22/33/72/03/-9223372036854775808_100X60.gif","attributeData":[]},"alternateImageData":[{"imageSrc":"http://i.walmartimages.com/i/p/00/08/64/83/07/0008648307969_60X60.gif","lgImageSrc":"http://i.walmartimages.com/i/p/00/08/64/83/07/0008648307969_500X500.jpg","name":null},{"imageSrc":"http://i.walmartimages.com/i/p/00/08/64/83/07/0008648307969_AV_60X60.gif","lgImageSrc":"http://i.walmartimages.com/i/p/00/08/64/83/07/0008648307969_AV_500X500.jpg","name":null},{"imageSrc":"http://i.walmartimages.com/i/p/00/08/64/83/07/0008648307969_AV1_60X60.gif","lgImageSrc":"http://i.walmartimages.com/i/p/00/08/64/83/07/0008648307969_AV1_500X500.jpg","name":null},{"imageSrc":"http://i.walmartimages.com/i/p/00/08/64/83/07/0008648307969_AV2_60X60.gif","lgImageSrc":"http://i.walmartimages.com/i/p/00/08/64/83/07/0008648307969_AV2_500X500.jpg","name":null},{"imageSrc":"http://i.walmartimages.com/i/p/00/08/64/83/07/0008648307969_AV3_60X60.gif","lgImageSrc":"http://i.walmartimages.com/i/p/00/08/64/83/07/0008648307969_AV3_500X500.jpg","name":null}],"id":17473237,"comparable":true,"upc":"0008648307969","customerRatingUrl":"http://www.walmart.com/i/CustRating/3_3.gif","partnerId":-1,"itemAttributes":[{"itemID":17473237,"groupName":"Additional Specifications","groupDisplayOrder":34,"contentProviderId":2,"attributeName":"Brightness","attributeDisplayOrder":36,"attributeValue":"400 cd/m2","glossaryId":0,"attrDisplayName":"Brightness"},{"itemID":17473237,"groupName":"Additional Specifications","groupDisplayOrder":34,"contentProviderId":2,"attributeName":"Contrast Ratio","attributeDisplayOrder":37,"attributeValue":"4,000:1","glossaryId":0,"attrDisplayName":"Contrast Ratio"},{"itemID":17473237,"groupName":"Additional Specifications","groupDisplayOrder":34,"contentProviderId":2,"attributeName":"Remote Included","attributeDisplayOrder":40,"attributeValue":"Yes","glossaryId":0,"attrDisplayName":"Remote Included"},{"itemID":17473237,"groupName":"Additional Specifications","groupDisplayOrder":34,"contentProviderId":2,"attributeName":"Resolution","attributeDisplayOrder":41,"attributeValue":"1080p (HDTV)","glossaryId":0,"attrDisplayName":"Resolution"},{"itemID":17473237,"groupName":"Additional Specifications","groupDisplayOrder":34,"contentProviderId":2,"attributeName":"Response Time","attributeDisplayOrder":42,"attributeValue":"6.5 ms","glossaryId":0,"attrDisplayName":"Response Time"},{"itemID":17473237,"groupName":"Additional Specifications","groupDisplayOrder":34,"contentProviderId":2,"attributeName":"Tv Definition","attributeDisplayOrder":44,"attributeValue":"HDTV","glossaryId":0,"attrDisplayName":"Tv Definition"},{"itemID":17473237,"groupName":"Additional Specifications","groupDisplayOrder":34,"contentProviderId":2,"attributeName":"Tv Technology","attributeDisplayOrder":45,"attributeValue":"LCD,Internet Connected","glossaryId":0,"attrDisplayName":"Tv Technology"},{"itemID":17473237,"groupName":"Additional Specifications","groupDisplayOrder":34,"contentProviderId":2,"attributeName":"Primary Color","attributeDisplayOrder":171,"attributeValue":"Black","glossaryId":0,"attrDisplayName":"Primary Color"},{"itemID":17473237,"groupName":"Additional Specifications","groupDisplayOrder":34,"contentProviderId":2,"attributeName":"Multi Pack Indicator","attributeDisplayOrder":180,"attributeValue":"No","glossaryId":0,"attrDisplayName":"Multi Pack Indicator"}],"sellers":{"0":{"itemId":17473237,"sellerId":0,"sellerTypeId":1,"sellerName":"Walmart.com","currentItemPrice":499.98,"vendorItemNum":"DP46861","weight":51.0,"wrapCode":0,"maximumItems":5,"baseItemPrice":529.98,"stockWaterMark":1,"displayStatus":3,"tagCode":0,"baseSuggPrice":699.98,"packingSlipCode":0,"minPrice":499.98,"maxPrice":499.98,"priceChangeCode":5,"productTaxCode":"PTG9","rebateAmount":-9.223372036854776E18,"rebateTargetURL":null,"shippingDimX":35.1,"shippingDimY":48.5,"shippingDimZ":9.5,"s2SE":true,"sellerItemFlags":null,"freeReturns":false,"shipAlone":false,"remapToItemId":-9223372036854775808,"remapAction":null,"promotionDiscount":-9.223372036854776E18,"promotionMessageType":"","minPromotionAmount":-9.223372036854776E18,"maxPromotionAmount":-9.223372036854776E18,"fedExEligible":false,"smallFormatEligible":false,"thresholdShippingEligible":false,"isS2SOnly":false,"tweTaxCode":"2042535","shippingTaxCode":"2038346","giftWrapTaxCode":"2038857","ppu":-9.223372036854776E18,"fromPPU":-9.223372036854776E18,"contributesToThreshold":false,"isPIPEligible":"Y","checksum":-1,"freeShipping":false,"itemEligibleForFedEx":false,"is97CentShipping":false,"hasRebateLink":false,"storePickupable":true,"submapCode":0,"97CentShipping":false,"shippingDimensionX":35.1,"shippingDimensionY":48.5,"shippingDimensionZ":9.5,"employeeDiscountable":true,"combinedThresholdEligible":false,"availableShippingOfferCodes":null,"isFreeShipping":false}},"ppueligible":false,"uom":null,"unitCount":"0","itemFlags":"1,","originalBaseUpc":"0008648307969","imageThumbnailURL":"http://i.walmartimages.com/i/p/00/08/64/83/07/0008648307969_60X60.gif","electronicDelivery":false,"productImageUrl":"http://i.walmartimages.com/i/p/00/08/64/83/07/0008648307969_215X215.jpg","hazardMaterial":false,"media":false,"specialPricing":null,"rebate":false,"putEligible":false,"imagePostCardURL":"http://i.walmartimages.com/i/p/00/08/64/83/07/0008648307969_150X150.jpg"}]