[{"genericContent":{"itemId":17165469,"sourceId":2,"rank":1,"itemName":"Sanyo 42\" 2D-3D Class LCD 1080p 60Hz Internet Connected HDTV, DP42851","itemShortName":null,"shortDescription":"The Sanyo 42\" LCD TV with integrated digital /analog tuner offers the latest wireless Internet-ready technology. Whether by Ethernet LAN port or internal integral wireless (802.11 b,g,n) reception, if you have a high-speed ISP, this smart Sanyo 42\" LCD TV can receive new applications through firmware upgrades.The 2D-3D converter of the Sanyo 42\" LCD TV is capable of turning 2D content into a 3D display when viewed through passive polarized stressless 3D glasses (2 pairs included) with the touch of a remote control button. The digital tuner is Clear QAM capable of receiving unscrambled digital cable and over-the-air digital broadcasts. In a high-gloss black finish, the 3D Sanyo 42\" television blends into the background when the lights are dimmed in your den or living room.","longDescription":"<BR><B>Sanyo 42\" 1080p HDTV:</b><UL><LI>42\" Diagonal Full HD 1080p LCD<LI>Wide screen 16:9 Aspect Ratio <LI>Native Panel Resolution: 1920 x 1080 pixels<LI>Wide Viewing Angles:178 H x 178 V Degrees<LI>Refresh rate 60 Hz<LI>Contrast Ratio 4000:1<LI>Integrated Digital Clear QAM ATSC + Analog NTSC Tuner<LI>191 Total channels<LI>Receives  ATSC signal formats (including 480i/p, 720p and 1080i/p) converted to 1080p display<LI>1 LAN Ethernet Port & Integrated 802.11b/g/n Wireless : Vudu, Twitter , Facebook and others capable (with an ISP subscription service)<LI>3D Y/C Digital Comb Filter<LI>MTS/SAP Stereo & Digital Audio with Audyssey Dynamic VolumeÂ®<LI>Two 6 x 12 cm speakers with 10 w/ch<LI>Picture Shapes: 1-7 (w/ remote control PIX Size Key)<LI>Picture Modes: Standard, Vivid, Theater, Stadium, Custom (includes H-Size & V-Size)<LI>Sound Modes: Standard, Vivid, Theater, Clear Voice, Custom ( includes Bass/Treble, Bass Extension , Equalizer (4 band), Audyssey Dynamic VolumeÂ®, and Lip-Sync<LI>XDS-Extended Data Service capability<LI>V-Guide Parental Control<LI>Trilingual Menus: English, Spanish, French<LI>Closed Caption Compliant: NTSC-608, ATSC-708CC<LI>Clock On Timer<LI>Sleep Timer: 1/2 - 3 hours<LI>Auto Shutoff<LI> 3 HDMI (High Definition Multimedia Interface) inputs with HDCP ( HDMI 1 DVI compatible)<LI>2 HD Component (Y-Pb-Pr with R/L audio) inputs ( 1 Combo Composite-Component)<LI>1 Composite Input (V,L/R) <LI>PC/Mac capable (VGA D-Sub 15 pin) with mini Audio input<LI>1 USB input with Photo Viewer for display of digital photos<LI>1 Coaxial Digital Audio Output<LI>1 Fixed Analog Audio Out (R/L)<LI>1 RF Input ( Analog/Digital Antenna In)<LI>Detachable Stand / VESAÂ® 400 x 400 Wall Mountable (with optional kit not supplied)<LI>Energy Star qualified<LI>Energy-saving \"ECO\" menu setting (backlight) dimmer and Light Sensor<LI>Dimensions w/stand: 40.06\"W x 26.44\"H x 9.25\"D, 33.0 lbs.<LI>Design, features, and specifications subject to change without notice<BR><UL/>","shelfDescription":"<BR><UL/><LI>2D-3D convertor is capable of turning ordinary 2D content into 3D display of broadcasts, movies, and games <LI> 802.11n wireless, Connect directly to the Internet <LI> 16:9  LCD panel with 1920 x 1080(1080p)Full HD 60Hz picture<LI> 42\" screen is measured diagonally from corner to corner <LI>Wide 178-degree vertical  and 178-degree horizontal viewing angles (See a clear picture from anywhere in the room)<LI>High Brightness 400cd/mÂ² with 6.5ms response time<LI>4000:1 contrast ratio<LI> Audyssey Dynamic VolumeÂ® creates theater like sound <LI> HDMI Inputs: 3 (Enjoy a superior HD experience with HDMI  one-cable convenience) <LI> USB Multimedia  Input Port<BR><UL/>","mfgNo":"DP42851","modelNum":"DP42851","dimensionX":26.44,"dimensionY":40.06,"dimensionZ":9.25,"platform":null,"supplierWarranty":null,"warrantyLength":null,"assembledCountryOfOrigin":"USA or Imported","componentsCountryOfOrigin":"USA or Imported","accessoriesIncluded":null,"accessoriesNotIncluded":null,"ageRange":null,"gender":null,"rating":null,"attributeValue1":null,"attributeValue2":null,"attributeValue3":null,"attributeName1":null,"attributeName2":null,"attributeName3":null,"brandName":"Sanyo","manufacturerName":"Sanyo","alternateViews":"4","imageId":-9223372036854775808,"addlWarnMsgA":null,"addlWarnMsgB":null,"altWarnMsg":"N","panZoomId":2,"hasMatureContent":false,"attributeType1":null,"attributeUISetting1":null,"attributeRanking1":1,"attributeType2":null,"attributeUISetting2":null,"attributeRanking2":1,"attributeType3":null,"attributeUISetting3":null,"attributeRanking3":1,"attribute1_order":3,"attribute2_order":3,"attribute3_order":3,"partnerId":-1,"originalBaseUPC":"0008648308026","variantAttrData":null,"logoImage":"http://i.walmartimages.com/i/icon/-9/22/33/72/03/-9223372036854775808_100X60.gif","attributeData":[]},"alternateImageData":[{"imageSrc":"http://i.walmartimages.com/i/p/00/08/64/83/08/0008648308026_60X60.gif","lgImageSrc":"http://i.walmartimages.com/i/p/00/08/64/83/08/0008648308026_500X500.jpg","name":null},{"imageSrc":"http://i.walmartimages.com/i/p/00/08/64/83/08/0008648308026_AV_60X60.gif","lgImageSrc":"http://i.walmartimages.com/i/p/00/08/64/83/08/0008648308026_AV_500X500.jpg","name":null},{"imageSrc":"http://i.walmartimages.com/i/p/00/08/64/83/08/0008648308026_AV1_60X60.gif","lgImageSrc":"http://i.walmartimages.com/i/p/00/08/64/83/08/0008648308026_AV1_500X500.jpg","name":null},{"imageSrc":"http://i.walmartimages.com/i/p/00/08/64/83/08/0008648308026_AV2_60X60.gif","lgImageSrc":"http://i.walmartimages.com/i/p/00/08/64/83/08/0008648308026_AV2_500X500.jpg","name":null},{"imageSrc":"http://i.walmartimages.com/i/p/00/08/64/83/08/0008648308026_AV3_60X60.gif","lgImageSrc":"http://i.walmartimages.com/i/p/00/08/64/83/08/0008648308026_AV3_500X500.jpg","name":null}],"id":17165469,"comparable":true,"upc":"0008648308026","customerRatingUrl":"http://www.walmart.com/i/CustRating/3_2.gif","partnerId":-1,"itemAttributes":[{"itemID":17165469,"groupName":"Additional Specifications","groupDisplayOrder":34,"contentProviderId":2,"attributeName":"Brightness","attributeDisplayOrder":36,"attributeValue":"400 cd/m2","glossaryId":0,"attrDisplayName":"Brightness"},{"itemID":17165469,"groupName":"Additional Specifications","groupDisplayOrder":34,"contentProviderId":2,"attributeName":"Contrast Ratio","attributeDisplayOrder":37,"attributeValue":"4,000:1","glossaryId":0,"attrDisplayName":"Contrast Ratio"},{"itemID":17165469,"groupName":"Additional Specifications","groupDisplayOrder":34,"contentProviderId":2,"attributeName":"Remote Included","attributeDisplayOrder":40,"attributeValue":"Yes","glossaryId":0,"attrDisplayName":"Remote Included"},{"itemID":17165469,"groupName":"Additional Specifications","groupDisplayOrder":34,"contentProviderId":2,"attributeName":"Resolution","attributeDisplayOrder":41,"attributeValue":"1080p (HDTV)","glossaryId":0,"attrDisplayName":"Resolution"},{"itemID":17165469,"groupName":"Additional Specifications","groupDisplayOrder":34,"contentProviderId":2,"attributeName":"Response Time","attributeDisplayOrder":42,"attributeValue":"6.5ms","glossaryId":0,"attrDisplayName":"Response Time"},{"itemID":17165469,"groupName":"Additional Specifications","groupDisplayOrder":34,"contentProviderId":2,"attributeName":"Tv Definition","attributeDisplayOrder":44,"attributeValue":"HDTV","glossaryId":0,"attrDisplayName":"Tv Definition"},{"itemID":17165469,"groupName":"Additional Specifications","groupDisplayOrder":34,"contentProviderId":2,"attributeName":"Tv Technology","attributeDisplayOrder":45,"attributeValue":"LCD,3D,Internet Connected","glossaryId":0,"attrDisplayName":"Tv Technology"},{"itemID":17165469,"groupName":"Additional Specifications","groupDisplayOrder":34,"contentProviderId":2,"attributeName":"Primary Color","attributeDisplayOrder":171,"attributeValue":"Black","glossaryId":0,"attrDisplayName":"Primary Color"},{"itemID":17165469,"groupName":"Additional Specifications","groupDisplayOrder":34,"contentProviderId":2,"attributeName":"Multi Pack Indicator","attributeDisplayOrder":180,"attributeValue":"No","glossaryId":0,"attrDisplayName":"Multi Pack Indicator"},{"itemID":17165469,"groupName":"Additional Specifications","groupDisplayOrder":34,"contentProviderId":2,"attributeName":"Battery Type","attributeDisplayOrder":184,"attributeValue":"Alkaline","glossaryId":0,"attrDisplayName":"Battery Type"}],"sellers":{"0":{"itemId":17165469,"sellerId":0,"sellerTypeId":1,"sellerName":"Walmart.com","currentItemPrice":479.98,"vendorItemNum":"DP42851","weight":41.0,"wrapCode":0,"maximumItems":5,"baseItemPrice":449.98,"stockWaterMark":1,"displayStatus":3,"tagCode":0,"baseSuggPrice":0.0,"packingSlipCode":0,"minPrice":479.98,"maxPrice":479.98,"priceChangeCode":0,"productTaxCode":"PTG9","rebateAmount":-9.223372036854776E18,"rebateTargetURL":null,"shippingDimX":31.85,"shippingDimY":43.25,"shippingDimZ":8.25,"s2SE":true,"sellerItemFlags":null,"freeReturns":false,"shipAlone":true,"remapToItemId":-9223372036854775808,"remapAction":null,"promotionDiscount":-9.223372036854776E18,"promotionMessageType":"","minPromotionAmount":-9.223372036854776E18,"maxPromotionAmount":-9.223372036854776E18,"fedExEligible":false,"smallFormatEligible":false,"thresholdShippingEligible":false,"isS2SOnly":false,"tweTaxCode":"2042534","shippingTaxCode":"2038346","giftWrapTaxCode":"2038857","ppu":-9.223372036854776E18,"fromPPU":-9.223372036854776E18,"contributesToThreshold":false,"isPIPEligible":"Y","checksum":-1,"freeShipping":false,"itemEligibleForFedEx":false,"is97CentShipping":false,"hasRebateLink":false,"storePickupable":true,"submapCode":0,"97CentShipping":false,"shippingDimensionX":31.85,"shippingDimensionY":43.25,"shippingDimensionZ":8.25,"employeeDiscountable":true,"combinedThresholdEligible":false,"availableShippingOfferCodes":null,"isFreeShipping":false}},"ppueligible":false,"uom":null,"unitCount":"0","itemFlags":"1,","originalBaseUpc":"0008648308026","imageThumbnailURL":"http://i.walmartimages.com/i/p/00/08/64/83/08/0008648308026_60X60.gif","electronicDelivery":false,"productImageUrl":"http://i.walmartimages.com/i/p/00/08/64/83/08/0008648308026_215X215.jpg","hazardMaterial":false,"media":false,"specialPricing":null,"rebate":false,"putEligible":false,"imagePostCardURL":"http://i.walmartimages.com/i/p/00/08/64/83/08/0008648308026_150X150.jpg"}]