[{"genericContent":{"itemId":20461482,"sourceId":3,"rank":1,"itemName":"Vizio 55\" Class LCD 1080p 120Hz refresh rate HDTV, E552VLE","itemShortName":null,"shortDescription":"The Vizio 55\" LCD TV features a brilliant full-HD picture for your viewing pleasure. Connect up to four HD devices via the provided HDMI ports. Connect this Vizio 55\" television to the Internet via Wi-Fi in order to stream movies and more to this Vizio 120Hz refresh reate HDTV.<br><br><b>Note:</b> You must have a source of HD programming in order to take full advantage of the Vizio 55\" LCD TV. Contact your local cable or satellite TV service provider for details on how to upgrade.","longDescription":"<br><b>Vizio 55\" 1080p HDTV, 120Hz refresh rate, E552VLE:</b><ul><li>55\" LCD panel<br>With 1920 x 1080 full-HD resolution<li>True 16:9 aspect ratio<br>View your movies as the director intended on this Vizio 55\" LCD TV<li>Wide 178-degree vertical and 178-degree horizontal angles<br>See a clear picture from anywhere in the room<li>Built-in digital tuner<br>Watch digital broadcasts, including HDTV programs where available<li>High brightness of 500 cd/m2 and 6.5-ms response time<br>Quick response time for a crisp picture<li>100,000:1 dynamic contrast ratio<li>HDMI Inputs: 4<br>Enjoy a superior HD experience with the HDMI one-cable solution<li>54.64\" screen is measured diagonally from corner to corner<li>Wall mountable<br>VESA standard<li>Built-in Wi-Fi<br>Stream movies, programs and more</ul><br><b>ENERGY STAR<sup>&reg;</sup></b><br>Products that are ENERGY STAR-qualified prevent greenhouse gas emissions by meeting strict energy efficiency guidelines set by the U.S. Environmental Protection Agency and the U.S. Department of Energy. The ENERGY STAR name and marks are registered marks owned by the U.S. government, as part of their energy efficiency and environmental activities.","shelfDescription":"<li>54.64\" diagonal screen size<li>HDMI Inputs: 4<li>Wall mountable<li>Built-in WiFi","mfgNo":"E552VLE","modelNum":"E552VLE","dimensionX":34.4,"dimensionY":52.1,"dimensionZ":13.2,"platform":null,"supplierWarranty":"1 Year Limited Warranty","warrantyLength":null,"assembledCountryOfOrigin":"Imported","componentsCountryOfOrigin":"Imported","accessoriesIncluded":null,"accessoriesNotIncluded":null,"ageRange":null,"gender":null,"rating":null,"attributeValue1":null,"attributeValue2":null,"attributeValue3":null,"attributeName1":null,"attributeName2":null,"attributeName3":null,"brandName":"Vizio","manufacturerName":"Vizio","alternateViews":"6","imageId":-9223372036854775808,"addlWarnMsgA":null,"addlWarnMsgB":null,"altWarnMsg":"N","panZoomId":-9223372036854775808,"hasMatureContent":false,"attributeType1":null,"attributeUISetting1":null,"attributeRanking1":1,"attributeType2":null,"attributeUISetting2":null,"attributeRanking2":1,"attributeType3":null,"attributeUISetting3":null,"attributeRanking3":1,"attribute1_order":3,"attribute2_order":3,"attribute3_order":3,"partnerId":-1,"originalBaseUPC":"0084522600672","variantAttrData":null,"logoImage":"http://i.walmartimages.com/i/icon/-9/22/33/72/03/-9223372036854775808_100X60.gif","attributeData":[]},"alternateImageData":[{"imageSrc":"http://i.walmartimages.com/i/p/00/84/52/26/00/0084522600672_60X60.gif","lgImageSrc":"http://i.walmartimages.com/i/p/00/84/52/26/00/0084522600672_500X500.jpg","name":null},{"imageSrc":"http://i.walmartimages.com/i/p/00/84/52/26/00/0084522600672_AV_60X60.gif","lgImageSrc":"http://i.walmartimages.com/i/p/00/84/52/26/00/0084522600672_AV_500X500.jpg","name":null},{"imageSrc":"http://i.walmartimages.com/i/p/00/84/52/26/00/0084522600672_AV1_60X60.gif","lgImageSrc":"http://i.walmartimages.com/i/p/00/84/52/26/00/0084522600672_AV1_500X500.jpg","name":null},{"imageSrc":"http://i.walmartimages.com/i/p/00/84/52/26/00/0084522600672_AV2_60X60.gif","lgImageSrc":"http://i.walmartimages.com/i/p/00/84/52/26/00/0084522600672_AV2_500X500.jpg","name":null},{"imageSrc":"http://i.walmartimages.com/i/p/00/84/52/26/00/0084522600672_AV3_60X60.gif","lgImageSrc":"http://i.walmartimages.com/i/p/00/84/52/26/00/0084522600672_AV3_500X500.jpg","name":null},{"imageSrc":"http://i.walmartimages.com/i/p/00/84/52/26/00/0084522600672_AV4_60X60.gif","lgImageSrc":"http://i.walmartimages.com/i/p/00/84/52/26/00/0084522600672_AV4_500X500.jpg","name":null},{"imageSrc":"http://i.walmartimages.com/i/p/00/84/52/26/00/0084522600672_AV5_60X60.gif","lgImageSrc":"http://i.walmartimages.com/i/p/00/84/52/26/00/0084522600672_AV5_500X500.jpg","name":null}],"id":20461482,"comparable":true,"upc":"0084522600672","customerRatingUrl":"http://www.walmart.com/i/CustRating/4_5.gif","partnerId":-1,"itemAttributes":[{"itemID":20461482,"groupName":"Display","groupDisplayOrder":1,"contentProviderId":3,"attributeName":"Image Aspect Ratio","attributeDisplayOrder":1,"attributeValue":"16:9","glossaryId":0,"attrDisplayName":"Image Aspect Ratio"},{"itemID":20461482,"groupName":"Display","groupDisplayOrder":1,"contentProviderId":3,"attributeName":"Additional Features","attributeDisplayOrder":7,"attributeValue":"On-screen menu, ambient light sensor (ALS), JPEG photo playback, VIZIO Internet Apps (VIA), progressive scan","glossaryId":0,"attrDisplayName":"Additional Features"},{"itemID":20461482,"groupName":"Display","groupDisplayOrder":1,"contentProviderId":3,"attributeName":"Display Format","attributeDisplayOrder":11,"attributeValue":"1080p (FullHD)","glossaryId":0,"attrDisplayName":"Display Format"},{"itemID":20461482,"groupName":"Display","groupDisplayOrder":1,"contentProviderId":3,"attributeName":"Resolution","attributeDisplayOrder":12,"attributeValue":"1920 x 1080","glossaryId":0,"attrDisplayName":"Resolution"},{"itemID":20461482,"groupName":"Display","groupDisplayOrder":1,"contentProviderId":3,"attributeName":"Viewing Angle","attributeDisplayOrder":13,"attributeValue":"178 degrees","glossaryId":0,"attrDisplayName":"Viewing Angle"},{"itemID":20461482,"groupName":"Display","groupDisplayOrder":1,"contentProviderId":3,"attributeName":"Viewing Angle (Vertical)","attributeDisplayOrder":14,"attributeValue":"178 degrees","glossaryId":0,"attrDisplayName":"Viewing Angle (Vertical)"},{"itemID":20461482,"groupName":"Display","groupDisplayOrder":1,"contentProviderId":3,"attributeName":"V-Chip Control","attributeDisplayOrder":15,"attributeValue":"Yes","glossaryId":0,"attrDisplayName":"V-Chip Control"},{"itemID":20461482,"groupName":"Display","groupDisplayOrder":1,"contentProviderId":3,"attributeName":"Color Depth","attributeDisplayOrder":19,"attributeValue":"Up to 1.06 billion colors","glossaryId":0,"attrDisplayName":"Color Depth"},{"itemID":20461482,"groupName":"Remote Control","groupDisplayOrder":4,"contentProviderId":3,"attributeName":"Type","attributeDisplayOrder":1,"attributeValue":"Remote control","glossaryId":0,"attrDisplayName":"Type"},{"itemID":20461482,"groupName":"Audio System","groupDisplayOrder":5,"contentProviderId":3,"attributeName":"Sound Output Mode","attributeDisplayOrder":1,"attributeValue":"Stereo","glossaryId":0,"attrDisplayName":"Sound Output Mode"},{"itemID":20461482,"groupName":"Audio System","groupDisplayOrder":5,"contentProviderId":3,"attributeName":"Surround Mode","attributeDisplayOrder":2,"attributeValue":"Yes","glossaryId":0,"attrDisplayName":"Surround Mode"},{"itemID":20461482,"groupName":"Audio System","groupDisplayOrder":5,"contentProviderId":3,"attributeName":"Sound Effects","attributeDisplayOrder":3,"attributeValue":"SRS TruSurround HD, SRS StudioSound","glossaryId":0,"attrDisplayName":"Sound Effects"},{"itemID":20461482,"groupName":"Audio System","groupDisplayOrder":5,"contentProviderId":3,"attributeName":"Output Power / Total","attributeDisplayOrder":6,"attributeValue":"30 Watt","glossaryId":0,"attrDisplayName":"Output Power / Total"},{"itemID":20461482,"groupName":"Audio System","groupDisplayOrder":5,"contentProviderId":3,"attributeName":"Additional Features","attributeDisplayOrder":7,"attributeValue":"SRS TruVolume","glossaryId":0,"attrDisplayName":"Additional Features"},{"itemID":20461482,"groupName":"Audio System","groupDisplayOrder":5,"contentProviderId":3,"attributeName":"Speaker(s)","attributeDisplayOrder":8,"attributeValue":"2 x right/left channel speaker - built-in - 15 Watt","glossaryId":0,"attrDisplayName":"Speaker(s)"},{"itemID":20461482,"groupName":"Audio System","groupDisplayOrder":5,"contentProviderId":3,"attributeName":"Equalizer","attributeDisplayOrder":9,"attributeValue":"Yes","glossaryId":0,"attrDisplayName":"Equalizer"},{"itemID":20461482,"groupName":"Connections","groupDisplayOrder":6,"contentProviderId":3,"attributeName":"Connector Type","attributeDisplayOrder":1,"attributeValue":"4 x HDMI input ( 19 pin HDMI Type A ) ¦ Composite video / component video input ¦ 1 x audio line-out ( mini-phone stereo 3.5 mm ) ¦ 2 x USB ( 4 pin USB Type A ) ¦ 1 x network ( RJ-45 ) ¦ 1 x VGA input ( 15 pin HD D-Sub (HD-15) ) ¦ 1 x SPDIF output","glossaryId":0,"attrDisplayName":"Connector Type"},{"itemID":20461482,"groupName":"Power","groupDisplayOrder":7,"contentProviderId":3,"attributeName":"Power Device","attributeDisplayOrder":1,"attributeValue":"Power supply","glossaryId":0,"attrDisplayName":"Power Device"},{"itemID":20461482,"groupName":"Power","groupDisplayOrder":7,"contentProviderId":3,"attributeName":"Power Consumption Stand by / Sleep","attributeDisplayOrder":3,"attributeValue":"1 Watt","glossaryId":0,"attrDisplayName":"Power Consumption Stand by / Sleep"},{"itemID":20461482,"groupName":"General","groupDisplayOrder":9,"contentProviderId":3,"attributeName":"Product Type","attributeDisplayOrder":1,"attributeValue":"LCD TV","glossaryId":0,"attrDisplayName":"Product Type"},{"itemID":20461482,"groupName":"General","groupDisplayOrder":9,"contentProviderId":3,"attributeName":"PC Interface","attributeDisplayOrder":3,"attributeValue":"VGA (HD-15)","glossaryId":0,"attrDisplayName":"PC Interface"},{"itemID":20461482,"groupName":"General","groupDisplayOrder":9,"contentProviderId":3,"attributeName":"Width","attributeDisplayOrder":4,"attributeValue":"52 in","glossaryId":0,"attrDisplayName":"Width"},{"itemID":20461482,"groupName":"General","groupDisplayOrder":9,"contentProviderId":3,"attributeName":"Depth","attributeDisplayOrder":5,"attributeValue":"5 in","glossaryId":0,"attrDisplayName":"Depth"},{"itemID":20461482,"groupName":"General","groupDisplayOrder":9,"contentProviderId":3,"attributeName":"Height","attributeDisplayOrder":6,"attributeValue":"32.6 in","glossaryId":0,"attrDisplayName":"Height"},{"itemID":20461482,"groupName":"General","groupDisplayOrder":9,"contentProviderId":3,"attributeName":"Weight","attributeDisplayOrder":7,"attributeValue":"65.9 lbs","glossaryId":0,"attrDisplayName":"Weight"},{"itemID":20461482,"groupName":"General","groupDisplayOrder":9,"contentProviderId":3,"attributeName":"HDCP Compatible","attributeDisplayOrder":13,"attributeValue":"Yes","glossaryId":0,"attrDisplayName":"HDCP Compatible"},{"itemID":20461482,"groupName":"Miscellaneous","groupDisplayOrder":11,"contentProviderId":3,"attributeName":"Compliant Standards","attributeDisplayOrder":4,"attributeValue":"FCC Class B certified, CSA","glossaryId":0,"attrDisplayName":"Compliant Standards"},{"itemID":20461482,"groupName":"Dimensions & Weight Details","groupDisplayOrder":20,"contentProviderId":3,"attributeName":"Dimensions & Weight Details","attributeDisplayOrder":1,"attributeValue":"Panel with stand - 52 in x 13.1 in x 34.4 in x 76.1 lbs ¦ Panel without stand - 52 in x 5 in x 32.6 in x 1.1 oz","glossaryId":0,"attrDisplayName":"Dimensions & Weight Details"},{"itemID":20461482,"groupName":"Network & Internet Multimedia","groupDisplayOrder":30,"contentProviderId":3,"attributeName":"Connectivity","attributeDisplayOrder":2,"attributeValue":"Wireless, wired","glossaryId":0,"attrDisplayName":"Connectivity"},{"itemID":20461482,"groupName":"Network & Internet Multimedia","groupDisplayOrder":30,"contentProviderId":3,"attributeName":"Connectivity Protocols","attributeDisplayOrder":3,"attributeValue":"Ethernet, 802.11b/g/n (Wi-Fi)","glossaryId":0,"attrDisplayName":"Connectivity Protocols"}],"sellers":{"0":{"itemId":20461482,"sellerId":0,"sellerTypeId":1,"sellerName":"Walmart.com","currentItemPrice":818.54,"vendorItemNum":"E552VLE","weight":95.72,"wrapCode":0,"maximumItems":5,"baseItemPrice":828.0,"stockWaterMark":1,"displayStatus":3,"tagCode":0,"baseSuggPrice":1099.99,"packingSlipCode":0,"minPrice":818.54,"maxPrice":818.54,"priceChangeCode":8,"productTaxCode":"PTG9","rebateAmount":-9.223372036854776E18,"rebateTargetURL":null,"shippingDimX":38.5,"shippingDimY":9.1,"shippingDimZ":65.7,"s2SE":true,"sellerItemFlags":null,"freeReturns":false,"shipAlone":false,"remapToItemId":-9223372036854775808,"remapAction":null,"promotionDiscount":-9.223372036854776E18,"promotionMessageType":"","minPromotionAmount":-9.223372036854776E18,"maxPromotionAmount":-9.223372036854776E18,"fedExEligible":false,"smallFormatEligible":false,"thresholdShippingEligible":false,"isS2SOnly":false,"tweTaxCode":"2042530","shippingTaxCode":"2038346","giftWrapTaxCode":"2038857","ppu":-9.223372036854776E18,"fromPPU":-9.223372036854776E18,"contributesToThreshold":false,"isPIPEligible":"Y","checksum":-1,"freeShipping":false,"itemEligibleForFedEx":false,"is97CentShipping":false,"hasRebateLink":false,"storePickupable":true,"submapCode":0,"97CentShipping":false,"shippingDimensionX":38.5,"shippingDimensionY":9.1,"shippingDimensionZ":65.7,"employeeDiscountable":true,"combinedThresholdEligible":false,"availableShippingOfferCodes":null,"isFreeShipping":false}},"ppueligible":false,"uom":null,"unitCount":"0","itemFlags":null,"originalBaseUpc":"0084522600672","imageThumbnailURL":"http://i.walmartimages.com/i/p/00/84/52/26/00/0084522600672_60X60.gif","electronicDelivery":false,"productImageUrl":"http://i.walmartimages.com/i/p/00/84/52/26/00/0084522600672_215X215.jpg","hazardMaterial":false,"media":false,"specialPricing":null,"rebate":false,"putEligible":true,"imagePostCardURL":"http://i.walmartimages.com/i/p/00/84/52/26/00/0084522600672_150X150.jpg"}]