[{"genericContent":{"itemId":20461471,"sourceId":2,"rank":1,"itemName":"Vizio 19\" Class LED-LCD 720p 60Hz HDTV, (1.2\" ultra-slim) E191VA","itemShortName":null,"shortDescription":"<p>The Vizio 19-Inch Class LED-LCD HDTV features Razor LEDs to provide brilliant color and contrast in a very thin frame. The viewing angle can be adjusted both vertically and horizontally for a clear view from anywhere in the room. With SRS StudioSound HD technology, it delivers immersive surround sound. This Vizio LCD HDTV can be easily mounted on the wall. </p>","longDescription":"<strong>Vizio 19-Inch Class LED-LCD HDTV</strong><li>19\" LED panel - With a 1366 x 768 resolution</li><li>True 16:9 aspect ratio - View your movies as the director intended</li><li>Wide 180-degree vertical and 170-degree horizontal angles - See a clear picture from anywhere in the room</li><li>Built-in digital tuner - Watch digital broadcasts, including HDTV programs where available</li><li>5 ms response time - Quick response time for a great picture</li><li>HDMI Inputs: 1 - Enjoy a superior HD experience with HDMI one cable solution</li><li>18.5\" screen measured diagonally from corner to corner</li><li>Wall mountable - VESA standard 75mm x 75mm</li><li>SRS StudioSound HD audio - Get booming surround sound</li>","shelfDescription":"<li>18.5\" diagonal screen size<li>HDMI Inputs: 1<li>Wall mountable<li>SRS StudioSound HD audio","mfgNo":"E191VA","modelNum":"E191VA","dimensionX":12.5,"dimensionY":18.0,"dimensionZ":4.3,"platform":null,"supplierWarranty":"1 Year Limited Warranty","warrantyLength":null,"assembledCountryOfOrigin":"Imported","componentsCountryOfOrigin":"Imported","accessoriesIncluded":null,"accessoriesNotIncluded":null,"ageRange":null,"gender":null,"rating":null,"attributeValue1":null,"attributeValue2":null,"attributeValue3":null,"attributeName1":null,"attributeName2":null,"attributeName3":null,"brandName":"Vizio","manufacturerName":"Vizio","alternateViews":"1","imageId":-9223372036854775808,"addlWarnMsgA":null,"addlWarnMsgB":null,"altWarnMsg":"N","panZoomId":2,"hasMatureContent":false,"attributeType1":null,"attributeUISetting1":null,"attributeRanking1":1,"attributeType2":null,"attributeUISetting2":null,"attributeRanking2":1,"attributeType3":null,"attributeUISetting3":null,"attributeRanking3":1,"attribute1_order":3,"attribute2_order":3,"attribute3_order":3,"partnerId":-1,"originalBaseUPC":"0084522600717","variantAttrData":null,"logoImage":"http://i.walmartimages.com/i/icon/-9/22/33/72/03/-9223372036854775808_100X60.gif","attributeData":[]},"alternateImageData":[{"imageSrc":"http://i.walmartimages.com/i/p/00/84/52/26/00/0084522600717_60X60.gif","lgImageSrc":"http://i.walmartimages.com/i/p/00/84/52/26/00/0084522600717_500X500.jpg","name":null},{"imageSrc":"http://i.walmartimages.com/i/p/00/84/52/26/00/0084522600717_AV_60X60.gif","lgImageSrc":"http://i.walmartimages.com/i/p/00/84/52/26/00/0084522600717_AV_500X500.jpg","name":null}],"id":20461471,"comparable":true,"upc":"0084522600717","customerRatingUrl":"http://www.walmart.com/i/CustRating/4_5.gif","partnerId":-1,"itemAttributes":[{"itemID":20461471,"groupName":"Additional Specifications","groupDisplayOrder":34,"contentProviderId":2,"attributeName":"Remote Included","attributeDisplayOrder":40,"attributeValue":"Yes","glossaryId":0,"attrDisplayName":"Remote Included"},{"itemID":20461471,"groupName":"Additional Specifications","groupDisplayOrder":34,"contentProviderId":2,"attributeName":"Resolution","attributeDisplayOrder":41,"attributeValue":"720p (HDTV)","glossaryId":0,"attrDisplayName":"Resolution"},{"itemID":20461471,"groupName":"Additional Specifications","groupDisplayOrder":34,"contentProviderId":2,"attributeName":"Response Time","attributeDisplayOrder":42,"attributeValue":"5 ms","glossaryId":0,"attrDisplayName":"Response Time"},{"itemID":20461471,"groupName":"Additional Specifications","groupDisplayOrder":34,"contentProviderId":2,"attributeName":"Tv Definition","attributeDisplayOrder":44,"attributeValue":"HDTV","glossaryId":0,"attrDisplayName":"Tv Definition"},{"itemID":20461471,"groupName":"Additional Specifications","groupDisplayOrder":34,"contentProviderId":2,"attributeName":"Tv Technology","attributeDisplayOrder":45,"attributeValue":"LCD,LED","glossaryId":0,"attrDisplayName":"Tv Technology"},{"itemID":20461471,"groupName":"Additional Specifications","groupDisplayOrder":34,"contentProviderId":2,"attributeName":"Primary Color","attributeDisplayOrder":171,"attributeValue":"Black","glossaryId":0,"attrDisplayName":"Primary Color"},{"itemID":20461471,"groupName":"Additional Specifications","groupDisplayOrder":34,"contentProviderId":2,"attributeName":"Multi Pack Indicator","attributeDisplayOrder":180,"attributeValue":"No","glossaryId":0,"attrDisplayName":"Multi Pack Indicator"},{"itemID":20461471,"groupName":"Additional Specifications","groupDisplayOrder":34,"contentProviderId":2,"attributeName":"Battery Type","attributeDisplayOrder":184,"attributeValue":"Does Not Contain a Battery","glossaryId":0,"attrDisplayName":"Battery Type"}],"sellers":{"0":{"itemId":20461471,"sellerId":0,"sellerTypeId":1,"sellerName":"Walmart.com","currentItemPrice":128.0,"vendorItemNum":"E191VA","weight":9.95,"wrapCode":0,"maximumItems":5,"baseItemPrice":148.0,"stockWaterMark":11,"displayStatus":3,"tagCode":0,"baseSuggPrice":179.99,"packingSlipCode":0,"minPrice":128.0,"maxPrice":128.0,"priceChangeCode":0,"productTaxCode":"PTG8","rebateAmount":-9.223372036854776E18,"rebateTargetURL":null,"shippingDimX":4.6,"shippingDimY":15.2,"shippingDimZ":20.4,"s2SE":true,"sellerItemFlags":null,"freeReturns":false,"shipAlone":false,"remapToItemId":-9223372036854775808,"remapAction":null,"promotionDiscount":-9.223372036854776E18,"promotionMessageType":"","minPromotionAmount":-9.223372036854776E18,"maxPromotionAmount":-9.223372036854776E18,"fedExEligible":true,"smallFormatEligible":true,"thresholdShippingEligible":false,"isS2SOnly":false,"tweTaxCode":"2042529","shippingTaxCode":"2038346","giftWrapTaxCode":"2038857","ppu":-9.223372036854776E18,"fromPPU":-9.223372036854776E18,"contributesToThreshold":false,"isPIPEligible":"Y","checksum":-1,"freeShipping":false,"itemEligibleForFedEx":true,"is97CentShipping":false,"hasRebateLink":false,"storePickupable":true,"submapCode":0,"97CentShipping":false,"shippingDimensionX":4.6,"shippingDimensionY":15.2,"shippingDimensionZ":20.4,"employeeDiscountable":true,"combinedThresholdEligible":false,"availableShippingOfferCodes":null,"isFreeShipping":false}},"ppueligible":false,"uom":null,"unitCount":"0","itemFlags":null,"originalBaseUpc":"0084522600717","imageThumbnailURL":"http://i.walmartimages.com/i/p/00/84/52/26/00/0084522600717_60X60.gif","electronicDelivery":false,"productImageUrl":"http://i.walmartimages.com/i/p/00/84/52/26/00/0084522600717_215X215.jpg","hazardMaterial":false,"media":false,"specialPricing":null,"rebate":false,"putEligible":true,"imagePostCardURL":"http://i.walmartimages.com/i/p/00/84/52/26/00/0084522600717_150X150.jpg"}]