[{"genericContent":{"itemId":20370533,"sourceId":2,"rank":1,"itemName":"JVC 22\" Class LED-LCD 1080p 60Hz HDTV (2\" ultra-slim)with Built-In DVD Player, LT-22DE72","itemShortName":null,"shortDescription":"<p>The JVC 22\" Class LED-LCD 1080p 60Hz HDTV features Full HD resolution and an integrated DVD for video, audio and photo playback. Digital Noise reduction and MPEG Noise reduction ensure the best quality entertainment.</p>\n<p><strong>Note:<strong> You must have a source of HD programming in order to take full advantage of the JVC 22\" HDTV. Contact your local cable or satellite TV provider for details on how to upgrade.<p>","longDescription":"<strong>JVC 22\" Class LED-LCD 1080p 60Hz HDTV with Built-In DVD Player, LT-22DE72:</strong>\n<li>22\" LED panel</li>\n<li>With a 1920 x 1080 Full HD resolution</li>\n<li>True 16:9 aspect ratio</li>\n<li>View your movies as the director intended</li>\n<li>Built-in digital tuner</li>\n<li>Watch digital broadcasts, including HDTV programs where available</li>\n<li>1,000:1 native contrast ratio</li>\n<li>HDMI Inputs: 1</li>\n<li>Enjoy a superior HD experience with HDMI one cable solution</li>\n<li>21.5\" screen measured diagonally from corner to corner</li>\n<li>Built-in DVD player</li>\n<li>Supports DVDs, audio CDs, MP3 playback and photo slide shows</li>","shelfDescription":"<li>21.5\" diagonal screen size<li>HDMI Inputs: 1<li>Built-in DVD player","mfgNo":"LT-22DE72","modelNum":"LT-22DE72","dimensionX":14.5,"dimensionY":20.25,"dimensionZ":6.62,"platform":null,"supplierWarranty":"1 Year Limited Warranty","warrantyLength":null,"assembledCountryOfOrigin":"Imported","componentsCountryOfOrigin":"Imported","accessoriesIncluded":null,"accessoriesNotIncluded":null,"ageRange":null,"gender":null,"rating":null,"attributeValue1":null,"attributeValue2":null,"attributeValue3":null,"attributeName1":null,"attributeName2":null,"attributeName3":null,"brandName":"JVC","manufacturerName":"Hamilton Beach/Proctor-Silex","alternateViews":"6","imageId":-9223372036854775808,"addlWarnMsgA":null,"addlWarnMsgB":null,"altWarnMsg":"N","panZoomId":2,"hasMatureContent":false,"attributeType1":null,"attributeUISetting1":null,"attributeRanking1":1,"attributeType2":null,"attributeUISetting2":null,"attributeRanking2":1,"attributeType3":null,"attributeUISetting3":null,"attributeRanking3":1,"attribute1_order":3,"attribute2_order":3,"attribute3_order":3,"partnerId":-1,"originalBaseUPC":"0004683804716","variantAttrData":null,"logoImage":"http://i.walmartimages.com/i/icon/-9/22/33/72/03/-9223372036854775808_100X60.gif","attributeData":[]},"alternateImageData":[{"imageSrc":"http://i.walmartimages.com/i/p/00/04/68/38/04/0004683804716_60X60.gif","lgImageSrc":"http://i.walmartimages.com/i/p/00/04/68/38/04/0004683804716_500X500.jpg","name":null},{"imageSrc":"http://i.walmartimages.com/i/p/00/04/68/38/04/0004683804716_AV_60X60.gif","lgImageSrc":"http://i.walmartimages.com/i/p/00/04/68/38/04/0004683804716_AV_500X500.jpg","name":null},{"imageSrc":"http://i.walmartimages.com/i/p/00/04/68/38/04/0004683804716_AV1_60X60.gif","lgImageSrc":"http://i.walmartimages.com/i/p/00/04/68/38/04/0004683804716_AV1_500X500.jpg","name":null},{"imageSrc":"http://i.walmartimages.com/i/p/00/04/68/38/04/0004683804716_AV2_60X60.gif","lgImageSrc":"http://i.walmartimages.com/i/p/00/04/68/38/04/0004683804716_AV2_500X500.jpg","name":null},{"imageSrc":"http://i.walmartimages.com/i/p/00/04/68/38/04/0004683804716_AV3_60X60.gif","lgImageSrc":"http://i.walmartimages.com/i/p/00/04/68/38/04/0004683804716_AV3_500X500.jpg","name":null},{"imageSrc":"http://i.walmartimages.com/i/p/00/04/68/38/04/0004683804716_AV4_60X60.gif","lgImageSrc":"http://i.walmartimages.com/i/p/00/04/68/38/04/0004683804716_AV4_500X500.jpg","name":null},{"imageSrc":"http://i.walmartimages.com/i/p/00/04/68/38/04/0004683804716_AV5_60X60.gif","lgImageSrc":"http://i.walmartimages.com/i/p/00/04/68/38/04/0004683804716_AV5_500X500.jpg","name":null}],"id":20370533,"comparable":true,"upc":"0004683804716","customerRatingUrl":null,"partnerId":-1,"itemAttributes":[{"itemID":20370533,"groupName":"Additional Specifications","groupDisplayOrder":34,"contentProviderId":2,"attributeName":"Contrast Ratio","attributeDisplayOrder":37,"attributeValue":"1,000:1","glossaryId":0,"attrDisplayName":"Contrast Ratio"},{"itemID":20370533,"groupName":"Additional Specifications","groupDisplayOrder":34,"contentProviderId":2,"attributeName":"Remote Included","attributeDisplayOrder":40,"attributeValue":"Yes","glossaryId":0,"attrDisplayName":"Remote Included"},{"itemID":20370533,"groupName":"Additional Specifications","groupDisplayOrder":34,"contentProviderId":2,"attributeName":"Resolution","attributeDisplayOrder":41,"attributeValue":"1080p (HDTV)","glossaryId":0,"attrDisplayName":"Resolution"},{"itemID":20370533,"groupName":"Additional Specifications","groupDisplayOrder":34,"contentProviderId":2,"attributeName":"Tv Definition","attributeDisplayOrder":44,"attributeValue":"HDTV","glossaryId":0,"attrDisplayName":"Tv Definition"},{"itemID":20370533,"groupName":"Additional Specifications","groupDisplayOrder":34,"contentProviderId":2,"attributeName":"Tv Technology","attributeDisplayOrder":45,"attributeValue":"LED","glossaryId":0,"attrDisplayName":"Tv Technology"},{"itemID":20370533,"groupName":"Additional Specifications","groupDisplayOrder":34,"contentProviderId":2,"attributeName":"Primary Color","attributeDisplayOrder":171,"attributeValue":"Black","glossaryId":0,"attrDisplayName":"Primary Color"},{"itemID":20370533,"groupName":"Additional Specifications","groupDisplayOrder":34,"contentProviderId":2,"attributeName":"Multi Pack Indicator","attributeDisplayOrder":180,"attributeValue":"No","glossaryId":0,"attrDisplayName":"Multi Pack Indicator"},{"itemID":20370533,"groupName":"Additional Specifications","groupDisplayOrder":34,"contentProviderId":2,"attributeName":"Battery Type","attributeDisplayOrder":184,"attributeValue":"Does Not Contain a Battery","glossaryId":0,"attrDisplayName":"Battery Type"}],"sellers":{"0":{"itemId":20370533,"sellerId":0,"sellerTypeId":1,"sellerName":"Walmart.com","currentItemPrice":198.0,"vendorItemNum":"LT22DE72","weight":10.2,"wrapCode":0,"maximumItems":5,"baseItemPrice":189.98,"stockWaterMark":0,"displayStatus":2,"tagCode":0,"baseSuggPrice":249.99,"packingSlipCode":0,"minPrice":198.0,"maxPrice":198.0,"priceChangeCode":5,"productTaxCode":"PTG8","rebateAmount":-9.223372036854776E18,"rebateTargetURL":null,"shippingDimX":17.6,"shippingDimY":5.1,"shippingDimZ":23.7,"s2SE":true,"sellerItemFlags":null,"freeReturns":false,"shipAlone":false,"remapToItemId":-9223372036854775808,"remapAction":null,"promotionDiscount":-9.223372036854776E18,"promotionMessageType":"","minPromotionAmount":-9.223372036854776E18,"maxPromotionAmount":-9.223372036854776E18,"fedExEligible":true,"smallFormatEligible":true,"thresholdShippingEligible":false,"isS2SOnly":false,"tweTaxCode":"2042529","shippingTaxCode":"2038346","giftWrapTaxCode":"2038857","ppu":-9.223372036854776E18,"fromPPU":-9.223372036854776E18,"contributesToThreshold":false,"isPIPEligible":"Y","checksum":-1,"freeShipping":false,"itemEligibleForFedEx":true,"is97CentShipping":false,"hasRebateLink":false,"storePickupable":true,"submapCode":0,"97CentShipping":false,"shippingDimensionX":17.6,"shippingDimensionY":5.1,"shippingDimensionZ":23.7,"employeeDiscountable":true,"combinedThresholdEligible":false,"availableShippingOfferCodes":null,"isFreeShipping":false}},"ppueligible":false,"uom":null,"unitCount":"0","itemFlags":"1,","originalBaseUpc":"0004683804716","imageThumbnailURL":"http://i.walmartimages.com/i/p/00/04/68/38/04/0004683804716_60X60.gif","electronicDelivery":false,"productImageUrl":"http://i.walmartimages.com/i/p/00/04/68/38/04/0004683804716_215X215.jpg","hazardMaterial":false,"media":false,"specialPricing":null,"rebate":false,"putEligible":false,"imagePostCardURL":"http://i.walmartimages.com/i/p/00/04/68/38/04/0004683804716_150X150.jpg"}]