[{"genericContent":{"itemId":20554036,"sourceId":3,"rank":1,"itemName":"Samsung 40\" Class LED 1080p 120Hz 3D HDTV, (1.8\" ultra-slim) UN40ES6580 Smart TV","itemShortName":null,"shortDescription":"Once you turn it on, you'll realize just how smart the Samsung 40\" LED TV, UN40ES6580 really is. Start off with Smart Content, including a full Web Browser that lets you explore online even while you're watching a program on the Samsung 40\" LED TV. Or, check the Smart Hub and find the exact content you're looking for. You can search for movies, shows and videos on Hulu Plus, YouTube and other content providers to customize your viewing on this 3D Samsung 40\" television. Samsung Apps give you access to Facebook and Twitter so you can connect and share with friends and family. Top it all off with the thrill of Active Full HD 3D, and you've got a true entertainment winner.<br><br><b>Note:</b> You must have a source of HD programming in order to take full advantage of the 3D Samsung 40\" LED TV. Contact your local cable or satellite TV service provider for details on how to upgrade.","longDescription":"<br><b>Samsung 40\" 1080p HDTV, 3D, 120Hz, UN40ES6580:</b><ul><li>40\" LED panel<br>With 1920 x 1080 full-HD resolution<li>True 16:9 aspect ratio<br>View your movies as the director intended<li>Built-in digital tuner<br>Watch digital broadcasts, including HDTV programs where available<li>HDMI Inputs: 3<br>Enjoy a superior HD experience with the HDMI one-cable solution<li>40\" screen measured diagonally from corner to corner<li>Samsung Active 3D<br>Watch amazing 3D content with the 4 pairs of active 3D glasses included<li>Built-in Wi-Fi<br>Browse the web from your big screen<li>Skype-compatible<br>Use the built-in WiFi and included webcam to keep in touch with family and friends, no matter how far away they are<li>3 USB ports<br>Listen to music and view photos from USB storage devices</ul>","shelfDescription":"<li>40\" diagonal screen size<li>HDMI Inputs: 3<li>Samsung Active 3D","mfgNo":"UN40ES6580","modelNum":"UN40ES6580","dimensionX":24.5,"dimensionY":36.9,"dimensionZ":9.5,"platform":null,"supplierWarranty":"1 Year Limited Warranty","warrantyLength":null,"assembledCountryOfOrigin":"Imported","componentsCountryOfOrigin":"Imported","accessoriesIncluded":null,"accessoriesNotIncluded":null,"ageRange":null,"gender":null,"rating":null,"attributeValue1":null,"attributeValue2":null,"attributeValue3":null,"attributeName1":null,"attributeName2":null,"attributeName3":null,"brandName":"Samsung","manufacturerName":"Samsung","alternateViews":"2","imageId":-9223372036854775808,"addlWarnMsgA":null,"addlWarnMsgB":null,"altWarnMsg":"N","panZoomId":2,"hasMatureContent":false,"attributeType1":null,"attributeUISetting1":null,"attributeRanking1":1,"attributeType2":null,"attributeUISetting2":null,"attributeRanking2":1,"attributeType3":null,"attributeUISetting3":null,"attributeRanking3":1,"attribute1_order":3,"attribute2_order":3,"attribute3_order":3,"partnerId":-1,"originalBaseUPC":"0003672523749","variantAttrData":null,"logoImage":"http://i.walmartimages.com/i/icon/-9/22/33/72/03/-9223372036854775808_100X60.gif","attributeData":[]},"alternateImageData":[{"imageSrc":"http://i.walmartimages.com/i/p/00/03/67/25/23/0003672523749_60X60.gif","lgImageSrc":"http://i.walmartimages.com/i/p/00/03/67/25/23/0003672523749_500X500.jpg","name":null},{"imageSrc":"http://i.walmartimages.com/i/p/00/03/67/25/23/0003672523749_AV_60X60.gif","lgImageSrc":"http://i.walmartimages.com/i/p/00/03/67/25/23/0003672523749_AV_500X500.jpg","name":null},{"imageSrc":"http://i.walmartimages.com/i/p/00/03/67/25/23/0003672523749_AV1_60X60.gif","lgImageSrc":"http://i.walmartimages.com/i/p/00/03/67/25/23/0003672523749_AV1_500X500.jpg","name":null}],"id":20554036,"comparable":true,"upc":"0003672523749","customerRatingUrl":"http://www.walmart.com/i/CustRating/4_7.gif","partnerId":-1,"itemAttributes":[{"itemID":20554036,"groupName":"Display","groupDisplayOrder":1,"contentProviderId":3,"attributeName":"Additional Features","attributeDisplayOrder":7,"attributeValue":"Clock, auto power off, integrated web browser, Anynet Plus, Smart Content Manager, BD Wise, game mode, Touch of Color (ToC), 3D/2D dual mode, ConnectShare Movie, Skype on Samsung TV, Samsung Apps, Wide Color Enhancer Plus, Eco Sensor, Smart Hub, One Design, Search All, Your Video, AllShare Play, Fitness, Family Story, Kids Story","glossaryId":0,"attrDisplayName":"Additional Features"},{"itemID":20554036,"groupName":"Display","groupDisplayOrder":1,"contentProviderId":3,"attributeName":"Display Format","attributeDisplayOrder":11,"attributeValue":"1080p (FullHD)","glossaryId":0,"attrDisplayName":"Display Format"},{"itemID":20554036,"groupName":"Display","groupDisplayOrder":1,"contentProviderId":3,"attributeName":"Resolution","attributeDisplayOrder":12,"attributeValue":"1920 x 1080","glossaryId":0,"attrDisplayName":"Resolution"},{"itemID":20554036,"groupName":"Display","groupDisplayOrder":1,"contentProviderId":3,"attributeName":"V-Chip Control","attributeDisplayOrder":15,"attributeValue":"Yes","glossaryId":0,"attrDisplayName":"V-Chip Control"},{"itemID":20554036,"groupName":"TV Tuner","groupDisplayOrder":2,"contentProviderId":3,"attributeName":"Stereo Reception System","attributeDisplayOrder":3,"attributeValue":"MTS","glossaryId":0,"attrDisplayName":"Stereo Reception System"},{"itemID":20554036,"groupName":"TV Tuner","groupDisplayOrder":2,"contentProviderId":3,"attributeName":"Secondary Audio Program (SAP)","attributeDisplayOrder":6,"attributeValue":"Yes","glossaryId":0,"attrDisplayName":"Secondary Audio Program (SAP)"},{"itemID":20554036,"groupName":"Video Features","groupDisplayOrder":3,"contentProviderId":3,"attributeName":"Closed Caption Capability","attributeDisplayOrder":3,"attributeValue":"Yes","glossaryId":0,"attrDisplayName":"Closed Caption Capability"},{"itemID":20554036,"groupName":"Video Features","groupDisplayOrder":3,"contentProviderId":3,"attributeName":"Parental Channel Lock","attributeDisplayOrder":6,"attributeValue":"Yes","glossaryId":0,"attrDisplayName":"Parental Channel Lock"},{"itemID":20554036,"groupName":"Remote Control","groupDisplayOrder":4,"contentProviderId":3,"attributeName":"Type","attributeDisplayOrder":1,"attributeValue":"Remote control","glossaryId":0,"attrDisplayName":"Type"},{"itemID":20554036,"groupName":"Audio System","groupDisplayOrder":5,"contentProviderId":3,"attributeName":"Sound Output Mode","attributeDisplayOrder":1,"attributeValue":"Stereo","glossaryId":0,"attrDisplayName":"Sound Output Mode"},{"itemID":20554036,"groupName":"Audio System","groupDisplayOrder":5,"contentProviderId":3,"attributeName":"Surround Mode","attributeDisplayOrder":2,"attributeValue":"Yes","glossaryId":0,"attrDisplayName":"Surround Mode"},{"itemID":20554036,"groupName":"Audio System","groupDisplayOrder":5,"contentProviderId":3,"attributeName":"Sound Effects","attributeDisplayOrder":3,"attributeValue":"SRS TheaterSound HD","glossaryId":0,"attrDisplayName":"Sound Effects"},{"itemID":20554036,"groupName":"Audio System","groupDisplayOrder":5,"contentProviderId":3,"attributeName":"Output Power / Total","attributeDisplayOrder":6,"attributeValue":"20 Watt","glossaryId":0,"attrDisplayName":"Output Power / Total"},{"itemID":20554036,"groupName":"Audio System","groupDisplayOrder":5,"contentProviderId":3,"attributeName":"Additional Features","attributeDisplayOrder":7,"attributeValue":"Down-firing Speaker, Auto Volume Leveller (AVL)","glossaryId":0,"attrDisplayName":"Additional Features"},{"itemID":20554036,"groupName":"Audio System","groupDisplayOrder":5,"contentProviderId":3,"attributeName":"Speaker(s)","attributeDisplayOrder":8,"attributeValue":"2 x right/left channel speaker - built-in - 10 Watt","glossaryId":0,"attrDisplayName":"Speaker(s)"},{"itemID":20554036,"groupName":"Audio System","groupDisplayOrder":5,"contentProviderId":3,"attributeName":"Driver Details","attributeDisplayOrder":16,"attributeValue":"Right/left channel speaker : full-range driver","glossaryId":0,"attrDisplayName":"Driver Details"},{"itemID":20554036,"groupName":"Connections","groupDisplayOrder":6,"contentProviderId":3,"attributeName":"Connector Type","attributeDisplayOrder":1,"attributeValue":"3 x HDMI ( 19 pin HDMI Type A ) ¦ 1 x component video input ( RCA phono x 3 ) ¦ 1 x digital audio output (optical) ( TOSLINK ) ¦ 3 x USB 2.0 ( 4 pin USB Type A ) ¦ 1 x network ( RJ-45 ) ¦ 1 x composite video input ( RCA phono x 2 ) ¦ 1 x audio output ( mini-phone stereo 3.5 mm ) ¦ 1 x audio input","glossaryId":0,"attrDisplayName":"Connector Type"},{"itemID":20554036,"groupName":"Power","groupDisplayOrder":7,"contentProviderId":3,"attributeName":"Power Device","attributeDisplayOrder":1,"attributeValue":"Power supply","glossaryId":0,"attrDisplayName":"Power Device"},{"itemID":20554036,"groupName":"Power","groupDisplayOrder":7,"contentProviderId":3,"attributeName":"Power Consumption Stand by / Sleep","attributeDisplayOrder":3,"attributeValue":"0.1 Watt","glossaryId":0,"attrDisplayName":"Power Consumption Stand by / Sleep"},{"itemID":20554036,"groupName":"General","groupDisplayOrder":9,"contentProviderId":3,"attributeName":"Product Type","attributeDisplayOrder":1,"attributeValue":"LED-backlit LCD TV - Smart TV","glossaryId":0,"attrDisplayName":"Product Type"},{"itemID":20554036,"groupName":"General","groupDisplayOrder":9,"contentProviderId":3,"attributeName":"Width","attributeDisplayOrder":4,"attributeValue":"36.9 in","glossaryId":0,"attrDisplayName":"Width"},{"itemID":20554036,"groupName":"General","groupDisplayOrder":9,"contentProviderId":3,"attributeName":"Depth","attributeDisplayOrder":5,"attributeValue":"1.8 in","glossaryId":0,"attrDisplayName":"Depth"},{"itemID":20554036,"groupName":"General","groupDisplayOrder":9,"contentProviderId":3,"attributeName":"Height","attributeDisplayOrder":6,"attributeValue":"22 in","glossaryId":0,"attrDisplayName":"Height"},{"itemID":20554036,"groupName":"General","groupDisplayOrder":9,"contentProviderId":3,"attributeName":"Weight","attributeDisplayOrder":7,"attributeValue":"23.6 lbs","glossaryId":0,"attrDisplayName":"Weight"},{"itemID":20554036,"groupName":"General","groupDisplayOrder":9,"contentProviderId":3,"attributeName":"Series","attributeDisplayOrder":8,"attributeValue":"6 Series","glossaryId":0,"attrDisplayName":"Series"},{"itemID":20554036,"groupName":"General","groupDisplayOrder":9,"contentProviderId":3,"attributeName":"HDCP Compatible","attributeDisplayOrder":13,"attributeValue":"Yes","glossaryId":0,"attrDisplayName":"HDCP Compatible"},{"itemID":20554036,"groupName":"Dimensions & Weight Details","groupDisplayOrder":20,"contentProviderId":3,"attributeName":"Dimensions & Weight Details","attributeDisplayOrder":1,"attributeValue":"Panel without stand - 36.9 in x 1.8 in x 22 in x 23.6 lbs ¦ Panel with stand - 36.9 in x 9.5 in x 24.5 in x 26.7 lbs","glossaryId":0,"attrDisplayName":"Dimensions & Weight Details"},{"itemID":20554036,"groupName":"Network & Internet Multimedia","groupDisplayOrder":30,"contentProviderId":3,"attributeName":"Functionality","attributeDisplayOrder":1,"attributeValue":"Digital audio playback, digital photo playback, digital video playback, WEB browsing, Skype client, Internet video playback","glossaryId":0,"attrDisplayName":"Functionality"},{"itemID":20554036,"groupName":"Network & Internet Multimedia","groupDisplayOrder":30,"contentProviderId":3,"attributeName":"Connectivity","attributeDisplayOrder":2,"attributeValue":"Wireless, wired","glossaryId":0,"attrDisplayName":"Connectivity"},{"itemID":20554036,"groupName":"Network & Internet Multimedia","groupDisplayOrder":30,"contentProviderId":3,"attributeName":"Connectivity Protocols","attributeDisplayOrder":3,"attributeValue":"Ethernet","glossaryId":0,"attrDisplayName":"Connectivity Protocols"},{"itemID":20554036,"groupName":"Digital TV Tuner","groupDisplayOrder":32,"contentProviderId":3,"attributeName":"Digital TV Tuner","attributeDisplayOrder":1,"attributeValue":"ATSC, QAM","glossaryId":0,"attrDisplayName":"Digital TV Tuner"}],"sellers":{"0":{"itemId":20554036,"sellerId":0,"sellerTypeId":1,"sellerName":"Walmart.com","currentItemPrice":1378.0,"vendorItemNum":"UN40ES6580","weight":28.88,"wrapCode":0,"maximumItems":5,"baseItemPrice":1378.0,"stockWaterMark":0,"displayStatus":3,"tagCode":0,"baseSuggPrice":1379.99,"packingSlipCode":0,"minPrice":998.0,"maxPrice":998.0,"priceChangeCode":0,"productTaxCode":"PTG9","rebateAmount":-9.223372036854776E18,"rebateTargetURL":null,"shippingDimX":25.4,"shippingDimY":45.4,"shippingDimZ":5.2,"s2SE":true,"sellerItemFlags":null,"freeReturns":false,"shipAlone":false,"remapToItemId":-9223372036854775808,"remapAction":null,"promotionDiscount":-9.223372036854776E18,"promotionMessageType":"","minPromotionAmount":-9.223372036854776E18,"maxPromotionAmount":-9.223372036854776E18,"fedExEligible":false,"smallFormatEligible":true,"thresholdShippingEligible":false,"isS2SOnly":false,"tweTaxCode":"2042530","shippingTaxCode":"2038346","giftWrapTaxCode":"2038857","ppu":-9.223372036854776E18,"fromPPU":-9.223372036854776E18,"contributesToThreshold":false,"isPIPEligible":"Y","checksum":-1,"freeShipping":false,"itemEligibleForFedEx":false,"is97CentShipping":false,"hasRebateLink":false,"storePickupable":true,"submapCode":0,"97CentShipping":false,"shippingDimensionX":25.4,"shippingDimensionY":45.4,"shippingDimensionZ":5.2,"employeeDiscountable":true,"combinedThresholdEligible":false,"availableShippingOfferCodes":null,"isFreeShipping":false}},"ppueligible":false,"uom":null,"unitCount":"0","itemFlags":null,"originalBaseUpc":"0003672523749","imageThumbnailURL":"http://i.walmartimages.com/i/p/00/03/67/25/23/0003672523749_60X60.gif","electronicDelivery":false,"productImageUrl":"http://i.walmartimages.com/i/p/00/03/67/25/23/0003672523749_215X215.jpg","hazardMaterial":false,"media":false,"specialPricing":null,"rebate":false,"putEligible":false,"imagePostCardURL":"http://i.walmartimages.com/i/p/00/03/67/25/23/0003672523749_150X150.jpg"}]