[{"genericContent":{"itemId":15992330,"sourceId":2,"rank":1,"itemName":"VIZIO 42\" Class Theater 3D LCD HDTV with VIZIO Internet Apps 1080p 120Hz refresh fate, E3D420VX","itemShortName":null,"shortDescription":"Bring the movie theater 3D experience home! VIZIO's 42\" Theater 3D LCD HDTV delivers stunning, cinema-style 3D. Whether you're watching the latest summer blockbuster or the championship game, Theater 3D means you see crystal-clear, flicker-free 3D that's up to 2 times brighter than conventional 3D. Includes 2 pairs of 3D glasses, so you can share the excitement with friends and family!<br>\n\nFeaturing 120 Hz refresh rate, 1080p Full HD and 200,000 to 1 Dynamic Contrast Ratio, this superb HDTV renders both 2D and 3D with superior clarity, color and contrast at an amazing value. <br>\n\nAlso includes VIZIO Internet Apps and built-in 802.11n WiFi, giving you the convenience of on-demand movies, TV shows, social networking, music, photos, and more\u0014all at the push of a button on the Two-sided IR QWERTY remote.\n<p>","longDescription":"<b>VIZIO 42\" Class Theater 3D LCD HDTV with VIZIO Internet Apps, E3D420VX </b><p> Key Features and Benefits<p>\n<li> Theater 3D \u0013 Bring the movie theater 3D experience home!\n<li> VIZIO Internet Apps with built-in WiFi\n<li>Includes 2 pairs of VIZIO 3D glasses (1 premium, 1 basic)\n<li>1080p Full HD Resolution\n<li> 120 Hz refresh rate\n<li> 200,000 to 1 Dynamic Contrast Ratio\n<li> Two-sided IR QWERTY remote\n<li> SRS StudioSound HD \n<li>Ambient Light Sensing technology\n<li> Exceeds ENERGY STAR 4.2 guidelines\n<li> Three HDMI ports","shelfDescription":"<li>42\" diagonal screen size<li>HDMI Inputs: 3<li>Wall mountable<li>Theater 3D technology","mfgNo":"E3D420VX","modelNum":"E3D420VX","dimensionX":25.9,"dimensionY":40.2,"dimensionZ":3.3,"platform":null,"supplierWarranty":"1 Year Limited Warranty - Parts & Labor, Free Lifetime Technical Support","warrantyLength":null,"assembledCountryOfOrigin":"Imported","componentsCountryOfOrigin":"Imported","accessoriesIncluded":null,"accessoriesNotIncluded":null,"ageRange":null,"gender":null,"rating":null,"attributeValue1":null,"attributeValue2":null,"attributeValue3":null,"attributeName1":null,"attributeName2":null,"attributeName3":null,"brandName":"Vizio","manufacturerName":"Vizio","alternateViews":"5","imageId":-9223372036854775808,"addlWarnMsgA":null,"addlWarnMsgB":null,"altWarnMsg":"N","panZoomId":2,"hasMatureContent":false,"attributeType1":null,"attributeUISetting1":null,"attributeRanking1":1,"attributeType2":null,"attributeUISetting2":null,"attributeRanking2":1,"attributeType3":null,"attributeUISetting3":null,"attributeRanking3":1,"attribute1_order":3,"attribute2_order":3,"attribute3_order":3,"partnerId":-1,"originalBaseUPC":"0084522600507","variantAttrData":null,"logoImage":"http://i.walmartimages.com/i/icon/-9/22/33/72/03/-9223372036854775808_100X60.gif","attributeData":[]},"alternateImageData":[{"imageSrc":"http://i.walmartimages.com/i/p/00/84/52/26/00/0084522600507_60X60.gif","lgImageSrc":"http://i.walmartimages.com/i/p/00/84/52/26/00/0084522600507_500X500.jpg","name":null},{"imageSrc":"http://i.walmartimages.com/i/p/00/84/52/26/00/0084522600507_AV_60X60.gif","lgImageSrc":"http://i.walmartimages.com/i/p/00/84/52/26/00/0084522600507_AV_500X500.jpg","name":null},{"imageSrc":"http://i.walmartimages.com/i/p/00/84/52/26/00/0084522600507_AV1_60X60.gif","lgImageSrc":"http://i.walmartimages.com/i/p/00/84/52/26/00/0084522600507_AV1_500X500.jpg","name":null},{"imageSrc":"http://i.walmartimages.com/i/p/00/84/52/26/00/0084522600507_AV2_60X60.gif","lgImageSrc":"http://i.walmartimages.com/i/p/00/84/52/26/00/0084522600507_AV2_500X500.jpg","name":null},{"imageSrc":"http://i.walmartimages.com/i/p/00/84/52/26/00/0084522600507_AV3_60X60.gif","lgImageSrc":"http://i.walmartimages.com/i/p/00/84/52/26/00/0084522600507_AV3_500X500.jpg","name":null},{"imageSrc":"http://i.walmartimages.com/i/p/00/84/52/26/00/0084522600507_AV4_60X60.gif","lgImageSrc":"http://i.walmartimages.com/i/p/00/84/52/26/00/0084522600507_AV4_500X500.jpg","name":null}],"id":15992330,"comparable":true,"upc":"0084522600507","customerRatingUrl":"http://www.walmart.com/i/CustRating/4_7.gif","partnerId":-1,"itemAttributes":[{"itemID":15992330,"groupName":"Additional Specifications","groupDisplayOrder":1,"contentProviderId":2,"attributeName":"Primary Color","attributeDisplayOrder":64,"attributeValue":"Black","glossaryId":0,"attrDisplayName":"Primary Color"},{"itemID":15992330,"groupName":"Additional Specifications","groupDisplayOrder":1,"contentProviderId":2,"attributeName":"Battery Type","attributeDisplayOrder":73,"attributeValue":"Does Not Contain a Battery","glossaryId":0,"attrDisplayName":"Battery Type"},{"itemID":15992330,"groupName":"Additional Specifications","groupDisplayOrder":1,"contentProviderId":2,"attributeName":"Multi Pack Indicator","attributeDisplayOrder":418,"attributeValue":"No","glossaryId":0,"attrDisplayName":"Multi Pack Indicator"}],"sellers":{"0":{"itemId":15992330,"sellerId":0,"sellerTypeId":1,"sellerName":"Walmart.com","currentItemPrice":528.0,"vendorItemNum":"E3D420VX","weight":40.0,"wrapCode":0,"maximumItems":5,"baseItemPrice":548.0,"stockWaterMark":0,"displayStatus":3,"tagCode":0,"baseSuggPrice":699.99,"packingSlipCode":0,"minPrice":528.0,"maxPrice":528.0,"priceChangeCode":8,"productTaxCode":"PTG9","rebateAmount":-9.223372036854776E18,"rebateTargetURL":null,"shippingDimX":32.4,"shippingDimY":45.1,"shippingDimZ":7.4,"s2SE":true,"sellerItemFlags":null,"freeReturns":false,"shipAlone":false,"remapToItemId":-9223372036854775808,"remapAction":null,"promotionDiscount":-9.223372036854776E18,"promotionMessageType":"","minPromotionAmount":-9.223372036854776E18,"maxPromotionAmount":-9.223372036854776E18,"fedExEligible":false,"smallFormatEligible":false,"thresholdShippingEligible":false,"isS2SOnly":false,"tweTaxCode":"2042534","shippingTaxCode":"2038346","giftWrapTaxCode":"2038857","ppu":-9.223372036854776E18,"fromPPU":-9.223372036854776E18,"contributesToThreshold":false,"isPIPEligible":"Y","checksum":-1,"freeShipping":false,"itemEligibleForFedEx":false,"is97CentShipping":false,"hasRebateLink":false,"storePickupable":true,"submapCode":0,"97CentShipping":false,"shippingDimensionX":32.4,"shippingDimensionY":45.1,"shippingDimensionZ":7.4,"employeeDiscountable":true,"combinedThresholdEligible":false,"availableShippingOfferCodes":null,"isFreeShipping":false}},"ppueligible":false,"uom":null,"unitCount":"0","itemFlags":null,"originalBaseUpc":"0084522600507","imageThumbnailURL":"http://i.walmartimages.com/i/p/00/84/52/26/00/0084522600507_60X60.gif","electronicDelivery":false,"productImageUrl":"http://i.walmartimages.com/i/p/00/84/52/26/00/0084522600507_215X215.jpg","hazardMaterial":false,"media":false,"specialPricing":null,"rebate":false,"putEligible":true,"imagePostCardURL":"http://i.walmartimages.com/i/p/00/84/52/26/00/0084522600507_150X150.jpg"}]