[{"genericContent":{"itemId":15992329,"sourceId":2,"rank":1,"itemName":"VIZIO 32\" Class 3D LCD HDTV 1080p with VIZIO Internet Apps 1080p 60Hz, E3D320VX","itemShortName":null,"shortDescription":"Bring the movie theater 3D experience home! VIZIO's 32\" Theater 3D LCD HDTV delivers stunning, cinema-style 3D. Whether you're watching the latest summer blockbuster or the championship game, Theater 3D means crystal-clear, flicker-free 3D that has a brighter picture than conventional 3D.  Includes 2 pairs of 3D glasses, so you can share the excitement with friends and family!<p>\n\nFeaturing 1080p Full HD and 200,000 to 1 Dynamic Contrast Ratio, this superb HDTV renders both 2D and 3D with superior clarity, color and contrast at an amazing value. <br>\n\nAlso includes VIZIO Internet Apps and built-in 802.11n WiFi, giving you the convenience of on-demand movies, TV shows, social networking, music, photos, and more<p>","longDescription":"<b>VIZIO 32\" Class 3D LCD HDTV 1080p with VIZIO Internet Apps, E3D320VX</b> <p> Key Features and Benefits<p>\n<li>Theater 3D \u0013 Bring the movie theater 3D experience home!\n<li>VIZIO Internet Apps with built-in WiFi\n<li> Includes 2 pairs of VIZIO 3D glasses (2 basic)\n<li>1080p Full HD Resolution\n<li> 200,000 to 1 Dynamic Contrast Ratio\n<li> SRS TruSurround HDTM and SRS TruVolume audio \n<li> Ambient Light Sensing technology\n<li> Exceeds ENERGY STAR 4.2 guidelines\n<li> Three HDMI ports","shelfDescription":"<li>31.51\" diagonal screen size<li>HDMI inputs: 3<li>Wall mountable with detachable base stand","mfgNo":"E3D320VX","modelNum":"E3D320VX","dimensionX":22.5,"dimensionY":31.2,"dimensionZ":7.4,"platform":null,"supplierWarranty":"1 Year Limited Warranty - Parts & Labor, Free Lifetime Technical Support","warrantyLength":null,"assembledCountryOfOrigin":"Imported","componentsCountryOfOrigin":"Imported","accessoriesIncluded":null,"accessoriesNotIncluded":null,"ageRange":null,"gender":null,"rating":null,"attributeValue1":null,"attributeValue2":null,"attributeValue3":null,"attributeName1":null,"attributeName2":null,"attributeName3":null,"brandName":"Vizio","manufacturerName":"Vizio","alternateViews":"5","imageId":-9223372036854775808,"addlWarnMsgA":null,"addlWarnMsgB":null,"altWarnMsg":"N","panZoomId":2,"hasMatureContent":false,"attributeType1":null,"attributeUISetting1":null,"attributeRanking1":1,"attributeType2":null,"attributeUISetting2":null,"attributeRanking2":1,"attributeType3":null,"attributeUISetting3":null,"attributeRanking3":1,"attribute1_order":3,"attribute2_order":3,"attribute3_order":3,"partnerId":-1,"originalBaseUPC":"0084522600501","variantAttrData":null,"logoImage":"http://i.walmartimages.com/i/icon/-9/22/33/72/03/-9223372036854775808_100X60.gif","attributeData":[]},"alternateImageData":[{"imageSrc":"http://i.walmartimages.com/i/p/00/84/52/26/00/0084522600501_60X60.gif","lgImageSrc":"http://i.walmartimages.com/i/p/00/84/52/26/00/0084522600501_500X500.jpg","name":null},{"imageSrc":"http://i.walmartimages.com/i/p/00/84/52/26/00/0084522600501_AV_60X60.gif","lgImageSrc":"http://i.walmartimages.com/i/p/00/84/52/26/00/0084522600501_AV_500X500.jpg","name":null},{"imageSrc":"http://i.walmartimages.com/i/p/00/84/52/26/00/0084522600501_AV1_60X60.gif","lgImageSrc":"http://i.walmartimages.com/i/p/00/84/52/26/00/0084522600501_AV1_500X500.jpg","name":null},{"imageSrc":"http://i.walmartimages.com/i/p/00/84/52/26/00/0084522600501_AV2_60X60.gif","lgImageSrc":"http://i.walmartimages.com/i/p/00/84/52/26/00/0084522600501_AV2_500X500.jpg","name":null},{"imageSrc":"http://i.walmartimages.com/i/p/00/84/52/26/00/0084522600501_AV3_60X60.gif","lgImageSrc":"http://i.walmartimages.com/i/p/00/84/52/26/00/0084522600501_AV3_500X500.jpg","name":null},{"imageSrc":"http://i.walmartimages.com/i/p/00/84/52/26/00/0084522600501_AV4_60X60.gif","lgImageSrc":"http://i.walmartimages.com/i/p/00/84/52/26/00/0084522600501_AV4_500X500.jpg","name":null}],"id":15992329,"comparable":true,"upc":"0084522600501","customerRatingUrl":"http://www.walmart.com/i/CustRating/4_4.gif","partnerId":-1,"itemAttributes":[{"itemID":15992329,"groupName":"Additional Specifications","groupDisplayOrder":1,"contentProviderId":2,"attributeName":"Primary Color","attributeDisplayOrder":64,"attributeValue":"Black","glossaryId":0,"attrDisplayName":"Primary Color"},{"itemID":15992329,"groupName":"Additional Specifications","groupDisplayOrder":1,"contentProviderId":2,"attributeName":"Battery Type","attributeDisplayOrder":73,"attributeValue":"Does Not Contain a Battery","glossaryId":0,"attrDisplayName":"Battery Type"},{"itemID":15992329,"groupName":"Additional Specifications","groupDisplayOrder":1,"contentProviderId":2,"attributeName":"Multi Pack Indicator","attributeDisplayOrder":418,"attributeValue":"No","glossaryId":0,"attrDisplayName":"Multi Pack Indicator"}],"sellers":{"0":{"itemId":15992329,"sellerId":0,"sellerTypeId":1,"sellerName":"Walmart.com","currentItemPrice":298.0,"vendorItemNum":"E3D320VX","weight":26.7,"wrapCode":0,"maximumItems":5,"baseItemPrice":348.0,"stockWaterMark":0,"displayStatus":3,"tagCode":0,"baseSuggPrice":449.98,"packingSlipCode":0,"minPrice":298.0,"maxPrice":298.0,"priceChangeCode":0,"productTaxCode":"PTG8","rebateAmount":-9.223372036854776E18,"rebateTargetURL":null,"shippingDimX":24.2,"shippingDimY":6.1,"shippingDimZ":35.2,"s2SE":true,"sellerItemFlags":null,"freeReturns":false,"shipAlone":true,"remapToItemId":-9223372036854775808,"remapAction":null,"promotionDiscount":-9.223372036854776E18,"promotionMessageType":"","minPromotionAmount":-9.223372036854776E18,"maxPromotionAmount":-9.223372036854776E18,"fedExEligible":false,"smallFormatEligible":true,"thresholdShippingEligible":false,"isS2SOnly":false,"tweTaxCode":"2042529","shippingTaxCode":"2038346","giftWrapTaxCode":"2038857","ppu":-9.223372036854776E18,"fromPPU":-9.223372036854776E18,"contributesToThreshold":false,"isPIPEligible":"Y","checksum":-1,"freeShipping":false,"itemEligibleForFedEx":false,"is97CentShipping":false,"hasRebateLink":false,"storePickupable":true,"submapCode":0,"97CentShipping":false,"shippingDimensionX":24.2,"shippingDimensionY":6.1,"shippingDimensionZ":35.2,"employeeDiscountable":true,"combinedThresholdEligible":false,"availableShippingOfferCodes":null,"isFreeShipping":false}},"ppueligible":false,"uom":null,"unitCount":"0","itemFlags":null,"originalBaseUpc":"0084522600501","imageThumbnailURL":"http://i.walmartimages.com/i/p/00/84/52/26/00/0084522600501_60X60.gif","electronicDelivery":false,"productImageUrl":"http://i.walmartimages.com/i/p/00/84/52/26/00/0084522600501_215X215.jpg","hazardMaterial":false,"media":false,"specialPricing":null,"rebate":false,"putEligible":false,"imagePostCardURL":"http://i.walmartimages.com/i/p/00/84/52/26/00/0084522600501_150X150.jpg"}]