[{"genericContent":{"itemId":17013297,"sourceId":2,"rank":1,"itemName":"Sceptre 32\" Class LED 720p 60Hz HDTV (1.88\" ultra slim), E325BV-HD","itemShortName":null,"shortDescription":"Stunning picture and lifelike audio come together for an ultimate entertainment viewing experience with the Sceptre LED-LCD HDTV. Get all the performance you need in an elegant and sleek 32\" HDTV. It comes with 3 HDMI ports, which let you connect all your favorite high definition components at once. A 6.5-ms. response time gives you a crisp and vivid visual performance.<p><b>Note:</b> You must have a source of HD programming in order to take full advantage of the Sceptre 32\" HDTV. Contact your local cable or satellite TV provider for details on how to upgrade.<p><b>ENERGY STAR<sup>&reg;</sup></b><br>Products that are ENERGY STAR-qualified prevent greenhouse gas emissions by meeting strict energy efficiency guidelines set by the U.S. Environmental Protection Agency and the U.S. Department of Energy. The ENERGY STAR name and marks are registered marks owned by the U.S. government, as part of their energy efficiency and environmental activities.","longDescription":"<p><b>Sceptre 32\" Class LED-LCD 720p 60Hz HDTV, E325BV-HD:</b><ul><li>16:9 LED panel\n<br>With a 1366 x 768 resolution<li>32\" class screen size<br>31.5\" screen of the Sceptre LED-LCD HDTV is measured diagonally from corner to corner<li>Built-in digital tuner<br>Watch digital broadcasts, including HDTV programs where available<li>High brightness of 420cd/m2  with 6.5-ms. response time<br>Place your 32\" HDTV anywhere<li>20,000:1  dynamic contrast ratio<li>HDMI Inputs: 3<br>Enjoy a superior HD experience with the HDMI one-cable solution</ul>","shelfDescription":"<li>31.5\" diagonal screen size<li>HDMI Inputs: 3<li>Wall mountable<li>Built-in digital tuner<li>20,000:1 Dynamic Contrast Ratio <li>420 cd/m2 Brightness <li>720P/ 1366 x 768","mfgNo":"E325BV-HD","modelNum":"E325BV-HD","dimensionX":19.1,"dimensionY":30.4,"dimensionZ":8.2,"platform":null,"supplierWarranty":"1 Year Limited Warranty","warrantyLength":null,"assembledCountryOfOrigin":"Imported","componentsCountryOfOrigin":"Imported","accessoriesIncluded":null,"accessoriesNotIncluded":null,"ageRange":null,"gender":null,"rating":null,"attributeValue1":null,"attributeValue2":null,"attributeValue3":null,"attributeName1":null,"attributeName2":null,"attributeName3":null,"brandName":"Sceptre","manufacturerName":"Sceptre Inc","alternateViews":"8","imageId":-9223372036854775808,"addlWarnMsgA":null,"addlWarnMsgB":null,"altWarnMsg":"N","panZoomId":2,"hasMatureContent":false,"attributeType1":null,"attributeUISetting1":null,"attributeRanking1":1,"attributeType2":null,"attributeUISetting2":null,"attributeRanking2":1,"attributeType3":null,"attributeUISetting3":null,"attributeRanking3":1,"attribute1_order":3,"attribute2_order":3,"attribute3_order":3,"partnerId":-1,"originalBaseUPC":"0079234333205","variantAttrData":null,"logoImage":"http://i.walmartimages.com/i/icon/-9/22/33/72/03/-9223372036854775808_100X60.gif","attributeData":[]},"alternateImageData":[{"imageSrc":"http://i.walmartimages.com/i/p/00/79/23/43/33/0079234333205_60X60.gif","lgImageSrc":"http://i.walmartimages.com/i/p/00/79/23/43/33/0079234333205_500X500.jpg","name":null},{"imageSrc":"http://i.walmartimages.com/i/p/00/79/23/43/33/0079234333205_AV_60X60.gif","lgImageSrc":"http://i.walmartimages.com/i/p/00/79/23/43/33/0079234333205_AV_500X500.jpg","name":null},{"imageSrc":"http://i.walmartimages.com/i/p/00/79/23/43/33/0079234333205_AV1_60X60.gif","lgImageSrc":"http://i.walmartimages.com/i/p/00/79/23/43/33/0079234333205_AV1_500X500.jpg","name":null},{"imageSrc":"http://i.walmartimages.com/i/p/00/79/23/43/33/0079234333205_AV2_60X60.gif","lgImageSrc":"http://i.walmartimages.com/i/p/00/79/23/43/33/0079234333205_AV2_500X500.jpg","name":null},{"imageSrc":"http://i.walmartimages.com/i/p/00/79/23/43/33/0079234333205_AV3_60X60.gif","lgImageSrc":"http://i.walmartimages.com/i/p/00/79/23/43/33/0079234333205_AV3_500X500.jpg","name":null},{"imageSrc":"http://i.walmartimages.com/i/p/00/79/23/43/33/0079234333205_AV4_60X60.gif","lgImageSrc":"http://i.walmartimages.com/i/p/00/79/23/43/33/0079234333205_AV4_500X500.jpg","name":null},{"imageSrc":"http://i.walmartimages.com/i/p/00/79/23/43/33/0079234333205_AV5_60X60.gif","lgImageSrc":"http://i.walmartimages.com/i/p/00/79/23/43/33/0079234333205_AV5_500X500.jpg","name":null},{"imageSrc":"http://i.walmartimages.com/i/p/00/79/23/43/33/0079234333205_AV6_60X60.gif","lgImageSrc":"http://i.walmartimages.com/i/p/00/79/23/43/33/0079234333205_AV6_500X500.jpg","name":null},{"imageSrc":"http://i.walmartimages.com/i/p/00/79/23/43/33/0079234333205_AV7_60X60.gif","lgImageSrc":"http://i.walmartimages.com/i/p/00/79/23/43/33/0079234333205_AV7_500X500.jpg","name":null}],"id":17013297,"comparable":true,"upc":"0079234333205","customerRatingUrl":null,"partnerId":-1,"itemAttributes":[{"itemID":17013297,"groupName":"Additional Specifications","groupDisplayOrder":34,"contentProviderId":1,"attributeName":"Age","attributeDisplayOrder":7,"attributeValue":"15+ Years","glossaryId":0,"attrDisplayName":"Age"},{"itemID":17013297,"groupName":"Additional Specifications","groupDisplayOrder":34,"contentProviderId":2,"attributeName":"Brightness","attributeDisplayOrder":36,"attributeValue":"420cd/m2","glossaryId":0,"attrDisplayName":"Brightness"},{"itemID":17013297,"groupName":"Additional Specifications","groupDisplayOrder":34,"contentProviderId":2,"attributeName":"Contrast Ratio","attributeDisplayOrder":37,"attributeValue":"20,000:1","glossaryId":0,"attrDisplayName":"Contrast Ratio"},{"itemID":17013297,"groupName":"Additional Specifications","groupDisplayOrder":34,"contentProviderId":2,"attributeName":"Remote Included","attributeDisplayOrder":40,"attributeValue":"Yes","glossaryId":0,"attrDisplayName":"Remote Included"},{"itemID":17013297,"groupName":"Additional Specifications","groupDisplayOrder":34,"contentProviderId":2,"attributeName":"Resolution","attributeDisplayOrder":41,"attributeValue":"720p (HDTV)","glossaryId":0,"attrDisplayName":"Resolution"},{"itemID":17013297,"groupName":"Additional Specifications","groupDisplayOrder":34,"contentProviderId":2,"attributeName":"Response Time","attributeDisplayOrder":42,"attributeValue":"6.5ms","glossaryId":0,"attrDisplayName":"Response Time"},{"itemID":17013297,"groupName":"Additional Specifications","groupDisplayOrder":34,"contentProviderId":2,"attributeName":"Tv Definition","attributeDisplayOrder":44,"attributeValue":"HDTV","glossaryId":0,"attrDisplayName":"Tv Definition"},{"itemID":17013297,"groupName":"Additional Specifications","groupDisplayOrder":34,"contentProviderId":2,"attributeName":"Tv Technology","attributeDisplayOrder":45,"attributeValue":"LED","glossaryId":0,"attrDisplayName":"Tv Technology"},{"itemID":17013297,"groupName":"Additional Specifications","groupDisplayOrder":34,"contentProviderId":2,"attributeName":"Primary Color","attributeDisplayOrder":171,"attributeValue":"Black","glossaryId":0,"attrDisplayName":"Primary Color"},{"itemID":17013297,"groupName":"Additional Specifications","groupDisplayOrder":34,"contentProviderId":2,"attributeName":"Multi Pack Indicator","attributeDisplayOrder":180,"attributeValue":"No","glossaryId":0,"attrDisplayName":"Multi Pack Indicator"},{"itemID":17013297,"groupName":"Additional Specifications","groupDisplayOrder":34,"contentProviderId":2,"attributeName":"Battery Type","attributeDisplayOrder":184,"attributeValue":"Alkaline","glossaryId":0,"attrDisplayName":"Battery Type"}],"sellers":{"0":{"itemId":17013297,"sellerId":0,"sellerTypeId":1,"sellerName":"Walmart.com","currentItemPrice":209.0,"vendorItemNum":"E325BV-HD","weight":25.55,"wrapCode":0,"maximumItems":1,"baseItemPrice":188.0,"stockWaterMark":1,"displayStatus":2,"tagCode":0,"baseSuggPrice":299.99,"packingSlipCode":0,"minPrice":209.0,"maxPrice":209.0,"priceChangeCode":0,"productTaxCode":null,"rebateAmount":-9.223372036854776E18,"rebateTargetURL":null,"shippingDimX":5.7,"shippingDimY":23.4,"shippingDimZ":34.3,"s2SE":true,"sellerItemFlags":null,"freeReturns":false,"shipAlone":false,"remapToItemId":-9223372036854775808,"remapAction":null,"promotionDiscount":-9.223372036854776E18,"promotionMessageType":"","minPromotionAmount":-9.223372036854776E18,"maxPromotionAmount":-9.223372036854776E18,"fedExEligible":false,"smallFormatEligible":true,"thresholdShippingEligible":false,"isS2SOnly":false,"tweTaxCode":"2042529","shippingTaxCode":"2038346","giftWrapTaxCode":"2038857","ppu":-9.223372036854776E18,"fromPPU":-9.223372036854776E18,"contributesToThreshold":false,"isPIPEligible":"Y","checksum":-1,"freeShipping":false,"itemEligibleForFedEx":false,"is97CentShipping":false,"hasRebateLink":false,"storePickupable":true,"submapCode":0,"97CentShipping":false,"shippingDimensionX":5.7,"shippingDimensionY":23.4,"shippingDimensionZ":34.3,"employeeDiscountable":true,"combinedThresholdEligible":false,"availableShippingOfferCodes":null,"isFreeShipping":false}},"ppueligible":false,"uom":null,"unitCount":"0","itemFlags":"1,","originalBaseUpc":"0079234333205","imageThumbnailURL":"http://i.walmartimages.com/i/p/00/79/23/43/33/0079234333205_60X60.gif","electronicDelivery":false,"productImageUrl":"http://i.walmartimages.com/i/p/00/79/23/43/33/0079234333205_215X215.jpg","hazardMaterial":false,"media":false,"specialPricing":null,"rebate":false,"putEligible":false,"imagePostCardURL":"http://i.walmartimages.com/i/p/00/79/23/43/33/0079234333205_150X150.jpg"}]