[{"genericContent":{"itemId":20461470,"sourceId":2,"rank":1,"itemName":"Emerson 39\" Class LCD 1080p 60Hz HDTV, LC391EM3","itemShortName":null,"shortDescription":"<p>The Emerson 39-inch Class LCD 1080p 60Hz HDTV delivers a superior-quality picture. It supports full HD 1080p resolution with a true widescreen 16:9 aspect ratio for your viewing pleasure. This wall-mountable LCD TV has a built-in digital tuner to stream your favorite digital broadcasts, including HDTV programs. HD devices can be connected via the included HDMI ports. This full HD 1080p LCD HDTV has wide viewing angles to enable you to watch from any corner of your room. It is compatible with up to 400mm x 200mm VESA mounting standard. The TV is Energy Star-rated, meaning that it consumes less power and is cost efficient.</p><p>Note: You must have a source of HD programming in order to take full advantage of the Emerson 39-inch HDTV. Contact your local cable or satellite TV provider for details on how to upgrade.</p>","longDescription":"<strong>Emerson 39-inch Class LCD 1080p 60Hz HDTV:</strong><li>39\" LCD panel: With a 1920 x 1080 Full HD resolution</li><li>True 16:9 aspect ratio: View your movies as the director intended</li><li>Built-in digital tuner: Watch digital broadcasts, including HDTV programs where available</li><li>3 HDMI Inputs: Enjoy a superior HD experience with HDMI one cable solution</li><li>38.6\" screen measured diagonally from corner to corner</li><li>Wall mountable: VESA standard 400mm x 200mm</li>","shelfDescription":"<li>38.6\" diagonal screen size<li>HDMI Inputs: 3<li>Wall mountable<li>Built-in digital tuner","mfgNo":"LC391EM3","modelNum":"LC391EM3","dimensionX":24.4,"dimensionY":7.7,"dimensionZ":36.3,"platform":null,"supplierWarranty":"1 Year Limited Warranty","warrantyLength":null,"assembledCountryOfOrigin":"Imported","componentsCountryOfOrigin":"Imported","accessoriesIncluded":null,"accessoriesNotIncluded":null,"ageRange":null,"gender":null,"rating":null,"attributeValue1":null,"attributeValue2":null,"attributeValue3":null,"attributeName1":null,"attributeName2":null,"attributeName3":null,"brandName":"Emerson","manufacturerName":"Emerson","alternateViews":null,"imageId":-9223372036854775808,"addlWarnMsgA":null,"addlWarnMsgB":null,"altWarnMsg":"N","panZoomId":2,"hasMatureContent":false,"attributeType1":null,"attributeUISetting1":null,"attributeRanking1":1,"attributeType2":null,"attributeUISetting2":null,"attributeRanking2":1,"attributeType3":null,"attributeUISetting3":null,"attributeRanking3":1,"attribute1_order":3,"attribute2_order":3,"attribute3_order":3,"partnerId":-1,"originalBaseUPC":"0005381824563","variantAttrData":null,"logoImage":"http://i.walmartimages.com/i/icon/-9/22/33/72/03/-9223372036854775808_100X60.gif","attributeData":[]},"alternateImageData":[],"id":20461470,"comparable":true,"upc":"0005381824563","customerRatingUrl":"http://www.walmart.com/i/CustRating/4_1.gif","partnerId":-1,"itemAttributes":[{"itemID":20461470,"groupName":"Additional Specifications","groupDisplayOrder":34,"contentProviderId":2,"attributeName":"Remote Included","attributeDisplayOrder":40,"attributeValue":"Yes","glossaryId":0,"attrDisplayName":"Remote Included"},{"itemID":20461470,"groupName":"Additional Specifications","groupDisplayOrder":34,"contentProviderId":2,"attributeName":"Resolution","attributeDisplayOrder":41,"attributeValue":"1080p (HDTV)","glossaryId":0,"attrDisplayName":"Resolution"},{"itemID":20461470,"groupName":"Additional Specifications","groupDisplayOrder":34,"contentProviderId":2,"attributeName":"Tv Definition","attributeDisplayOrder":44,"attributeValue":"HDTV","glossaryId":0,"attrDisplayName":"Tv Definition"},{"itemID":20461470,"groupName":"Additional Specifications","groupDisplayOrder":34,"contentProviderId":2,"attributeName":"Tv Technology","attributeDisplayOrder":45,"attributeValue":"LCD","glossaryId":0,"attrDisplayName":"Tv Technology"},{"itemID":20461470,"groupName":"Additional Specifications","groupDisplayOrder":34,"contentProviderId":2,"attributeName":"Primary Color","attributeDisplayOrder":171,"attributeValue":"Black","glossaryId":0,"attrDisplayName":"Primary Color"},{"itemID":20461470,"groupName":"Additional Specifications","groupDisplayOrder":34,"contentProviderId":2,"attributeName":"Multi Pack Indicator","attributeDisplayOrder":180,"attributeValue":"No","glossaryId":0,"attrDisplayName":"Multi Pack Indicator"},{"itemID":20461470,"groupName":"Additional Specifications","groupDisplayOrder":34,"contentProviderId":2,"attributeName":"Battery Type","attributeDisplayOrder":184,"attributeValue":"Carbon Zinc","glossaryId":0,"attrDisplayName":"Battery Type"}],"sellers":{"0":{"itemId":20461470,"sellerId":0,"sellerTypeId":1,"sellerName":"Walmart.com","currentItemPrice":328.0,"vendorItemNum":"LC391EM3","weight":25.0,"wrapCode":0,"maximumItems":5,"baseItemPrice":328.0,"stockWaterMark":2,"displayStatus":3,"tagCode":0,"baseSuggPrice":0.0,"packingSlipCode":0,"minPrice":328.0,"maxPrice":328.0,"priceChangeCode":0,"productTaxCode":"PTG9","rebateAmount":-9.223372036854776E18,"rebateTargetURL":null,"shippingDimX":25.5,"shippingDimY":7.4,"shippingDimZ":38.7,"s2SE":true,"sellerItemFlags":null,"freeReturns":false,"shipAlone":false,"remapToItemId":-9223372036854775808,"remapAction":null,"promotionDiscount":-9.223372036854776E18,"promotionMessageType":"","minPromotionAmount":-9.223372036854776E18,"maxPromotionAmount":-9.223372036854776E18,"fedExEligible":false,"smallFormatEligible":true,"thresholdShippingEligible":false,"isS2SOnly":false,"tweTaxCode":"2042530","shippingTaxCode":"2038346","giftWrapTaxCode":"2038857","ppu":-9.223372036854776E18,"fromPPU":-9.223372036854776E18,"contributesToThreshold":false,"isPIPEligible":"Y","checksum":-1,"freeShipping":false,"itemEligibleForFedEx":false,"is97CentShipping":false,"hasRebateLink":false,"storePickupable":true,"submapCode":0,"97CentShipping":false,"shippingDimensionX":25.5,"shippingDimensionY":7.4,"shippingDimensionZ":38.7,"employeeDiscountable":true,"combinedThresholdEligible":false,"availableShippingOfferCodes":null,"isFreeShipping":false}},"ppueligible":false,"uom":null,"unitCount":"0","itemFlags":null,"originalBaseUpc":"0005381824563","imageThumbnailURL":"http://i.walmartimages.com/i/p/00/05/38/18/24/0005381824563_60X60.gif","electronicDelivery":false,"productImageUrl":"http://i.walmartimages.com/i/p/00/05/38/18/24/0005381824563_215X215.jpg","hazardMaterial":false,"media":false,"specialPricing":null,"rebate":false,"putEligible":true,"imagePostCardURL":"http://i.walmartimages.com/i/p/00/05/38/18/24/0005381824563_150X150.jpg"}]