[{"genericContent":{"itemId":20549801,"sourceId":3,"rank":1,"itemName":"LG 37\" Class LCD 1080p 60Hz HDTV, 37CS560","itemShortName":null,"shortDescription":"The LG 37\" LCD TV is designed for sports, fast-action content and more. This stunning picture is the reason you wanted HDTV in the first place. With almost double the pixel resolution, full-HD resolution gives it superior picture quality over standard HDTV. You'll see details and colors like never before on this LG 37\" television. Get easy self-calibration with on-screen reference points for key picture quality elements, such as black level, color, tint, sharpness and backlight levels.<br><br><b>Note:</b> You must have a source of HD programming in order to take full advantage of the LG 37\" LCD TV. Contact your local cable or satellite TV service provider for details on how to upgrade.","longDescription":"<br><b>LG 37\" 1080p HDTV, 60Hz, 37CS560:</b><ul><li>37\" LCD panel<br>With  1920 x 1080 full-HD resolution<li>True 16:9 aspect ratio<br>View your movies as the director intended<li>Built-in digital tuner<br>Watch digital broadcasts, including HDTV programs where available, on the LG 37\" LCD TV<li>HDMI Inputs: 2<br>Enjoy a superior HD experience with HDMI one-cable solution<li>36.5\" screen measured diagonally from corner to corner<li>Wall mountable<br>VESA standard 200mm x 200mm mounting holes</ul>","shelfDescription":"<li>36.5\" diagonal screen size<li>HDMI Inputs: 2<li>Wall mountable","mfgNo":"37CS560","modelNum":"37CS560","dimensionX":25.2,"dimensionY":35.9,"dimensionZ":10.4,"platform":null,"supplierWarranty":"1 Year Limited Warranty","warrantyLength":null,"assembledCountryOfOrigin":"Imported","componentsCountryOfOrigin":"Imported","accessoriesIncluded":null,"accessoriesNotIncluded":null,"ageRange":null,"gender":null,"rating":null,"attributeValue1":null,"attributeValue2":null,"attributeValue3":null,"attributeName1":null,"attributeName2":null,"attributeName3":null,"brandName":"LG","manufacturerName":"LG Electronics","alternateViews":"7","imageId":-9223372036854775808,"addlWarnMsgA":null,"addlWarnMsgB":null,"altWarnMsg":"N","panZoomId":2,"hasMatureContent":false,"attributeType1":null,"attributeUISetting1":null,"attributeRanking1":1,"attributeType2":null,"attributeUISetting2":null,"attributeRanking2":1,"attributeType3":null,"attributeUISetting3":null,"attributeRanking3":1,"attribute1_order":3,"attribute2_order":3,"attribute3_order":3,"partnerId":-1,"originalBaseUPC":"0071919258516","variantAttrData":null,"logoImage":"http://i.walmartimages.com/i/icon/-9/22/33/72/03/-9223372036854775808_100X60.gif","attributeData":[]},"alternateImageData":[{"imageSrc":"http://i.walmartimages.com/i/p/00/71/91/92/58/0071919258516_60X60.gif","lgImageSrc":"http://i.walmartimages.com/i/p/00/71/91/92/58/0071919258516_500X500.jpg","name":null},{"imageSrc":"http://i.walmartimages.com/i/p/00/71/91/92/58/0071919258516_AV_60X60.gif","lgImageSrc":"http://i.walmartimages.com/i/p/00/71/91/92/58/0071919258516_AV_500X500.jpg","name":null},{"imageSrc":"http://i.walmartimages.com/i/p/00/71/91/92/58/0071919258516_AV1_60X60.gif","lgImageSrc":"http://i.walmartimages.com/i/p/00/71/91/92/58/0071919258516_AV1_500X500.jpg","name":null},{"imageSrc":"http://i.walmartimages.com/i/p/00/71/91/92/58/0071919258516_AV2_60X60.gif","lgImageSrc":"http://i.walmartimages.com/i/p/00/71/91/92/58/0071919258516_AV2_500X500.jpg","name":null},{"imageSrc":"http://i.walmartimages.com/i/p/00/71/91/92/58/0071919258516_AV3_60X60.gif","lgImageSrc":"http://i.walmartimages.com/i/p/00/71/91/92/58/0071919258516_AV3_500X500.jpg","name":null},{"imageSrc":"http://i.walmartimages.com/i/p/00/71/91/92/58/0071919258516_AV4_60X60.gif","lgImageSrc":"http://i.walmartimages.com/i/p/00/71/91/92/58/0071919258516_AV4_500X500.jpg","name":null},{"imageSrc":"http://i.walmartimages.com/i/p/00/71/91/92/58/0071919258516_AV5_60X60.gif","lgImageSrc":"http://i.walmartimages.com/i/p/00/71/91/92/58/0071919258516_AV5_500X500.jpg","name":null},{"imageSrc":"http://i.walmartimages.com/i/p/00/71/91/92/58/0071919258516_AV6_60X60.gif","lgImageSrc":"http://i.walmartimages.com/i/p/00/71/91/92/58/0071919258516_AV6_500X500.jpg","name":null}],"id":20549801,"comparable":true,"upc":"0071919258516","customerRatingUrl":"http://www.walmart.com/i/CustRating/4_4.gif","partnerId":-1,"itemAttributes":[{"itemID":20549801,"groupName":"Display","groupDisplayOrder":1,"contentProviderId":3,"attributeName":"Widescreen Modes","attributeDisplayOrder":3,"attributeValue":"Conventional 4:3, Zoom, 16:9, Just Scan, Cinema Zoom, Set by Program","glossaryId":0,"attrDisplayName":"Widescreen Modes"},{"itemID":20549801,"groupName":"Display","groupDisplayOrder":1,"contentProviderId":3,"attributeName":"Display Menu Language","attributeDisplayOrder":4,"attributeValue":"English, French, Spanish","glossaryId":0,"attrDisplayName":"Display Menu Language"},{"itemID":20549801,"groupName":"Display","groupDisplayOrder":1,"contentProviderId":3,"attributeName":"Additional Features","attributeDisplayOrder":7,"attributeValue":"On-screen menu, Intelligent Sensor, Smart Energy Saving, Simplink, Picture Wizard II, Quick View, Triple XD Engine, progressive scan","glossaryId":0,"attrDisplayName":"Additional Features"},{"itemID":20549801,"groupName":"Display","groupDisplayOrder":1,"contentProviderId":3,"attributeName":"Display Format","attributeDisplayOrder":11,"attributeValue":"1080p (FullHD)","glossaryId":0,"attrDisplayName":"Display Format"},{"itemID":20549801,"groupName":"Display","groupDisplayOrder":1,"contentProviderId":3,"attributeName":"Resolution","attributeDisplayOrder":12,"attributeValue":"1920 x 1080","glossaryId":0,"attrDisplayName":"Resolution"},{"itemID":20549801,"groupName":"Display","groupDisplayOrder":1,"contentProviderId":3,"attributeName":"Picture Adjustment","attributeDisplayOrder":16,"attributeValue":"Intelligent Sensor/Vivid/Standard/Cinema/Game/isf Expert 1/isf Expert 2","glossaryId":0,"attrDisplayName":"Picture Adjustment"},{"itemID":20549801,"groupName":"TV Tuner","groupDisplayOrder":2,"contentProviderId":3,"attributeName":"Stereo Reception System","attributeDisplayOrder":3,"attributeValue":"MTS","glossaryId":0,"attrDisplayName":"Stereo Reception System"},{"itemID":20549801,"groupName":"TV Tuner","groupDisplayOrder":2,"contentProviderId":3,"attributeName":"Secondary Audio Program (SAP)","attributeDisplayOrder":6,"attributeValue":"Yes","glossaryId":0,"attrDisplayName":"Secondary Audio Program (SAP)"},{"itemID":20549801,"groupName":"Video Features","groupDisplayOrder":3,"contentProviderId":3,"attributeName":"Analog Video Input Signals","attributeDisplayOrder":2,"attributeValue":"NTSC","glossaryId":0,"attrDisplayName":"Analog Video Input Signals"},{"itemID":20549801,"groupName":"Video Features","groupDisplayOrder":3,"contentProviderId":3,"attributeName":"Closed Caption Capability","attributeDisplayOrder":3,"attributeValue":"Yes","glossaryId":0,"attrDisplayName":"Closed Caption Capability"},{"itemID":20549801,"groupName":"Video Features","groupDisplayOrder":3,"contentProviderId":3,"attributeName":"Input Video Formats","attributeDisplayOrder":4,"attributeValue":"720p, 1080i, 1080p","glossaryId":0,"attrDisplayName":"Input Video Formats"},{"itemID":20549801,"groupName":"Remote Control","groupDisplayOrder":4,"contentProviderId":3,"attributeName":"Type","attributeDisplayOrder":1,"attributeValue":"Universal remote control","glossaryId":0,"attrDisplayName":"Type"},{"itemID":20549801,"groupName":"Audio System","groupDisplayOrder":5,"contentProviderId":3,"attributeName":"Sound Output Mode","attributeDisplayOrder":1,"attributeValue":"Stereo","glossaryId":0,"attrDisplayName":"Sound Output Mode"},{"itemID":20549801,"groupName":"Audio System","groupDisplayOrder":5,"contentProviderId":3,"attributeName":"Surround Mode","attributeDisplayOrder":2,"attributeValue":"Yes","glossaryId":0,"attrDisplayName":"Surround Mode"},{"itemID":20549801,"groupName":"Audio System","groupDisplayOrder":5,"contentProviderId":3,"attributeName":"Sound Effects","attributeDisplayOrder":3,"attributeValue":"Virtual Surround Mode","glossaryId":0,"attrDisplayName":"Sound Effects"},{"itemID":20549801,"groupName":"Audio System","groupDisplayOrder":5,"contentProviderId":3,"attributeName":"Audio Controls","attributeDisplayOrder":4,"attributeValue":"Sound mode","glossaryId":0,"attrDisplayName":"Audio Controls"},{"itemID":20549801,"groupName":"Audio System","groupDisplayOrder":5,"contentProviderId":3,"attributeName":"Output Power / Total","attributeDisplayOrder":6,"attributeValue":"20 Watt","glossaryId":0,"attrDisplayName":"Output Power / Total"},{"itemID":20549801,"groupName":"Audio System","groupDisplayOrder":5,"contentProviderId":3,"attributeName":"Additional Features","attributeDisplayOrder":7,"attributeValue":"Clear Voice II technology","glossaryId":0,"attrDisplayName":"Additional Features"},{"itemID":20549801,"groupName":"Audio System","groupDisplayOrder":5,"contentProviderId":3,"attributeName":"Speaker(s)","attributeDisplayOrder":8,"attributeValue":"2 x right/left channel speaker - built-in - 10 Watt","glossaryId":0,"attrDisplayName":"Speaker(s)"},{"itemID":20549801,"groupName":"Audio System","groupDisplayOrder":5,"contentProviderId":3,"attributeName":"Built-in Decoders","attributeDisplayOrder":12,"attributeValue":"Dolby Digital","glossaryId":0,"attrDisplayName":"Built-in Decoders"},{"itemID":20549801,"groupName":"Connections","groupDisplayOrder":6,"contentProviderId":3,"attributeName":"Connector Type","attributeDisplayOrder":1,"attributeValue":"2 x HDMI input ( 19 pin HDMI Type A ) - rear ¦ 1 x USB 2.0 ( 4 pin USB Type A ) - side ¦ 1 x component video input ( RCA phono x 3 ) - rear ¦ 1 x audio line-in ( RCA phono x 2 ) - rear ¦ 1 x composite video/audio input ( RCA phono x 3 ) - rear","glossaryId":0,"attrDisplayName":"Connector Type"},{"itemID":20549801,"groupName":"Power","groupDisplayOrder":7,"contentProviderId":3,"attributeName":"Power Device","attributeDisplayOrder":1,"attributeValue":"Power supply - internal","glossaryId":0,"attrDisplayName":"Power Device"},{"itemID":20549801,"groupName":"Power","groupDisplayOrder":7,"contentProviderId":3,"attributeName":"Power Consumption Stand by / Sleep","attributeDisplayOrder":3,"attributeValue":"0.1 Watt","glossaryId":0,"attrDisplayName":"Power Consumption Stand by / Sleep"},{"itemID":20549801,"groupName":"General","groupDisplayOrder":9,"contentProviderId":3,"attributeName":"Product Type","attributeDisplayOrder":1,"attributeValue":"LCD TV","glossaryId":0,"attrDisplayName":"Product Type"},{"itemID":20549801,"groupName":"General","groupDisplayOrder":9,"contentProviderId":3,"attributeName":"Width","attributeDisplayOrder":4,"attributeValue":"35.9 in","glossaryId":0,"attrDisplayName":"Width"},{"itemID":20549801,"groupName":"General","groupDisplayOrder":9,"contentProviderId":3,"attributeName":"Depth","attributeDisplayOrder":5,"attributeValue":"10.4 in","glossaryId":0,"attrDisplayName":"Depth"},{"itemID":20549801,"groupName":"General","groupDisplayOrder":9,"contentProviderId":3,"attributeName":"Height","attributeDisplayOrder":6,"attributeValue":"25.2 in","glossaryId":0,"attrDisplayName":"Height"},{"itemID":20549801,"groupName":"General","groupDisplayOrder":9,"contentProviderId":3,"attributeName":"Weight","attributeDisplayOrder":7,"attributeValue":"28.2 lbs","glossaryId":0,"attrDisplayName":"Weight"},{"itemID":20549801,"groupName":"General","groupDisplayOrder":9,"contentProviderId":3,"attributeName":"Series","attributeDisplayOrder":8,"attributeValue":"CS560 Series","glossaryId":0,"attrDisplayName":"Series"},{"itemID":20549801,"groupName":"General","groupDisplayOrder":9,"contentProviderId":3,"attributeName":"HDCP Compatible","attributeDisplayOrder":13,"attributeValue":"Yes","glossaryId":0,"attrDisplayName":"HDCP Compatible"},{"itemID":20549801,"groupName":"Dimensions & Weight Details","groupDisplayOrder":20,"contentProviderId":3,"attributeName":"Dimensions & Weight Details","attributeDisplayOrder":1,"attributeValue":"Panel with stand - 35.9 in x 10.4 in x 25.2 in x 28.2 lbs ¦ Panel without stand - 35.9 in x 3.1 in x 22.5 in x 24.5 lbs","glossaryId":0,"attrDisplayName":"Dimensions & Weight Details"},{"itemID":20549801,"groupName":"Digital TV Tuner","groupDisplayOrder":32,"contentProviderId":3,"attributeName":"Digital TV Tuner","attributeDisplayOrder":1,"attributeValue":"ATSC, QAM","glossaryId":0,"attrDisplayName":"Digital TV Tuner"}],"sellers":{"0":{"itemId":20549801,"sellerId":0,"sellerTypeId":1,"sellerName":"Walmart.com","currentItemPrice":498.0,"vendorItemNum":"37CS560","weight":40.0,"wrapCode":0,"maximumItems":5,"baseItemPrice":498.0,"stockWaterMark":0,"displayStatus":3,"tagCode":0,"baseSuggPrice":499.99,"packingSlipCode":0,"minPrice":498.0,"maxPrice":498.0,"priceChangeCode":0,"productTaxCode":"PTG9","rebateAmount":-9.223372036854776E18,"rebateTargetURL":null,"shippingDimX":25.9,"shippingDimY":5.8,"shippingDimZ":45.4,"s2SE":true,"sellerItemFlags":null,"freeReturns":false,"shipAlone":false,"remapToItemId":-9223372036854775808,"remapAction":null,"promotionDiscount":-9.223372036854776E18,"promotionMessageType":"","minPromotionAmount":-9.223372036854776E18,"maxPromotionAmount":-9.223372036854776E18,"fedExEligible":false,"smallFormatEligible":true,"thresholdShippingEligible":false,"isS2SOnly":false,"tweTaxCode":"2042534","shippingTaxCode":"2038346","giftWrapTaxCode":"2038857","ppu":-9.223372036854776E18,"fromPPU":-9.223372036854776E18,"contributesToThreshold":false,"isPIPEligible":"Y","checksum":-1,"freeShipping":false,"itemEligibleForFedEx":false,"is97CentShipping":false,"hasRebateLink":false,"storePickupable":true,"submapCode":0,"97CentShipping":false,"shippingDimensionX":25.9,"shippingDimensionY":5.8,"shippingDimensionZ":45.4,"employeeDiscountable":true,"combinedThresholdEligible":false,"availableShippingOfferCodes":null,"isFreeShipping":false}},"ppueligible":false,"uom":null,"unitCount":"0","itemFlags":null,"originalBaseUpc":"0071919258516","imageThumbnailURL":"http://i.walmartimages.com/i/p/00/71/91/92/58/0071919258516_60X60.gif","electronicDelivery":false,"productImageUrl":"http://i.walmartimages.com/i/p/00/71/91/92/58/0071919258516_215X215.jpg","hazardMaterial":false,"media":false,"specialPricing":null,"rebate":false,"putEligible":false,"imagePostCardURL":"http://i.walmartimages.com/i/p/00/71/91/92/58/0071919258516_150X150.jpg"}]