[{"genericContent":{"itemId":16401798,"sourceId":2,"rank":1,"itemName":"SANYO 42\" Class LCD 1080p 60Hz HDTV,DP42841","itemShortName":null,"shortDescription":"The Sanyo 42\" LCD HDTV with integrated ATSC digital and NTSC analog tuner is the latest technology for the digital age.The digital tuner is Digital Clear QAM capable of receiving unscrambled digital cable. In a high-gloss black finish, this Sanyo 42\" 1080p TV blends into the background when the lights are dimmed for your movies, sports and favorite programs in your den or living room. With a full array of HDMI, Component Audio/Video, Composite Audio/Video and  RF inputs, you have plenty of options for DVD, VCR, Cable, Satellite and external antenna hookups. A coaxial digital audio output allows hookup to a home entertainment receiver amplifier system for theater-like sound. An additional PC/Mac input allows alternative use as a computer monitor. A  USB input allows Photo Viewer display of JPEG photos. With a thin space-saving design and small footprint, this Sanyo 42\" LCD HDTV can be positioned anywhere.","longDescription":"<BR><UL/><LI>Sanyo 42\" Diagonal Full-HD 1080p LCD HDTV<LI>Wide screen 16:9 Aspect Ratio <LI>Native Panel Resolution: 1920 x 1080 pixels<LI>Wide Viewing Angles:178 H x 178 V Degrees<LI>Refresh rate 60 Hz<LI>Contrast Ratio 4000:1<LI>Integrated Digital Clear QAM ATSC + Analog NTSC Tuner<LI>191 Total channels<LI>Sanyo 42\" LCD HDTV receives  ATSC signal formats (including 480i/p, 720p and 1080i/p) converted to 1080p display<LI>3D Y/C Digital Comb Filter<LI>MTS/SAP Stereo & Digital Audio<LI>Two 6 x 12 cm speakers with 10 w/ch<LI>Picture Shapes: 1-4 (w/ remote control PIX Shape Key)<LI>Picture/Sound Selections: Auto/Manual w/Tone<LI>XDS-Extended Data Service capability<LI>V-Guide Parental Control<LI>Trilingual Menus: English, Spanish, French<LI>Closed Caption Compliant: NTSC-608, ATSC-708CC<LI>Sleep Timer: 1/2 - 3 hours<LI>Auto Shutoff<LI> 3 HDMI (High Definition Multimedia Interface) input<LI>2 HD Component (Y-Pb-Pr with R/L audio) inputs (1 Combo Composite-Component)<LI>1 Composite Input (V,L/R) <LI>PC/Mac capable (VGA D-Sub 15 pin) with mini Audio input<LI>1 USB input with Photoviewer for display of digital photos<LI>1 Coaxial Digital Audio Output<LI>1 Fixed Analog Audio Out (R/L)<LI>1 RF Input ( Analog/Digital Antenna In)<LI>Detachable Stand / Vesa 400 x 400 Wall Mountable (with optional kit, not supplied)<LI>Energy Star qualified<LI>Energy-saving \"ECO\" remote key (backlight) dimmer and Light Sensor<LI>Dimensions w/stand: 40.06\"W x 26.44\"H x 9.25\"D, 33.0 lbs.<LI>Design and specifications of this Sanyo 42\" 1080p TV are subject to change without notice<BR><UL/>","shelfDescription":"<li> 42\" screen measured diagonally from corner to corner \n<li> HDMI inputs: 3 \n<li>  Wall-mountable, detachable base \n<li> 4000:1 dynamic contrast ratio","mfgNo":"DP42841","modelNum":"DP42841","dimensionX":-9.223372036854776E18,"dimensionY":-9.223372036854776E18,"dimensionZ":-9.223372036854776E18,"platform":null,"supplierWarranty":null,"warrantyLength":null,"assembledCountryOfOrigin":"Imported","componentsCountryOfOrigin":"Imported","accessoriesIncluded":null,"accessoriesNotIncluded":null,"ageRange":null,"gender":null,"rating":null,"attributeValue1":null,"attributeValue2":null,"attributeValue3":null,"attributeName1":null,"attributeName2":null,"attributeName3":null,"brandName":"Sanyo","manufacturerName":"Sanyo","alternateViews":"4","imageId":-9223372036854775808,"addlWarnMsgA":null,"addlWarnMsgB":null,"altWarnMsg":"N","panZoomId":2,"hasMatureContent":false,"attributeType1":null,"attributeUISetting1":null,"attributeRanking1":1,"attributeType2":null,"attributeUISetting2":null,"attributeRanking2":1,"attributeType3":null,"attributeUISetting3":null,"attributeRanking3":1,"attribute1_order":3,"attribute2_order":3,"attribute3_order":3,"partnerId":-1,"originalBaseUPC":"0008648307964","variantAttrData":null,"logoImage":"http://i.walmartimages.com/i/icon/-9/22/33/72/03/-9223372036854775808_100X60.gif","attributeData":[]},"alternateImageData":[{"imageSrc":"http://i.walmartimages.com/i/p/00/08/64/83/07/0008648307964_60X60.gif","lgImageSrc":"http://i.walmartimages.com/i/p/00/08/64/83/07/0008648307964_500X500.jpg","name":null},{"imageSrc":"http://i.walmartimages.com/i/p/00/08/64/83/07/0008648307964_AV_60X60.gif","lgImageSrc":"http://i.walmartimages.com/i/p/00/08/64/83/07/0008648307964_AV_500X500.jpg","name":null},{"imageSrc":"http://i.walmartimages.com/i/p/00/08/64/83/07/0008648307964_AV1_60X60.gif","lgImageSrc":"http://i.walmartimages.com/i/p/00/08/64/83/07/0008648307964_AV1_500X500.jpg","name":null},{"imageSrc":"http://i.walmartimages.com/i/p/00/08/64/83/07/0008648307964_AV2_60X60.gif","lgImageSrc":"http://i.walmartimages.com/i/p/00/08/64/83/07/0008648307964_AV2_500X500.jpg","name":null},{"imageSrc":"http://i.walmartimages.com/i/p/00/08/64/83/07/0008648307964_AV3_60X60.gif","lgImageSrc":"http://i.walmartimages.com/i/p/00/08/64/83/07/0008648307964_AV3_500X500.jpg","name":null}],"id":16401798,"comparable":true,"upc":"0008648307964","customerRatingUrl":"http://www.walmart.com/i/CustRating/3_8.gif","partnerId":-1,"itemAttributes":[{"itemID":16401798,"groupName":"Additional Specifications","groupDisplayOrder":34,"contentProviderId":2,"attributeName":"Comb Filter","attributeDisplayOrder":10,"attributeValue":"Y","glossaryId":0,"attrDisplayName":"Comb Filter"},{"itemID":16401798,"groupName":"Additional Specifications","groupDisplayOrder":34,"contentProviderId":2,"attributeName":"Contrast Ratio","attributeDisplayOrder":37,"attributeValue":"4,000:1","glossaryId":0,"attrDisplayName":"Contrast Ratio"},{"itemID":16401798,"groupName":"Additional Specifications","groupDisplayOrder":34,"contentProviderId":2,"attributeName":"Remote Included","attributeDisplayOrder":40,"attributeValue":"Yes","glossaryId":0,"attrDisplayName":"Remote Included"},{"itemID":16401798,"groupName":"Additional Specifications","groupDisplayOrder":34,"contentProviderId":2,"attributeName":"Resolution","attributeDisplayOrder":41,"attributeValue":"1080p (HDTV)","glossaryId":0,"attrDisplayName":"Resolution"},{"itemID":16401798,"groupName":"Additional Specifications","groupDisplayOrder":34,"contentProviderId":2,"attributeName":"Ships In Original Packaging","attributeDisplayOrder":43,"attributeValue":"Yes","glossaryId":0,"attrDisplayName":"Ships In Original Packaging"},{"itemID":16401798,"groupName":"Additional Specifications","groupDisplayOrder":34,"contentProviderId":2,"attributeName":"Tv Definition","attributeDisplayOrder":44,"attributeValue":"HDTV","glossaryId":0,"attrDisplayName":"Tv Definition"},{"itemID":16401798,"groupName":"Additional Specifications","groupDisplayOrder":34,"contentProviderId":2,"attributeName":"Tv Technology","attributeDisplayOrder":45,"attributeValue":"LCD","glossaryId":0,"attrDisplayName":"Tv Technology"},{"itemID":16401798,"groupName":"Additional Specifications","groupDisplayOrder":34,"contentProviderId":2,"attributeName":"Primary Color","attributeDisplayOrder":171,"attributeValue":"Black","glossaryId":0,"attrDisplayName":"Primary Color"},{"itemID":16401798,"groupName":"Additional Specifications","groupDisplayOrder":34,"contentProviderId":2,"attributeName":"Multi Pack Indicator","attributeDisplayOrder":180,"attributeValue":"No","glossaryId":0,"attrDisplayName":"Multi Pack Indicator"},{"itemID":16401798,"groupName":"Additional Specifications","groupDisplayOrder":34,"contentProviderId":2,"attributeName":"Battery Type","attributeDisplayOrder":184,"attributeValue":"Does Not Contain a Battery","glossaryId":0,"attrDisplayName":"Battery Type"}],"sellers":{"0":{"itemId":16401798,"sellerId":0,"sellerTypeId":1,"sellerName":"Walmart.com","currentItemPrice":368.0,"vendorItemNum":"DP42841","weight":40.0,"wrapCode":0,"maximumItems":5,"baseItemPrice":398.0,"stockWaterMark":0,"displayStatus":3,"tagCode":0,"baseSuggPrice":0.0,"packingSlipCode":0,"minPrice":368.0,"maxPrice":368.0,"priceChangeCode":8,"productTaxCode":"PTG9","rebateAmount":-9.223372036854776E18,"rebateTargetURL":null,"shippingDimX":31.88,"shippingDimY":8.25,"shippingDimZ":43.13,"s2SE":true,"sellerItemFlags":null,"freeReturns":false,"shipAlone":true,"remapToItemId":-9223372036854775808,"remapAction":null,"promotionDiscount":-9.223372036854776E18,"promotionMessageType":"","minPromotionAmount":-9.223372036854776E18,"maxPromotionAmount":-9.223372036854776E18,"fedExEligible":false,"smallFormatEligible":false,"thresholdShippingEligible":false,"isS2SOnly":false,"tweTaxCode":"2042530","shippingTaxCode":"2038346","giftWrapTaxCode":"2038857","ppu":-9.223372036854776E18,"fromPPU":-9.223372036854776E18,"contributesToThreshold":false,"isPIPEligible":"Y","checksum":-1,"freeShipping":false,"itemEligibleForFedEx":false,"is97CentShipping":false,"hasRebateLink":false,"storePickupable":true,"submapCode":0,"97CentShipping":false,"shippingDimensionX":31.88,"shippingDimensionY":8.25,"shippingDimensionZ":43.13,"employeeDiscountable":true,"combinedThresholdEligible":false,"availableShippingOfferCodes":null,"isFreeShipping":false}},"ppueligible":false,"uom":null,"unitCount":"0","itemFlags":"1,","originalBaseUpc":"0008648307964","imageThumbnailURL":"http://i.walmartimages.com/i/p/00/08/64/83/07/0008648307964_60X60.gif","electronicDelivery":false,"productImageUrl":"http://i.walmartimages.com/i/p/00/08/64/83/07/0008648307964_215X215.jpg","hazardMaterial":false,"media":false,"specialPricing":null,"rebate":false,"putEligible":true,"imagePostCardURL":"http://i.walmartimages.com/i/p/00/08/64/83/07/0008648307964_150X150.jpg"}]