[{"genericContent":{"itemId":16472637,"sourceId":2,"rank":1,"itemName":"RCA 46\" 1080p HDTV 46LB45RQ includes RCA DVD Home Theater System and 6ft HDMI cable. TV Bundle","itemShortName":null,"shortDescription":"This Bundle features: <li>RCA 46\" Class LCD 1080p 60Hz HDTV, 46LB45RQ<li>RCA 250W DVD Home Theater System with 1080p Upconvert DVD Player, RTD317W<li> 6ft HDMI cable. ","longDescription":null,"shelfDescription":"This Bundle features: <li>RCA 46\" Class LCD 1080p 60Hz HDTV, 46LB45RQ<li>RCA 250W DVD Home Theater System with 1080p Upconvert DVD Player, RTD317W<li> 6ft HDMI cable. ","mfgNo":null,"modelNum":null,"dimensionX":-9.223372036854776E18,"dimensionY":-9.223372036854776E18,"dimensionZ":-9.223372036854776E18,"platform":null,"supplierWarranty":null,"warrantyLength":null,"assembledCountryOfOrigin":null,"componentsCountryOfOrigin":null,"accessoriesIncluded":null,"accessoriesNotIncluded":null,"ageRange":null,"gender":null,"rating":null,"attributeValue1":null,"attributeValue2":null,"attributeValue3":null,"attributeName1":null,"attributeName2":null,"attributeName3":null,"brandName":null,"manufacturerName":null,"alternateViews":null,"imageId":-9223372036854775808,"addlWarnMsgA":null,"addlWarnMsgB":null,"altWarnMsg":"N","panZoomId":-9223372036854775808,"hasMatureContent":false,"attributeType1":null,"attributeUISetting1":null,"attributeRanking1":1,"attributeType2":null,"attributeUISetting2":null,"attributeRanking2":1,"attributeType3":null,"attributeUISetting3":null,"attributeRanking3":1,"attribute1_order":3,"attribute2_order":3,"attribute3_order":3,"partnerId":-1,"originalBaseUPC":"1113000263057","variantAttrData":null,"logoImage":"http://i.walmartimages.com/i/icon/-9/22/33/72/03/-9223372036854775808_100X60.gif","attributeData":[]},"alternateImageData":[],"id":16472637,"comparable":false,"upc":"1113000263057","customerRatingUrl":null,"partnerId":-1,"itemAttributes":[{"itemID":16472637,"groupName":"Additional Specifications","groupDisplayOrder":34,"contentProviderId":2,"attributeName":"finer categorizations","attributeDisplayOrder":39,"attributeValue":"Flat Panel","glossaryId":0,"attrDisplayName":"finer categorizations"}],"sellers":{"0":{"itemId":16472637,"sellerId":0,"sellerTypeId":1,"sellerName":"Walmart.com","currentItemPrice":569.98,"vendorItemNum":null,"weight":63.5,"wrapCode":0,"maximumItems":5,"baseItemPrice":570.98,"stockWaterMark":0,"displayStatus":3,"tagCode":0,"baseSuggPrice":699.99,"packingSlipCode":0,"minPrice":569.98,"maxPrice":569.98,"priceChangeCode":5,"productTaxCode":null,"rebateAmount":-9.223372036854776E18,"rebateTargetURL":null,"shippingDimX":30.7,"shippingDimY":47.2,"shippingDimZ":36.2,"s2SE":false,"sellerItemFlags":null,"freeReturns":false,"shipAlone":false,"remapToItemId":-9223372036854775808,"remapAction":null,"promotionDiscount":-9.223372036854776E18,"promotionMessageType":"","minPromotionAmount":-9.223372036854776E18,"maxPromotionAmount":-9.223372036854776E18,"fedExEligible":false,"smallFormatEligible":false,"thresholdShippingEligible":false,"isS2SOnly":false,"tweTaxCode":null,"shippingTaxCode":"2038346","giftWrapTaxCode":"2038857","ppu":-9.223372036854776E18,"fromPPU":-9.223372036854776E18,"contributesToThreshold":false,"isPIPEligible":"Y","checksum":-1,"freeShipping":false,"itemEligibleForFedEx":false,"is97CentShipping":false,"hasRebateLink":false,"storePickupable":true,"submapCode":0,"97CentShipping":false,"shippingDimensionX":30.7,"shippingDimensionY":47.2,"shippingDimensionZ":36.2,"employeeDiscountable":true,"combinedThresholdEligible":false,"availableShippingOfferCodes":null,"isFreeShipping":false}},"ppueligible":false,"uom":null,"unitCount":"0","itemFlags":null,"originalBaseUpc":"1113000263057","imageThumbnailURL":"http://i.walmartimages.com/i/p/11/13/00/02/63/1113000263057_60X60.gif","electronicDelivery":false,"productImageUrl":"http://i.walmartimages.com/i/p/11/13/00/02/63/1113000263057_215X215.jpg","hazardMaterial":false,"media":false,"specialPricing":null,"rebate":false,"putEligible":false,"imagePostCardURL":"http://i.walmartimages.com/i/p/11/13/00/02/63/1113000263057_150X150.jpg"}]