[{"genericContent":{"itemId":15190106,"sourceId":3,"rank":1,"itemName":"Element 55\" Class LCD 1080p 120Hz HDTV , ELGFW551","itemShortName":null,"shortDescription":"Catch the game in full HD on this Element 55\" 1080p HDTV. The full-HD 120Hz picture shows you all the details you've been missing, and its 16:9 aspect ratio makes it perfect for watching widescreen movies and TV shows. Plus, the three HDMI inputs on this Element LCD HDTV help you get the most out of your HD-capable components.<P>\n<B>Note:</b> You must have a source of HD programming in order to take full advantage of the Element 55\" 1080p HDTV. Contact your local cable or satellite TV service provider for details on how to upgrade.<P>","longDescription":"<B>Element 55\" 1080p LCD HDTV:</b><p> <UL><LI>1080p/1080i/720p/480i/480p digital compatibility\n <LI>Auto Motion full-HD 120Hz refresh rate\n <LI>Cable-ready high-definition ATSC tuner \n <LI>Progressive scan \n <LI>3D comb filter and de-interlace scanning \n <LI>Built-in stereo speakers (8 watts x 2) with simulated surround sound \n <LI>Pre-programmed sound controls (bass, treble, balance) \n <LI>Trilingual on-screen display (English, Spanish, French) \n <LI>Closed captioning and sleep timer \n <LI>Element LCD HDTV includes full-function remote control\n <LI>Detachable TV stand for easy wall mounting </ul><P>\n<B>Inputs & Outputs:</b><UL> \n<LI>3 HDMI inputs \n <LI>1 S-Video input \n <LI>2 component video inputs \n <LI>2 composite video inputs\n <LI>Coaxial RF input \n <LI>4 audio inputs \n <LI>VGA (D-sub) input \n <li>Contrast rate: 5000:1\n<li>Element LCD HDTV features a 54.6\" screen that is measured diagonally from corner to corner</ul>","shelfDescription":"<li>54.6\" screen measured diagonally from corner to corner<LI>3 HDMI inputs<li>Wall-mountable, detachable base <LI>3D comb filter and de-interlace scanning","mfgNo":"ELGFW551","modelNum":"ELGFW551","dimensionX":34.17,"dimensionY":51.97,"dimensionZ":14.33,"platform":null,"supplierWarranty":null,"warrantyLength":null,"assembledCountryOfOrigin":"Imported","componentsCountryOfOrigin":"Imported","accessoriesIncluded":null,"accessoriesNotIncluded":null,"ageRange":null,"gender":null,"rating":null,"attributeValue1":null,"attributeValue2":null,"attributeValue3":null,"attributeName1":null,"attributeName2":null,"attributeName3":null,"brandName":"Element","manufacturerName":null,"alternateViews":"4","imageId":-9223372036854775808,"addlWarnMsgA":null,"addlWarnMsgB":null,"altWarnMsg":"N","panZoomId":-9223372036854775808,"hasMatureContent":false,"attributeType1":null,"attributeUISetting1":null,"attributeRanking1":1,"attributeType2":null,"attributeUISetting2":null,"attributeRanking2":1,"attributeType3":null,"attributeUISetting3":null,"attributeRanking3":1,"attribute1_order":3,"attribute2_order":3,"attribute3_order":3,"partnerId":-1,"originalBaseUPC":"0085578800222","variantAttrData":null,"logoImage":"http://i.walmartimages.com/i/icon/-9/22/33/72/03/-9223372036854775808_100X60.gif","attributeData":[]},"alternateImageData":[{"imageSrc":"http://i.walmartimages.com/i/p/00/85/57/88/00/0085578800222_60X60.gif","lgImageSrc":"http://i.walmartimages.com/i/p/00/85/57/88/00/0085578800222_500X500.jpg","name":null},{"imageSrc":"http://i.walmartimages.com/i/p/00/85/57/88/00/0085578800222_AV_60X60.gif","lgImageSrc":"http://i.walmartimages.com/i/p/00/85/57/88/00/0085578800222_AV_500X500.jpg","name":null},{"imageSrc":"http://i.walmartimages.com/i/p/00/85/57/88/00/0085578800222_AV1_60X60.gif","lgImageSrc":"http://i.walmartimages.com/i/p/00/85/57/88/00/0085578800222_AV1_500X500.jpg","name":null},{"imageSrc":"http://i.walmartimages.com/i/p/00/85/57/88/00/0085578800222_AV2_60X60.gif","lgImageSrc":"http://i.walmartimages.com/i/p/00/85/57/88/00/0085578800222_AV2_500X500.jpg","name":null},{"imageSrc":"http://i.walmartimages.com/i/p/00/85/57/88/00/0085578800222_AV3_60X60.gif","lgImageSrc":"http://i.walmartimages.com/i/p/00/85/57/88/00/0085578800222_AV3_500X500.jpg","name":null}],"id":15190106,"comparable":true,"upc":"0085578800222","customerRatingUrl":null,"partnerId":-1,"itemAttributes":[{"itemID":15190106,"groupName":"General","groupDisplayOrder":1,"contentProviderId":3,"attributeName":"Product Type","attributeDisplayOrder":1,"attributeValue":"LCD TV","glossaryId":0,"attrDisplayName":"Product Type"},{"itemID":15190106,"groupName":"General","groupDisplayOrder":1,"contentProviderId":3,"attributeName":"PC Interface","attributeDisplayOrder":4,"attributeValue":"VGA (HD-15), HDMI","glossaryId":0,"attrDisplayName":"PC Interface"},{"itemID":15190106,"groupName":"Display","groupDisplayOrder":2,"contentProviderId":3,"attributeName":"Resolution","attributeDisplayOrder":3,"attributeValue":"1920 x 1080","glossaryId":0,"attrDisplayName":"Resolution"},{"itemID":15190106,"groupName":"Display","groupDisplayOrder":2,"contentProviderId":3,"attributeName":"Image Aspect Ratio","attributeDisplayOrder":5,"attributeValue":"16:9","glossaryId":0,"attrDisplayName":"Image Aspect Ratio"},{"itemID":15190106,"groupName":"Display","groupDisplayOrder":2,"contentProviderId":3,"attributeName":"Viewing Angle","attributeDisplayOrder":7,"attributeValue":"176 degrees","glossaryId":0,"attrDisplayName":"Viewing Angle"},{"itemID":15190106,"groupName":"Display","groupDisplayOrder":2,"contentProviderId":3,"attributeName":"Viewing Angle (Vertical)","attributeDisplayOrder":8,"attributeValue":"176 degrees","glossaryId":0,"attrDisplayName":"Viewing Angle (Vertical)"},{"itemID":15190106,"groupName":"Display","groupDisplayOrder":2,"contentProviderId":3,"attributeName":"Brightness","attributeDisplayOrder":10,"attributeValue":"500 cd/m2","glossaryId":0,"attrDisplayName":"Brightness"},{"itemID":15190106,"groupName":"Display","groupDisplayOrder":2,"contentProviderId":3,"attributeName":"Comb Filter","attributeDisplayOrder":11,"attributeValue":"3D digital","glossaryId":0,"attrDisplayName":"Comb Filter"},{"itemID":15190106,"groupName":"Display","groupDisplayOrder":2,"contentProviderId":3,"attributeName":"Display Format","attributeDisplayOrder":13,"attributeValue":"1080p (FullHD)","glossaryId":0,"attrDisplayName":"Display Format"},{"itemID":15190106,"groupName":"Display","groupDisplayOrder":2,"contentProviderId":3,"attributeName":"V-Chip Control","attributeDisplayOrder":15,"attributeValue":"Yes","glossaryId":0,"attrDisplayName":"V-Chip Control"},{"itemID":15190106,"groupName":"Display","groupDisplayOrder":2,"contentProviderId":3,"attributeName":"Display Menu Language","attributeDisplayOrder":19,"attributeValue":"English, French, Spanish","glossaryId":0,"attrDisplayName":"Display Menu Language"},{"itemID":15190106,"groupName":"Display","groupDisplayOrder":2,"contentProviderId":3,"attributeName":"Dynamic Contrast Ratio","attributeDisplayOrder":22,"attributeValue":"6000:1","glossaryId":0,"attrDisplayName":"Dynamic Contrast Ratio"},{"itemID":15190106,"groupName":"Display","groupDisplayOrder":2,"contentProviderId":3,"attributeName":"Max V-Sync Rate","attributeDisplayOrder":32,"attributeValue":"120 Hz","glossaryId":0,"attrDisplayName":"Max V-Sync Rate"},{"itemID":15190106,"groupName":"Display","groupDisplayOrder":2,"contentProviderId":3,"attributeName":"Backlight Life","attributeDisplayOrder":34,"attributeValue":"50000 hour(s)","glossaryId":0,"attrDisplayName":"Backlight Life"},{"itemID":15190106,"groupName":"TV Tuner","groupDisplayOrder":3,"contentProviderId":3,"attributeName":"Stereo Reception System","attributeDisplayOrder":3,"attributeValue":"MTS","glossaryId":0,"attrDisplayName":"Stereo Reception System"},{"itemID":15190106,"groupName":"TV Tuner","groupDisplayOrder":3,"contentProviderId":3,"attributeName":"Analog TV Tuner","attributeDisplayOrder":7,"attributeValue":"NTSC","glossaryId":0,"attrDisplayName":"Analog TV Tuner"},{"itemID":15190106,"groupName":"Remote Control","groupDisplayOrder":4,"contentProviderId":3,"attributeName":"Type","attributeDisplayOrder":1,"attributeValue":"Remote control","glossaryId":0,"attrDisplayName":"Type"},{"itemID":15190106,"groupName":"Audio System","groupDisplayOrder":5,"contentProviderId":3,"attributeName":"Sound Output Mode","attributeDisplayOrder":1,"attributeValue":"Stereo","glossaryId":0,"attrDisplayName":"Sound Output Mode"},{"itemID":15190106,"groupName":"Audio System","groupDisplayOrder":5,"contentProviderId":3,"attributeName":"Output Power / Total","attributeDisplayOrder":3,"attributeValue":"16 Watt","glossaryId":0,"attrDisplayName":"Output Power / Total"},{"itemID":15190106,"groupName":"Audio System","groupDisplayOrder":5,"contentProviderId":3,"attributeName":"Speaker(s)","attributeDisplayOrder":5,"attributeValue":"2 x right/left channel speaker - built-in - 8 Watt","glossaryId":0,"attrDisplayName":"Speaker(s)"},{"itemID":15190106,"groupName":"Audio System","groupDisplayOrder":5,"contentProviderId":3,"attributeName":"Audio Controls","attributeDisplayOrder":8,"attributeValue":"Sound mode, balance, bass, treble","glossaryId":0,"attrDisplayName":"Audio Controls"},{"itemID":15190106,"groupName":"Audio System","groupDisplayOrder":5,"contentProviderId":3,"attributeName":"Surround Mode","attributeDisplayOrder":10,"attributeValue":"Yes","glossaryId":0,"attrDisplayName":"Surround Mode"},{"itemID":15190106,"groupName":"Connections","groupDisplayOrder":6,"contentProviderId":3,"attributeName":"Connector Type","attributeDisplayOrder":1,"attributeValue":"3 x HDMI input ( 19 pin HDMI Type A ) ¦ 1 x S-Video input ( 4 pin mini-DIN ) ¦ 2 x component video input ( RCA phono x 3 ) ¦ 2 x composite video input ( RCA phono ) ¦ 1 x headphones ( mini-phone stereo 3.5 mm ) ¦ 1 x VGA input ( 15 pin HD D-Sub (HD-15) ) ¦ 4 x audio input ( RCA phono x 2 ) ¦ 1 x USB ¦ 1 x digital audio output (coaxial) ¦ 1 x audio line-in ( mini-phone stereo 3.5 mm )","glossaryId":0,"attrDisplayName":"Connector Type"},{"itemID":15190106,"groupName":"Miscellaneous","groupDisplayOrder":7,"contentProviderId":3,"attributeName":"Compliant Standards","attributeDisplayOrder":2,"attributeValue":"FCC Class B certified, ICES-003 Class B, FCC Part 15, DOC","glossaryId":0,"attrDisplayName":"Compliant Standards"},{"itemID":15190106,"groupName":"Power","groupDisplayOrder":8,"contentProviderId":3,"attributeName":"Power Device","attributeDisplayOrder":1,"attributeValue":"Power supply","glossaryId":0,"attrDisplayName":"Power Device"},{"itemID":15190106,"groupName":"Video Features","groupDisplayOrder":10,"contentProviderId":3,"attributeName":"Input Video Formats","attributeDisplayOrder":3,"attributeValue":"480p, 720p, 1080i, 1080p, 480i","glossaryId":0,"attrDisplayName":"Input Video Formats"},{"itemID":15190106,"groupName":"Video Features","groupDisplayOrder":10,"contentProviderId":3,"attributeName":"Supported Computer Resolutions","attributeDisplayOrder":4,"attributeValue":"1024 x 768 (XGA), 640 x 480 (VGA), 800 x 600 (SVGA), 1920 x 1080","glossaryId":0,"attrDisplayName":"Supported Computer Resolutions"},{"itemID":15190106,"groupName":"Video Features","groupDisplayOrder":10,"contentProviderId":3,"attributeName":"Parental Channel Lock","attributeDisplayOrder":5,"attributeValue":"Yes","glossaryId":0,"attrDisplayName":"Parental Channel Lock"},{"itemID":15190106,"groupName":"Video Features","groupDisplayOrder":10,"contentProviderId":3,"attributeName":"Closed Caption Capability","attributeDisplayOrder":6,"attributeValue":"Yes","glossaryId":0,"attrDisplayName":"Closed Caption Capability"},{"itemID":15190106,"groupName":"Stands & Mounts","groupDisplayOrder":12,"contentProviderId":3,"attributeName":"Stand Design","attributeDisplayOrder":2,"attributeValue":"Tabletop","glossaryId":0,"attrDisplayName":"Stand Design"},{"itemID":15190106,"groupName":"Stands & Mounts","groupDisplayOrder":12,"contentProviderId":3,"attributeName":"Flat Panel Mount Interface","attributeDisplayOrder":4,"attributeValue":"Yes","glossaryId":0,"attrDisplayName":"Flat Panel Mount Interface"},{"itemID":15190106,"groupName":"Digital TV Tuner","groupDisplayOrder":15,"contentProviderId":3,"attributeName":"Digital TV Tuner","attributeDisplayOrder":2,"attributeValue":"ATSC","glossaryId":0,"attrDisplayName":"Digital TV Tuner"}],"sellers":{"0":{"itemId":15190106,"sellerId":0,"sellerTypeId":1,"sellerName":"Walmart.com","currentItemPrice":699.98,"vendorItemNum":"ELGFW551","weight":86.05,"wrapCode":0,"maximumItems":2,"baseItemPrice":729.98,"stockWaterMark":0,"displayStatus":1,"tagCode":0,"baseSuggPrice":999.0,"packingSlipCode":0,"minPrice":699.98,"maxPrice":699.98,"priceChangeCode":5,"productTaxCode":"PTG9","rebateAmount":-9.223372036854776E18,"rebateTargetURL":null,"shippingDimX":39.5,"shippingDimY":10.5,"shippingDimZ":57.3,"s2SE":false,"sellerItemFlags":null,"freeReturns":false,"shipAlone":false,"remapToItemId":-9223372036854775808,"remapAction":null,"promotionDiscount":-9.223372036854776E18,"promotionMessageType":"","minPromotionAmount":-9.223372036854776E18,"maxPromotionAmount":-9.223372036854776E18,"fedExEligible":false,"smallFormatEligible":false,"thresholdShippingEligible":false,"isS2SOnly":false,"tweTaxCode":"2042529","shippingTaxCode":"2038346","giftWrapTaxCode":"2038857","ppu":-9.223372036854776E18,"fromPPU":-9.223372036854776E18,"contributesToThreshold":false,"isPIPEligible":"Y","checksum":-1,"freeShipping":false,"itemEligibleForFedEx":false,"is97CentShipping":false,"hasRebateLink":false,"storePickupable":true,"submapCode":0,"97CentShipping":false,"shippingDimensionX":39.5,"shippingDimensionY":10.5,"shippingDimensionZ":57.3,"employeeDiscountable":true,"combinedThresholdEligible":false,"availableShippingOfferCodes":null,"isFreeShipping":false}},"ppueligible":false,"uom":null,"unitCount":"0","itemFlags":"1,","originalBaseUpc":"0085578800222","imageThumbnailURL":"http://i.walmartimages.com/i/p/00/85/57/88/00/0085578800222_60X60.gif","electronicDelivery":false,"productImageUrl":"http://i.walmartimages.com/i/p/00/85/57/88/00/0085578800222_215X215.jpg","hazardMaterial":false,"media":false,"specialPricing":null,"rebate":false,"putEligible":false,"imagePostCardURL":"http://i.walmartimages.com/i/p/00/85/57/88/00/0085578800222_150X150.jpg"}]