[{"genericContent":{"itemId":20532182,"sourceId":3,"rank":1,"itemName":"HANNspree 19\" Class LCD 720p 60Hz HDTV, ST19PMUW, Polar Bear","itemShortName":null,"shortDescription":"<p>The HANNspree ST19PMUW 19-inch 720p 60Hz LCD HDTV surrounded by a polar bear design is ideal for your child's room. You can connect up to two HD devices with its HDMI ports. The 1440 x 900 resolution and true 16:10 aspect ratio provides a complete full HD experience. The HANNspree polar bear TV features wide 140-degree vertical and 150-degree horizontal angles for maximum viewing pleasure. The built-in digital tuner lets your child view his favorite TV programs in high definition. This HANNspree animal TV has 10,000:1 dynamic contrast ratio that delivers superior color details. The 5ms response time enhances your viewing experience with smooth movements. You can also save space on in your child's room by mounting this polar bear HDTV on the wall. This HDTV with digital tuner is Energy-Star certified, which means it consumes less power. </p>","longDescription":"<strong>HANNspree ST19PMUW 19-inch 720p 60Hz LCD HDTV:</strong><li>19-inch LCD panel - With a 1440 x 900 resolution</li><li>True 16:10 aspect ratio - View your movies as the director intended</li><li>Wide 140-degree vertical and 150-degree horizontal angles - See a clear picture from anywhere in the room</li><li>Built-in digital tuner - Watch digital broadcasts, including HDTV programs where available</li><li>High brightness of 300 cd/m2 and 5 ms response time - Quick response time for a great picture</li><li>10,000:1 dynamic contrast ratio - HDMI Inputs: 2 Enjoy a superior HD experience with HDMI one cable solution</li><li>19-inch screen measured diagonally from corner to corner</li><li>Wall mountable - VESA standard 100mm x 100mm</li>","shelfDescription":"<li>19\" diagonal screen size<li>HDMI Inputs: 2<li>Wall mountable<li>Built-in digital tuner","mfgNo":"ST19PMUW","modelNum":"ST19PMUW","dimensionX":27.59,"dimensionY":31.9,"dimensionZ":8.47,"platform":null,"supplierWarranty":"1 Year Limited Warranty","warrantyLength":null,"assembledCountryOfOrigin":"USA and Imported","componentsCountryOfOrigin":"USA and Imported","accessoriesIncluded":null,"accessoriesNotIncluded":null,"ageRange":null,"gender":null,"rating":null,"attributeValue1":null,"attributeValue2":null,"attributeValue3":null,"attributeName1":null,"attributeName2":null,"attributeName3":null,"brandName":"HANNSPREE","manufacturerName":"Hannspree","alternateViews":null,"imageId":-9223372036854775808,"addlWarnMsgA":null,"addlWarnMsgB":null,"altWarnMsg":"N","panZoomId":-9223372036854775808,"hasMatureContent":false,"attributeType1":null,"attributeUISetting1":null,"attributeRanking1":1,"attributeType2":null,"attributeUISetting2":null,"attributeRanking2":1,"attributeType3":null,"attributeUISetting3":null,"attributeRanking3":1,"attribute1_order":3,"attribute2_order":3,"attribute3_order":3,"partnerId":-1,"originalBaseUPC":"0084265100440","variantAttrData":null,"logoImage":"http://i.walmartimages.com/i/icon/-9/22/33/72/03/-9223372036854775808_100X60.gif","attributeData":[]},"alternateImageData":[],"id":20532182,"comparable":true,"upc":"0084265100440","customerRatingUrl":null,"partnerId":-1,"itemAttributes":[{"itemID":20532182,"groupName":"Display","groupDisplayOrder":1,"contentProviderId":3,"attributeName":"Image Aspect Ratio","attributeDisplayOrder":1,"attributeValue":"16:10","glossaryId":0,"attrDisplayName":"Image Aspect Ratio"},{"itemID":20532182,"groupName":"Display","groupDisplayOrder":1,"contentProviderId":3,"attributeName":"Widescreen Modes","attributeDisplayOrder":3,"attributeValue":"Full, Zoom, Normal, Cinema, Subtitle","glossaryId":0,"attrDisplayName":"Widescreen Modes"},{"itemID":20532182,"groupName":"Display","groupDisplayOrder":1,"contentProviderId":3,"attributeName":"Comb Filter","attributeDisplayOrder":5,"attributeValue":"3D digital","glossaryId":0,"attrDisplayName":"Comb Filter"},{"itemID":20532182,"groupName":"Display","groupDisplayOrder":1,"contentProviderId":3,"attributeName":"Color Temperature Control","attributeDisplayOrder":6,"attributeValue":"Yes (Cool/Standard/Warm)","glossaryId":0,"attrDisplayName":"Color Temperature Control"},{"itemID":20532182,"groupName":"Display","groupDisplayOrder":1,"contentProviderId":3,"attributeName":"Additional Features","attributeDisplayOrder":7,"attributeValue":"3:2 pull down compensation, 2:2 pull down compensation, anti-glare coating, X-Contrast Technology, Digital Noise Reduction (DNR)","glossaryId":0,"attrDisplayName":"Additional Features"},{"itemID":20532182,"groupName":"Display","groupDisplayOrder":1,"contentProviderId":3,"attributeName":"Resolution","attributeDisplayOrder":12,"attributeValue":"1440 x 900","glossaryId":0,"attrDisplayName":"Resolution"},{"itemID":20532182,"groupName":"Display","groupDisplayOrder":1,"contentProviderId":3,"attributeName":"Viewing Angle","attributeDisplayOrder":13,"attributeValue":"150 degrees","glossaryId":0,"attrDisplayName":"Viewing Angle"},{"itemID":20532182,"groupName":"Display","groupDisplayOrder":1,"contentProviderId":3,"attributeName":"Viewing Angle (Vertical)","attributeDisplayOrder":14,"attributeValue":"140 degrees","glossaryId":0,"attrDisplayName":"Viewing Angle (Vertical)"},{"itemID":20532182,"groupName":"Display","groupDisplayOrder":1,"contentProviderId":3,"attributeName":"Picture Adjustment","attributeDisplayOrder":16,"attributeValue":"Vivid/Standard/Movie/User","glossaryId":0,"attrDisplayName":"Picture Adjustment"},{"itemID":20532182,"groupName":"Display","groupDisplayOrder":1,"contentProviderId":3,"attributeName":"Image Contrast Ratio","attributeDisplayOrder":17,"attributeValue":"700:1","glossaryId":0,"attrDisplayName":"Image Contrast Ratio"},{"itemID":20532182,"groupName":"Display","groupDisplayOrder":1,"contentProviderId":3,"attributeName":"Brightness","attributeDisplayOrder":18,"attributeValue":"300 cd/m2","glossaryId":0,"attrDisplayName":"Brightness"},{"itemID":20532182,"groupName":"Display","groupDisplayOrder":1,"contentProviderId":3,"attributeName":"Color Depth","attributeDisplayOrder":19,"attributeValue":"16.7 million colors","glossaryId":0,"attrDisplayName":"Color Depth"},{"itemID":20532182,"groupName":"TV Tuner","groupDisplayOrder":2,"contentProviderId":3,"attributeName":"Analog TV Tuner","attributeDisplayOrder":8,"attributeValue":"NTSC","glossaryId":0,"attrDisplayName":"Analog TV Tuner"},{"itemID":20532182,"groupName":"Remote Control","groupDisplayOrder":4,"contentProviderId":3,"attributeName":"Type","attributeDisplayOrder":1,"attributeValue":"Remote control","glossaryId":0,"attrDisplayName":"Type"},{"itemID":20532182,"groupName":"Audio System","groupDisplayOrder":5,"contentProviderId":3,"attributeName":"Sound Output Mode","attributeDisplayOrder":1,"attributeValue":"Stereo","glossaryId":0,"attrDisplayName":"Sound Output Mode"},{"itemID":20532182,"groupName":"Audio System","groupDisplayOrder":5,"contentProviderId":3,"attributeName":"Output Power / Total","attributeDisplayOrder":6,"attributeValue":"5 Watt","glossaryId":0,"attrDisplayName":"Output Power / Total"},{"itemID":20532182,"groupName":"Audio System","groupDisplayOrder":5,"contentProviderId":3,"attributeName":"Speaker(s)","attributeDisplayOrder":8,"attributeValue":"2 x right/left channel speaker - built-in - 2.5 Watt","glossaryId":0,"attrDisplayName":"Speaker(s)"},{"itemID":20532182,"groupName":"Connections","groupDisplayOrder":6,"contentProviderId":3,"attributeName":"Connector Type","attributeDisplayOrder":1,"attributeValue":"1 x composite video input ( RCA phono ) ¦ 1 x component video input ( RCA phono x 3 ) ¦ 2 x HDMI input ( 19 pin HDMI Type A ) ¦ 1 x VGA input ( 15 pin HD D-Sub (HD-15) ) ¦ 1 x S-Video input ¦ 1 x audio line-in ( RCA phono x 2 ) ¦ 1 x audio line-in ( mini-phone stereo 3.5 mm ) ¦ 1 x headphones ( mini-phone stereo 3.5 mm ) ¦ 1 x Hi-Speed USB ( 4 pin USB Type A )","glossaryId":0,"attrDisplayName":"Connector Type"},{"itemID":20532182,"groupName":"Power","groupDisplayOrder":7,"contentProviderId":3,"attributeName":"Power Device","attributeDisplayOrder":1,"attributeValue":"Power supply - internal","glossaryId":0,"attrDisplayName":"Power Device"},{"itemID":20532182,"groupName":"Power","groupDisplayOrder":7,"contentProviderId":3,"attributeName":"Power Consumption Stand by / Sleep","attributeDisplayOrder":3,"attributeValue":"1 Watt","glossaryId":0,"attrDisplayName":"Power Consumption Stand by / Sleep"},{"itemID":20532182,"groupName":"General","groupDisplayOrder":9,"contentProviderId":3,"attributeName":"Product Type","attributeDisplayOrder":1,"attributeValue":"LCD TV","glossaryId":0,"attrDisplayName":"Product Type"},{"itemID":20532182,"groupName":"General","groupDisplayOrder":9,"contentProviderId":3,"attributeName":"PC Interface","attributeDisplayOrder":3,"attributeValue":"VGA (HD-15), HDMI","glossaryId":0,"attrDisplayName":"PC Interface"},{"itemID":20532182,"groupName":"General","groupDisplayOrder":9,"contentProviderId":3,"attributeName":"Width","attributeDisplayOrder":4,"attributeValue":"31.9 in","glossaryId":0,"attrDisplayName":"Width"},{"itemID":20532182,"groupName":"General","groupDisplayOrder":9,"contentProviderId":3,"attributeName":"Depth","attributeDisplayOrder":5,"attributeValue":"6.3 in","glossaryId":0,"attrDisplayName":"Depth"},{"itemID":20532182,"groupName":"General","groupDisplayOrder":9,"contentProviderId":3,"attributeName":"Height","attributeDisplayOrder":6,"attributeValue":"31.1 in","glossaryId":0,"attrDisplayName":"Height"},{"itemID":20532182,"groupName":"General","groupDisplayOrder":9,"contentProviderId":3,"attributeName":"Weight","attributeDisplayOrder":7,"attributeValue":"19.4 lbs","glossaryId":0,"attrDisplayName":"Weight"},{"itemID":20532182,"groupName":"Miscellaneous","groupDisplayOrder":11,"contentProviderId":3,"attributeName":"Cables Included","attributeDisplayOrder":3,"attributeValue":"1 x HDMI cable","glossaryId":0,"attrDisplayName":"Cables Included"},{"itemID":20532182,"groupName":"Miscellaneous","groupDisplayOrder":11,"contentProviderId":3,"attributeName":"Compliant Standards","attributeDisplayOrder":4,"attributeValue":"FCC, RoHS","glossaryId":0,"attrDisplayName":"Compliant Standards"},{"itemID":20532182,"groupName":"Environmental Parameters","groupDisplayOrder":18,"contentProviderId":3,"attributeName":"Min Operating Temperature","attributeDisplayOrder":1,"attributeValue":"32 °F","glossaryId":0,"attrDisplayName":"Min Operating Temperature"},{"itemID":20532182,"groupName":"Environmental Parameters","groupDisplayOrder":18,"contentProviderId":3,"attributeName":"Max Operating Temperature","attributeDisplayOrder":2,"attributeValue":"104 °F","glossaryId":0,"attrDisplayName":"Max Operating Temperature"},{"itemID":20532182,"groupName":"Environmental Parameters","groupDisplayOrder":18,"contentProviderId":3,"attributeName":"Humidity Range Operating","attributeDisplayOrder":3,"attributeValue":"20 - 90%","glossaryId":0,"attrDisplayName":"Humidity Range Operating"},{"itemID":20532182,"groupName":"Digital TV Tuner","groupDisplayOrder":32,"contentProviderId":3,"attributeName":"Digital TV Tuner","attributeDisplayOrder":1,"attributeValue":"ATSC, QAM","glossaryId":0,"attrDisplayName":"Digital TV Tuner"}],"sellers":{"0":{"itemId":20532182,"sellerId":0,"sellerTypeId":1,"sellerName":"Walmart.com","currentItemPrice":99.98,"vendorItemNum":"ST19PMUW","weight":24.2,"wrapCode":0,"maximumItems":5,"baseItemPrice":89.98,"stockWaterMark":0,"displayStatus":2,"tagCode":0,"baseSuggPrice":149.98,"packingSlipCode":0,"minPrice":99.98,"maxPrice":99.98,"priceChangeCode":5,"productTaxCode":"PTG8","rebateAmount":-9.223372036854776E18,"rebateTargetURL":null,"shippingDimX":28.15,"shippingDimY":35.04,"shippingDimZ":11.02,"s2SE":true,"sellerItemFlags":null,"freeReturns":false,"shipAlone":false,"remapToItemId":-9223372036854775808,"remapAction":null,"promotionDiscount":-9.223372036854776E18,"promotionMessageType":"","minPromotionAmount":-9.223372036854776E18,"maxPromotionAmount":-9.223372036854776E18,"fedExEligible":false,"smallFormatEligible":false,"thresholdShippingEligible":false,"isS2SOnly":false,"tweTaxCode":"2042529","shippingTaxCode":"2038346","giftWrapTaxCode":"2038857","ppu":-9.223372036854776E18,"fromPPU":-9.223372036854776E18,"contributesToThreshold":false,"isPIPEligible":"Y","checksum":-1,"freeShipping":false,"itemEligibleForFedEx":false,"is97CentShipping":false,"hasRebateLink":false,"storePickupable":true,"submapCode":0,"97CentShipping":false,"shippingDimensionX":28.15,"shippingDimensionY":35.04,"shippingDimensionZ":11.02,"employeeDiscountable":true,"combinedThresholdEligible":false,"availableShippingOfferCodes":null,"isFreeShipping":false}},"ppueligible":false,"uom":null,"unitCount":"0","itemFlags":"1,","originalBaseUpc":"0084265100440","imageThumbnailURL":"http://i.walmartimages.com/i/p/00/84/26/51/00/0084265100440_60X60.gif","electronicDelivery":false,"productImageUrl":"http://i.walmartimages.com/i/p/00/84/26/51/00/0084265100440_215X215.jpg","hazardMaterial":false,"media":false,"specialPricing":null,"rebate":false,"putEligible":false,"imagePostCardURL":"http://i.walmartimages.com/i/p/00/84/26/51/00/0084265100440_150X150.jpg"}]