[{"genericContent":{"itemId":20549811,"sourceId":3,"rank":1,"itemName":"LG 47\" Class LCD 1080p 60Hz 3D HDTV, (3.0\" ultra-slim) 47CM565","itemShortName":null,"shortDescription":"Experience LG Cinema 3D, along with full-HD resolution, on this LG 47\" LCD TV. Enjoy amazing 3D effects, comfortable, lightweight glasses, 2D to 3D content conversion, 3D depth control and a clear picture from virtually any angle. With almost double the pixel resolution, full HD 1080p resolution provides superior picture quality so you'll see details and colors like never before.<br><br><b>Note:</b> You must have a source of HD programming in order to take full advantage of the LG 47\" 3D television. Contact your local cable or satellite TV service provider for details on how to upgrade.","longDescription":"<br><b>LG 47\" 1080p HDTV, 3D, 47CM565:</b><ul><li>47\" LCD panel<br>With 1920 x 1080 full-HD resolution<li>True 16:9 aspect ratio<br>View your movies as the director intended<li>Built-in digital tuner<br>Watch digital broadcasts, including HDTV programs where available, on the LG 47\" LCD TV<li>150,000:1 dynamic contrast ratio<li>HDMI Inputs: 3<br>Enjoy a superior HD experience with the HDMI one-cable solution<li>46.9\" screen of the LG 47\" LCD TV is measured diagonally from corner to corner<li>Wall mountable<br>VESA standard 200mm x 200mm mounting holes<li>LG Cinema 3D technology<br>Enjoy amazing 3D effects, comfortable, lightweight glasses, 2D to 3D content conversion, 3D depth control and a clear picture from virtually any angle</ul>","shelfDescription":"<li>46.9\" diagonal screen size<li>HDMI Inputs: 3<li>Wall mountable","mfgNo":"47CM565","modelNum":"47CM565","dimensionX":30.0,"dimensionY":44.6,"dimensionZ":10.4,"platform":null,"supplierWarranty":"1 Year Limited Warranty","warrantyLength":null,"assembledCountryOfOrigin":"Imported","componentsCountryOfOrigin":"Imported","accessoriesIncluded":null,"accessoriesNotIncluded":null,"ageRange":null,"gender":null,"rating":null,"attributeValue1":null,"attributeValue2":null,"attributeValue3":null,"attributeName1":null,"attributeName2":null,"attributeName3":null,"brandName":"LG","manufacturerName":"LG Electronics","alternateViews":"8","imageId":-9223372036854775808,"addlWarnMsgA":null,"addlWarnMsgB":null,"altWarnMsg":"N","panZoomId":2,"hasMatureContent":false,"attributeType1":null,"attributeUISetting1":null,"attributeRanking1":1,"attributeType2":null,"attributeUISetting2":null,"attributeRanking2":1,"attributeType3":null,"attributeUISetting3":null,"attributeRanking3":1,"attribute1_order":3,"attribute2_order":3,"attribute3_order":3,"partnerId":-1,"originalBaseUPC":"0071919258401","variantAttrData":null,"logoImage":"http://i.walmartimages.com/i/icon/-9/22/33/72/03/-9223372036854775808_100X60.gif","attributeData":[]},"alternateImageData":[{"imageSrc":"http://i.walmartimages.com/i/p/00/71/91/92/58/0071919258401_60X60.gif","lgImageSrc":"http://i.walmartimages.com/i/p/00/71/91/92/58/0071919258401_500X500.jpg","name":null},{"imageSrc":"http://i.walmartimages.com/i/p/00/71/91/92/58/0071919258401_AV_60X60.gif","lgImageSrc":"http://i.walmartimages.com/i/p/00/71/91/92/58/0071919258401_AV_500X500.jpg","name":null},{"imageSrc":"http://i.walmartimages.com/i/p/00/71/91/92/58/0071919258401_AV1_60X60.gif","lgImageSrc":"http://i.walmartimages.com/i/p/00/71/91/92/58/0071919258401_AV1_500X500.jpg","name":null},{"imageSrc":"http://i.walmartimages.com/i/p/00/71/91/92/58/0071919258401_AV2_60X60.gif","lgImageSrc":"http://i.walmartimages.com/i/p/00/71/91/92/58/0071919258401_AV2_500X500.jpg","name":null},{"imageSrc":"http://i.walmartimages.com/i/p/00/71/91/92/58/0071919258401_AV3_60X60.gif","lgImageSrc":"http://i.walmartimages.com/i/p/00/71/91/92/58/0071919258401_AV3_500X500.jpg","name":null},{"imageSrc":"http://i.walmartimages.com/i/p/00/71/91/92/58/0071919258401_AV4_60X60.gif","lgImageSrc":"http://i.walmartimages.com/i/p/00/71/91/92/58/0071919258401_AV4_500X500.jpg","name":null},{"imageSrc":"http://i.walmartimages.com/i/p/00/71/91/92/58/0071919258401_AV5_60X60.gif","lgImageSrc":"http://i.walmartimages.com/i/p/00/71/91/92/58/0071919258401_AV5_500X500.jpg","name":null},{"imageSrc":"http://i.walmartimages.com/i/p/00/71/91/92/58/0071919258401_AV6_60X60.gif","lgImageSrc":"http://i.walmartimages.com/i/p/00/71/91/92/58/0071919258401_AV6_500X500.jpg","name":null},{"imageSrc":"http://i.walmartimages.com/i/p/00/71/91/92/58/0071919258401_AV7_60X60.gif","lgImageSrc":"http://i.walmartimages.com/i/p/00/71/91/92/58/0071919258401_AV7_500X500.jpg","name":null}],"id":20549811,"comparable":true,"upc":"0071919258401","customerRatingUrl":"http://www.walmart.com/i/CustRating/4_7.gif","partnerId":-1,"itemAttributes":[{"itemID":20549811,"groupName":"Display","groupDisplayOrder":1,"contentProviderId":3,"attributeName":"Widescreen Modes","attributeDisplayOrder":3,"attributeValue":"Conventional 4:3, Zoom, 16:9, Just Scan, Cinema Zoom, Set by Program","glossaryId":0,"attrDisplayName":"Widescreen Modes"},{"itemID":20549811,"groupName":"Display","groupDisplayOrder":1,"contentProviderId":3,"attributeName":"Display Menu Language","attributeDisplayOrder":4,"attributeValue":"English, French, Spanish, Korean","glossaryId":0,"attrDisplayName":"Display Menu Language"},{"itemID":20549811,"groupName":"Display","groupDisplayOrder":1,"contentProviderId":3,"attributeName":"Additional Features","attributeDisplayOrder":7,"attributeValue":"Intelligent Sensor, Smart Energy Saving, Simplink, Picture Wizard II, Quick View, 2D to 3D Conversion, CINEMA 3D Technology, Triple XD Engine, 3D Depth Control","glossaryId":0,"attrDisplayName":"Additional Features"},{"itemID":20549811,"groupName":"Display","groupDisplayOrder":1,"contentProviderId":3,"attributeName":"Display Format","attributeDisplayOrder":11,"attributeValue":"1080p (FullHD)","glossaryId":0,"attrDisplayName":"Display Format"},{"itemID":20549811,"groupName":"Display","groupDisplayOrder":1,"contentProviderId":3,"attributeName":"Resolution","attributeDisplayOrder":12,"attributeValue":"1920 x 1080","glossaryId":0,"attrDisplayName":"Resolution"},{"itemID":20549811,"groupName":"TV Tuner","groupDisplayOrder":2,"contentProviderId":3,"attributeName":"Analog TV Tuner","attributeDisplayOrder":8,"attributeValue":"NTSC","glossaryId":0,"attrDisplayName":"Analog TV Tuner"},{"itemID":20549811,"groupName":"Video Features","groupDisplayOrder":3,"contentProviderId":3,"attributeName":"Analog Video Input Signals","attributeDisplayOrder":2,"attributeValue":"NTSC","glossaryId":0,"attrDisplayName":"Analog Video Input Signals"},{"itemID":20549811,"groupName":"Video Features","groupDisplayOrder":3,"contentProviderId":3,"attributeName":"Closed Caption Capability","attributeDisplayOrder":3,"attributeValue":"Yes","glossaryId":0,"attrDisplayName":"Closed Caption Capability"},{"itemID":20549811,"groupName":"Video Features","groupDisplayOrder":3,"contentProviderId":3,"attributeName":"Input Video Formats","attributeDisplayOrder":4,"attributeValue":"720p, 1080i, 1080p","glossaryId":0,"attrDisplayName":"Input Video Formats"},{"itemID":20549811,"groupName":"Remote Control","groupDisplayOrder":4,"contentProviderId":3,"attributeName":"Type","attributeDisplayOrder":1,"attributeValue":"Remote control","glossaryId":0,"attrDisplayName":"Type"},{"itemID":20549811,"groupName":"Audio System","groupDisplayOrder":5,"contentProviderId":3,"attributeName":"Sound Output Mode","attributeDisplayOrder":1,"attributeValue":"Stereo","glossaryId":0,"attrDisplayName":"Sound Output Mode"},{"itemID":20549811,"groupName":"Audio System","groupDisplayOrder":5,"contentProviderId":3,"attributeName":"Surround Mode","attributeDisplayOrder":2,"attributeValue":"Yes","glossaryId":0,"attrDisplayName":"Surround Mode"},{"itemID":20549811,"groupName":"Audio System","groupDisplayOrder":5,"contentProviderId":3,"attributeName":"Sound Effects","attributeDisplayOrder":3,"attributeValue":"Virtual Surround Mode","glossaryId":0,"attrDisplayName":"Sound Effects"},{"itemID":20549811,"groupName":"Audio System","groupDisplayOrder":5,"contentProviderId":3,"attributeName":"Audio Controls","attributeDisplayOrder":4,"attributeValue":"Sound mode","glossaryId":0,"attrDisplayName":"Audio Controls"},{"itemID":20549811,"groupName":"Audio System","groupDisplayOrder":5,"contentProviderId":3,"attributeName":"Output Power / Total","attributeDisplayOrder":6,"attributeValue":"20 Watt","glossaryId":0,"attrDisplayName":"Output Power / Total"},{"itemID":20549811,"groupName":"Audio System","groupDisplayOrder":5,"contentProviderId":3,"attributeName":"Additional Features","attributeDisplayOrder":7,"attributeValue":"Clear Voice II technology","glossaryId":0,"attrDisplayName":"Additional Features"},{"itemID":20549811,"groupName":"Audio System","groupDisplayOrder":5,"contentProviderId":3,"attributeName":"Speaker(s)","attributeDisplayOrder":8,"attributeValue":"2 x right/left channel speaker - built-in - 10 Watt","glossaryId":0,"attrDisplayName":"Speaker(s)"},{"itemID":20549811,"groupName":"Connections","groupDisplayOrder":6,"contentProviderId":3,"attributeName":"Connector Type","attributeDisplayOrder":1,"attributeValue":"1 x VGA input ( 15 pin HD D-Sub (HD-15) ) - rear ¦ 1 x audio line-in ( mini-phone stereo 3.5 mm ) - rear ¦ 1 x digital audio output (optical) ( TOSLINK ) - rear ¦ 1 x USB 2.0 ( 4 pin USB Type A ) - side ¦ 1 x HDMI input ( 19 pin HDMI Type A ) - rear ¦ 2 x HDMI input ( 19 pin HDMI Type A ) - side ¦ 1 x network ( RJ-45 ) - rear ¦ 1 x composite video input - rear ¦ 2 x component video input ( RCA phono x 3 ) - rear ¦ 2 x audio input ( RCA phono x 2 ) - rear","glossaryId":0,"attrDisplayName":"Connector Type"},{"itemID":20549811,"groupName":"Power","groupDisplayOrder":7,"contentProviderId":3,"attributeName":"Power Device","attributeDisplayOrder":1,"attributeValue":"Power supply","glossaryId":0,"attrDisplayName":"Power Device"},{"itemID":20549811,"groupName":"Power","groupDisplayOrder":7,"contentProviderId":3,"attributeName":"Power Consumption Stand by / Sleep","attributeDisplayOrder":3,"attributeValue":"0.3 Watt","glossaryId":0,"attrDisplayName":"Power Consumption Stand by / Sleep"},{"itemID":20549811,"groupName":"General","groupDisplayOrder":9,"contentProviderId":3,"attributeName":"Product Type","attributeDisplayOrder":1,"attributeValue":"LCD TV","glossaryId":0,"attrDisplayName":"Product Type"},{"itemID":20549811,"groupName":"General","groupDisplayOrder":9,"contentProviderId":3,"attributeName":"TV Tuner","attributeDisplayOrder":2,"attributeValue":"1x analog/digital combo","glossaryId":0,"attrDisplayName":"TV Tuner"},{"itemID":20549811,"groupName":"General","groupDisplayOrder":9,"contentProviderId":3,"attributeName":"PC Interface","attributeDisplayOrder":3,"attributeValue":"VGA (HD-15)","glossaryId":0,"attrDisplayName":"PC Interface"},{"itemID":20549811,"groupName":"General","groupDisplayOrder":9,"contentProviderId":3,"attributeName":"Width","attributeDisplayOrder":4,"attributeValue":"44.5 in","glossaryId":0,"attrDisplayName":"Width"},{"itemID":20549811,"groupName":"General","groupDisplayOrder":9,"contentProviderId":3,"attributeName":"Depth","attributeDisplayOrder":5,"attributeValue":"3 in","glossaryId":0,"attrDisplayName":"Depth"},{"itemID":20549811,"groupName":"General","groupDisplayOrder":9,"contentProviderId":3,"attributeName":"Height","attributeDisplayOrder":6,"attributeValue":"27.4 in","glossaryId":0,"attrDisplayName":"Height"},{"itemID":20549811,"groupName":"General","groupDisplayOrder":9,"contentProviderId":3,"attributeName":"Weight","attributeDisplayOrder":7,"attributeValue":"38.1 lbs","glossaryId":0,"attrDisplayName":"Weight"},{"itemID":20549811,"groupName":"General","groupDisplayOrder":9,"contentProviderId":3,"attributeName":"HDCP Compatible","attributeDisplayOrder":13,"attributeValue":"Yes","glossaryId":0,"attrDisplayName":"HDCP Compatible"},{"itemID":20549811,"groupName":"Dimensions & Weight Details","groupDisplayOrder":20,"contentProviderId":3,"attributeName":"Dimensions & Weight Details","attributeDisplayOrder":1,"attributeValue":"Panel without stand - 44.5 in x 3 in x 27.4 in x 38.1 lbs ¦ Panel with stand - 44.5 in x 10.4 in x 30 in x 41.9 lbs","glossaryId":0,"attrDisplayName":"Dimensions & Weight Details"},{"itemID":20549811,"groupName":"Network & Internet Multimedia","groupDisplayOrder":30,"contentProviderId":3,"attributeName":"Connectivity","attributeDisplayOrder":2,"attributeValue":"Wired","glossaryId":0,"attrDisplayName":"Connectivity"}],"sellers":{"0":{"itemId":20549811,"sellerId":0,"sellerTypeId":1,"sellerName":"Walmart.com","currentItemPrice":998.0,"vendorItemNum":"47CM565","weight":52.7,"wrapCode":0,"maximumItems":5,"baseItemPrice":998.0,"stockWaterMark":1,"displayStatus":3,"tagCode":0,"baseSuggPrice":999.99,"packingSlipCode":0,"minPrice":598.0,"maxPrice":598.0,"priceChangeCode":0,"productTaxCode":"PTG9","rebateAmount":-9.223372036854776E18,"rebateTargetURL":null,"shippingDimX":31.9,"shippingDimY":48.4,"shippingDimZ":7.5,"s2SE":true,"sellerItemFlags":null,"freeReturns":false,"shipAlone":false,"remapToItemId":-9223372036854775808,"remapAction":null,"promotionDiscount":-9.223372036854776E18,"promotionMessageType":"","minPromotionAmount":-9.223372036854776E18,"maxPromotionAmount":-9.223372036854776E18,"fedExEligible":false,"smallFormatEligible":false,"thresholdShippingEligible":false,"isS2SOnly":false,"tweTaxCode":"2042535","shippingTaxCode":"2038346","giftWrapTaxCode":"2038857","ppu":-9.223372036854776E18,"fromPPU":-9.223372036854776E18,"contributesToThreshold":false,"isPIPEligible":"Y","checksum":-1,"freeShipping":false,"itemEligibleForFedEx":false,"is97CentShipping":false,"hasRebateLink":false,"storePickupable":true,"submapCode":0,"97CentShipping":false,"shippingDimensionX":31.9,"shippingDimensionY":48.4,"shippingDimensionZ":7.5,"employeeDiscountable":true,"combinedThresholdEligible":false,"availableShippingOfferCodes":null,"isFreeShipping":false}},"ppueligible":false,"uom":null,"unitCount":"0","itemFlags":null,"originalBaseUpc":"0071919258401","imageThumbnailURL":"http://i.walmartimages.com/i/p/00/71/91/92/58/0071919258401_60X60.gif","electronicDelivery":false,"productImageUrl":"http://i.walmartimages.com/i/p/00/71/91/92/58/0071919258401_215X215.jpg","hazardMaterial":false,"media":false,"specialPricing":null,"rebate":false,"putEligible":true,"imagePostCardURL":"http://i.walmartimages.com/i/p/00/71/91/92/58/0071919258401_150X150.jpg"}]