[{"genericContent":{"itemId":20746254,"sourceId":2,"rank":1,"itemName":"Sceptre 40 Class 1080p LCD HDTV with pair of Wireless Headphones","itemShortName":null,"shortDescription":"This bundle includes: <li>Sceptre 40 class 1080p LCD HDTV<li> Wireless Headphones <p>","longDescription":"<strong>Sceptre 40 Class (39\" viewable)&nbsp;LCD 1080p 60Hz HDTV, X409BV-FHD:</strong><br />\n<dl>\n<li>39\" LCD panel</li>\n</dl>\n\nWith a 1920 x 1080 Full HD resolution\n<li>True 16:9 aspect ratio</li>\n<br />\nView your movies as the director intended\n<li>Built-in digital tuner</li>\n<br />\nWatch digital broadcasts, including HDTV programs where available\n<li>8 ms response time</li>\n<br />\nQuick response time for a great picture\n<li>90,000:1 Dynamic Contrast Ratio </li>\n<li>HDMI Inputs: 3</li>\n<br />\nEnjoy a superior HD experience with HDMI one cable solution\n<li>39\" screen measured diagonally from corner to corner</li>\n<li>Wall mountable</li>\n<li>USB port</li>\n<br />\nAllows you to play your music and view photos<p><br><b>Sly Electronics Wireless Earphone, SLH180W:</b><ul><li>Wireless reception from any electrical device with audio outputs<li>Enjoy TV programming through the wireless headphone without disturbing others<li>Listen to FM radio through the earphones<li>Effective Range: Over 25'<li>Reception through walls and other obstacles<li>Bass speaker to simulate surround sound<li>Used in conjunction with SLH200W transmitter (sold separately)</ul>","shelfDescription":"This bundle includes: <li>Sceptre 40 class 1080p LCD HDTV<li> Wireless Headphones ","mfgNo":null,"modelNum":null,"dimensionX":-9.223372036854776E18,"dimensionY":-9.223372036854776E18,"dimensionZ":-9.223372036854776E18,"platform":null,"supplierWarranty":null,"warrantyLength":null,"assembledCountryOfOrigin":null,"componentsCountryOfOrigin":null,"accessoriesIncluded":null,"accessoriesNotIncluded":null,"ageRange":null,"gender":null,"rating":null,"attributeValue1":null,"attributeValue2":null,"attributeValue3":null,"attributeName1":null,"attributeName2":null,"attributeName3":null,"brandName":null,"manufacturerName":null,"alternateViews":null,"imageId":-9223372036854775808,"addlWarnMsgA":null,"addlWarnMsgB":null,"altWarnMsg":"N","panZoomId":2,"hasMatureContent":false,"attributeType1":null,"attributeUISetting1":null,"attributeRanking1":1,"attributeType2":null,"attributeUISetting2":null,"attributeRanking2":1,"attributeType3":null,"attributeUISetting3":null,"attributeRanking3":1,"attribute1_order":3,"attribute2_order":3,"attribute3_order":3,"partnerId":-1,"originalBaseUPC":"1113007736308","variantAttrData":null,"logoImage":"http://i.walmartimages.com/i/icon/-9/22/33/72/03/-9223372036854775808_100X60.gif","attributeData":[]},"alternateImageData":[],"id":20746254,"comparable":false,"upc":"1113007736308","customerRatingUrl":null,"partnerId":-1,"itemAttributes":[],"sellers":{"0":{"itemId":20746254,"sellerId":0,"sellerTypeId":1,"sellerName":"Walmart.com","currentItemPrice":299.0,"vendorItemNum":null,"weight":34.0,"wrapCode":0,"maximumItems":5,"baseItemPrice":289.0,"stockWaterMark":0,"displayStatus":1,"tagCode":0,"baseSuggPrice":429.99,"packingSlipCode":0,"minPrice":299.0,"maxPrice":299.0,"priceChangeCode":5,"productTaxCode":null,"rebateAmount":-9.223372036854776E18,"rebateTargetURL":null,"shippingDimX":30.5,"shippingDimY":43.4,"shippingDimZ":10.8,"s2SE":false,"sellerItemFlags":null,"freeReturns":false,"shipAlone":false,"remapToItemId":-9223372036854775808,"remapAction":null,"promotionDiscount":-9.223372036854776E18,"promotionMessageType":"","minPromotionAmount":-9.223372036854776E18,"maxPromotionAmount":-9.223372036854776E18,"fedExEligible":false,"smallFormatEligible":true,"thresholdShippingEligible":false,"isS2SOnly":false,"tweTaxCode":null,"shippingTaxCode":"2038346","giftWrapTaxCode":"2038857","ppu":-9.223372036854776E18,"fromPPU":-9.223372036854776E18,"contributesToThreshold":false,"isPIPEligible":"Y","checksum":-1,"freeShipping":false,"itemEligibleForFedEx":false,"is97CentShipping":false,"hasRebateLink":false,"storePickupable":true,"submapCode":0,"97CentShipping":false,"shippingDimensionX":30.5,"shippingDimensionY":43.4,"shippingDimensionZ":10.8,"employeeDiscountable":true,"combinedThresholdEligible":false,"availableShippingOfferCodes":null,"isFreeShipping":false}},"ppueligible":false,"uom":null,"unitCount":"0","itemFlags":null,"originalBaseUpc":"1113007736308","imageThumbnailURL":"http://i.walmartimages.com/i/p/11/13/00/77/36/1113007736308_60X60.gif","electronicDelivery":false,"productImageUrl":"http://i.walmartimages.com/i/p/11/13/00/77/36/1113007736308_215X215.jpg","hazardMaterial":false,"media":false,"specialPricing":null,"rebate":false,"putEligible":false,"imagePostCardURL":"http://i.walmartimages.com/i/p/11/13/00/77/36/1113007736308_150X150.jpg"}]