[{"genericContent":{"itemId":20854605,"sourceId":3,"rank":1,"itemName":"Mitsubishi 73\" Class 3D DLP 1080p HDTV with StreamTV Internet Media, WD-73742","itemShortName":null,"shortDescription":"With picture performance that outpaces today's smaller flat panels, the Mitsubishi 73\" DLP TV offers a larger than life, intensely vivid 2D and fully immersive 3D viewing experience. In a large 73\" class screen size, this Mitsubishi 73\" 3D television delivers incredible picture performance at an exceptional value and completely defines the large-screen 3D entertainment category.<br><br><b>Note:</b> You must have a source of HD programming in order to take full advantage of the Mitsubishi 73\" DLP TV. Contact your local cable or satellite TV service provider for details on how to upgrade.","longDescription":"<br><b>Mitsubishi 73\" 1080p HDTV with StreamTV Internet Media, WD-73742:</b><ul><li>73\" LCD panel<br>With 1920 x 1080 full-HD resolution<li>True 16:9 aspect ratio<br>View your movies as the director intended<li>Built-in digital tuner<br>Watch digital broadcasts, including HDTV programs where available, on this Mitsubishi 73\" DLP TV<li>HDMI Inputs: 3<br>Enjoy a superior HD experience with HDMI, the one-cable audio/video solution<li>73\" screen of this Mitsubishi 3D HDTV is measured diagonally from corner to corner<li>3D technology<br>Enjoy 3D movies<li>StreamTV Internet Media<br>Stream VUDU Apps and other Internet content</ul><br><b>ENERGY STAR<sup>&reg;</sup></b><br>Products that are ENERGY STAR-qualified prevent greenhouse gas emissions by meeting strict energy efficiency guidelines set by the U.S. Environmental Protection Agency and the U.S. Department of Energy. The ENERGY STAR name and marks are registered marks owned by the U.S. government, as part of their energy efficiency and environmental activities.","shelfDescription":"<li>73\" diagonal screen size<li>HDMI Inputs: 3<li>Not wall mountable<li>StreamTV Internet Media","mfgNo":"WD-73742","modelNum":"Mitsubishi WD-73742","dimensionX":43.6,"dimensionY":65.2,"dimensionZ":17.9,"platform":null,"supplierWarranty":"1 Year Warranty","warrantyLength":"1 Year","assembledCountryOfOrigin":"USA or Imported","componentsCountryOfOrigin":"USA or Imported","accessoriesIncluded":null,"accessoriesNotIncluded":null,"ageRange":null,"gender":null,"rating":null,"attributeValue1":null,"attributeValue2":null,"attributeValue3":null,"attributeName1":null,"attributeName2":null,"attributeName3":null,"brandName":"Mitsubishi","manufacturerName":"Mitsubishi International","alternateViews":"4","imageId":-9223372036854775808,"addlWarnMsgA":null,"addlWarnMsgB":null,"altWarnMsg":"N","panZoomId":2,"hasMatureContent":false,"attributeType1":null,"attributeUISetting1":null,"attributeRanking1":1,"attributeType2":null,"attributeUISetting2":null,"attributeRanking2":1,"attributeType3":null,"attributeUISetting3":null,"attributeRanking3":1,"attribute1_order":3,"attribute2_order":3,"attribute3_order":3,"partnerId":-1,"originalBaseUPC":"0008240003289","variantAttrData":null,"logoImage":"http://i.walmartimages.com/i/icon/-9/22/33/72/03/-9223372036854775808_100X60.gif","attributeData":[]},"alternateImageData":[{"imageSrc":"http://i.walmartimages.com/i/p/00/08/24/00/03/0008240003289_60X60.gif","lgImageSrc":"http://i.walmartimages.com/i/p/00/08/24/00/03/0008240003289_500X500.jpg","name":null},{"imageSrc":"http://i.walmartimages.com/i/p/00/08/24/00/03/0008240003289_AV_60X60.gif","lgImageSrc":"http://i.walmartimages.com/i/p/00/08/24/00/03/0008240003289_AV_500X500.jpg","name":null},{"imageSrc":"http://i.walmartimages.com/i/p/00/08/24/00/03/0008240003289_AV1_60X60.gif","lgImageSrc":"http://i.walmartimages.com/i/p/00/08/24/00/03/0008240003289_AV1_500X500.jpg","name":null},{"imageSrc":"http://i.walmartimages.com/i/p/00/08/24/00/03/0008240003289_AV2_60X60.gif","lgImageSrc":"http://i.walmartimages.com/i/p/00/08/24/00/03/0008240003289_AV2_500X500.jpg","name":null},{"imageSrc":"http://i.walmartimages.com/i/p/00/08/24/00/03/0008240003289_AV3_60X60.gif","lgImageSrc":"http://i.walmartimages.com/i/p/00/08/24/00/03/0008240003289_AV3_500X500.jpg","name":null}],"id":20854605,"comparable":true,"upc":"0008240003289","customerRatingUrl":"http://www.walmart.com/i/CustRating/3_6.gif","partnerId":-1,"itemAttributes":[{"itemID":20854605,"groupName":"Display","groupDisplayOrder":1,"contentProviderId":3,"attributeName":"Image Aspect Ratio","attributeDisplayOrder":1,"attributeValue":"16:9","glossaryId":0,"attrDisplayName":"Image Aspect Ratio"},{"itemID":20854605,"groupName":"Display","groupDisplayOrder":1,"contentProviderId":3,"attributeName":"Widescreen Modes","attributeDisplayOrder":3,"attributeValue":"Conventional 4:3","glossaryId":0,"attrDisplayName":"Widescreen Modes"},{"itemID":20854605,"groupName":"Display","groupDisplayOrder":1,"contentProviderId":3,"attributeName":"Additional Features","attributeDisplayOrder":7,"attributeValue":"Video noise reduction, 6 Base-Colours Management, Plush1080p, Deep Color, 2D plus Depth, StreameTV Internet Media, iPhone/iPad/iTouch Remote Control App, Advanced Video Calibration","glossaryId":0,"attrDisplayName":"Additional Features"},{"itemID":20854605,"groupName":"Display","groupDisplayOrder":1,"contentProviderId":3,"attributeName":"Projection Display Technology","attributeDisplayOrder":10,"attributeValue":"DLP","glossaryId":0,"attrDisplayName":"Projection Display Technology"},{"itemID":20854605,"groupName":"Display","groupDisplayOrder":1,"contentProviderId":3,"attributeName":"Display Format","attributeDisplayOrder":11,"attributeValue":"1080p (FullHD)","glossaryId":0,"attrDisplayName":"Display Format"},{"itemID":20854605,"groupName":"Display","groupDisplayOrder":1,"contentProviderId":3,"attributeName":"Resolution","attributeDisplayOrder":12,"attributeValue":"1920 x 1080","glossaryId":0,"attrDisplayName":"Resolution"},{"itemID":20854605,"groupName":"Display","groupDisplayOrder":1,"contentProviderId":3,"attributeName":"Picture Adjustment","attributeDisplayOrder":16,"attributeValue":"Brilliant/Bright/Natural/Game","glossaryId":0,"attrDisplayName":"Picture Adjustment"},{"itemID":20854605,"groupName":"Video Features","groupDisplayOrder":3,"contentProviderId":3,"attributeName":"Input Video Formats","attributeDisplayOrder":4,"attributeValue":"480p, 720p, 1080i, 1080p, 480i","glossaryId":0,"attrDisplayName":"Input Video Formats"},{"itemID":20854605,"groupName":"Remote Control","groupDisplayOrder":4,"contentProviderId":3,"attributeName":"Type","attributeDisplayOrder":1,"attributeValue":"Remote control","glossaryId":0,"attrDisplayName":"Type"},{"itemID":20854605,"groupName":"Audio System","groupDisplayOrder":5,"contentProviderId":3,"attributeName":"Sound Output Mode","attributeDisplayOrder":1,"attributeValue":"Stereo","glossaryId":0,"attrDisplayName":"Sound Output Mode"},{"itemID":20854605,"groupName":"Audio System","groupDisplayOrder":5,"contentProviderId":3,"attributeName":"Surround Mode","attributeDisplayOrder":2,"attributeValue":"Yes","glossaryId":0,"attrDisplayName":"Surround Mode"},{"itemID":20854605,"groupName":"Audio System","groupDisplayOrder":5,"contentProviderId":3,"attributeName":"Output Power / Total","attributeDisplayOrder":6,"attributeValue":"20 Watt","glossaryId":0,"attrDisplayName":"Output Power / Total"},{"itemID":20854605,"groupName":"Audio System","groupDisplayOrder":5,"contentProviderId":3,"attributeName":"Additional Features","attributeDisplayOrder":7,"attributeValue":"Volume limiter","glossaryId":0,"attrDisplayName":"Additional Features"},{"itemID":20854605,"groupName":"Audio System","groupDisplayOrder":5,"contentProviderId":3,"attributeName":"Speaker(s)","attributeDisplayOrder":8,"attributeValue":"2 x right/left channel speaker - built-in - 10 Watt","glossaryId":0,"attrDisplayName":"Speaker(s)"},{"itemID":20854605,"groupName":"Connections","groupDisplayOrder":6,"contentProviderId":3,"attributeName":"Connector Type","attributeDisplayOrder":1,"attributeValue":"1 x composite video / component video input ( RCA phono x 3 ) - rear ¦ 1 x audio input ( RCA phono x 2 ) - rear ¦ 1 x SPDIF output ( RCA phono ) - rear ¦ 1 x audio input ( mini-phone stereo 3.5 mm ) - rear ¦ 1 x 3D glasses - rear ¦ 1 x antenna - rear ¦ 1 x Ethernet ( RJ-45 ) - rear ¦ 1 x USB ( 4 pin USB Type A ) - rear ¦ 3 x HDMI input ( 19 pin HDMI Type A ) - rear","glossaryId":0,"attrDisplayName":"Connector Type"},{"itemID":20854605,"groupName":"Power","groupDisplayOrder":7,"contentProviderId":3,"attributeName":"Power Device","attributeDisplayOrder":1,"attributeValue":"Power supply - internal","glossaryId":0,"attrDisplayName":"Power Device"},{"itemID":20854605,"groupName":"Power","groupDisplayOrder":7,"contentProviderId":3,"attributeName":"Power Consumption Stand by / Sleep","attributeDisplayOrder":3,"attributeValue":"0.93 Watt","glossaryId":0,"attrDisplayName":"Power Consumption Stand by / Sleep"},{"itemID":20854605,"groupName":"General","groupDisplayOrder":9,"contentProviderId":3,"attributeName":"Product Type","attributeDisplayOrder":1,"attributeValue":"Rear projection TV","glossaryId":0,"attrDisplayName":"Product Type"},{"itemID":20854605,"groupName":"General","groupDisplayOrder":9,"contentProviderId":3,"attributeName":"TV Tuner","attributeDisplayOrder":2,"attributeValue":"1x analog/digital combo","glossaryId":0,"attrDisplayName":"TV Tuner"},{"itemID":20854605,"groupName":"General","groupDisplayOrder":9,"contentProviderId":3,"attributeName":"Width","attributeDisplayOrder":4,"attributeValue":"65.4 in","glossaryId":0,"attrDisplayName":"Width"},{"itemID":20854605,"groupName":"General","groupDisplayOrder":9,"contentProviderId":3,"attributeName":"Depth","attributeDisplayOrder":5,"attributeValue":"17.9 in","glossaryId":0,"attrDisplayName":"Depth"},{"itemID":20854605,"groupName":"General","groupDisplayOrder":9,"contentProviderId":3,"attributeName":"Height","attributeDisplayOrder":6,"attributeValue":"43.7 in","glossaryId":0,"attrDisplayName":"Height"},{"itemID":20854605,"groupName":"General","groupDisplayOrder":9,"contentProviderId":3,"attributeName":"Weight","attributeDisplayOrder":7,"attributeValue":"75.6 lbs","glossaryId":0,"attrDisplayName":"Weight"},{"itemID":20854605,"groupName":"General","groupDisplayOrder":9,"contentProviderId":3,"attributeName":"Series","attributeDisplayOrder":8,"attributeValue":"742 Series","glossaryId":0,"attrDisplayName":"Series"},{"itemID":20854605,"groupName":"General","groupDisplayOrder":9,"contentProviderId":3,"attributeName":"Enclosure Color","attributeDisplayOrder":11,"attributeValue":"Platinum black","glossaryId":0,"attrDisplayName":"Enclosure Color"},{"itemID":20854605,"groupName":"General","groupDisplayOrder":9,"contentProviderId":3,"attributeName":"HDCP Compatible","attributeDisplayOrder":13,"attributeValue":"Yes","glossaryId":0,"attrDisplayName":"HDCP Compatible"},{"itemID":20854605,"groupName":"Network & Internet Multimedia","groupDisplayOrder":30,"contentProviderId":3,"attributeName":"Connectivity","attributeDisplayOrder":2,"attributeValue":"Wired","glossaryId":0,"attrDisplayName":"Connectivity"}],"sellers":{"0":{"itemId":20854605,"sellerId":0,"sellerTypeId":1,"sellerName":"Walmart.com","currentItemPrice":1599.99,"vendorItemNum":"3224273","weight":93.9,"wrapCode":0,"maximumItems":5,"baseItemPrice":1599.99,"stockWaterMark":0,"displayStatus":3,"tagCode":0,"baseSuggPrice":1599.99,"packingSlipCode":0,"minPrice":1599.99,"maxPrice":1599.99,"priceChangeCode":0,"productTaxCode":"PTG9","rebateAmount":-9.223372036854776E18,"rebateTargetURL":null,"shippingDimX":47.0,"shippingDimY":69.3,"shippingDimZ":23.2,"s2SE":false,"sellerItemFlags":null,"freeReturns":false,"shipAlone":false,"remapToItemId":-9223372036854775808,"remapAction":null,"promotionDiscount":-9.223372036854776E18,"promotionMessageType":"","minPromotionAmount":-9.223372036854776E18,"maxPromotionAmount":-9.223372036854776E18,"fedExEligible":false,"smallFormatEligible":false,"thresholdShippingEligible":false,"isS2SOnly":false,"tweTaxCode":"2042535","shippingTaxCode":"2038345","giftWrapTaxCode":"2038857","ppu":-9.223372036854776E18,"fromPPU":-9.223372036854776E18,"contributesToThreshold":false,"isPIPEligible":"Y","checksum":-1,"freeShipping":false,"itemEligibleForFedEx":false,"is97CentShipping":false,"hasRebateLink":false,"storePickupable":false,"submapCode":0,"97CentShipping":false,"shippingDimensionX":47.0,"shippingDimensionY":69.3,"shippingDimensionZ":23.2,"employeeDiscountable":true,"combinedThresholdEligible":false,"availableShippingOfferCodes":null,"isFreeShipping":false}},"ppueligible":false,"uom":null,"unitCount":"0","itemFlags":null,"originalBaseUpc":"0008240003289","imageThumbnailURL":"http://i.walmartimages.com/i/p/00/08/24/00/03/0008240003289_60X60.gif","electronicDelivery":false,"productImageUrl":"http://i.walmartimages.com/i/p/00/08/24/00/03/0008240003289_215X215.jpg","hazardMaterial":false,"media":false,"specialPricing":null,"rebate":false,"putEligible":false,"imagePostCardURL":"http://i.walmartimages.com/i/p/00/08/24/00/03/0008240003289_150X150.jpg"}]