[{"genericContent":{"itemId":20593807,"sourceId":2,"rank":1,"itemName":"Philips 32\" Class LED 720p 60Hz HDTV, (2.7\" ultra-slim) 32PFL4507/F7","itemShortName":null,"shortDescription":"Get sleek styling with touch sensor controls from the Philips 32\" Class LED 720p 60Hz HDTV, 32PFL4507/F7. With the ultimate in sharpness, detail and vivid colors, your favorite shows will look better in Philips LED brilliance. It provides seamless connectivity with three HDMI inputs and Easylink A USB port offers fantastic multimedia playback. A PC input allows you to use your TV as a PC monitor. Picture setting is made fast and easy with Setting Assistant and auto picture mode for an optimized viewing experience. The sensor controls are conveniently located. <br><br><b>Note:</b> You must have a source of HD programming in order to take full advantage of the Philips 32\" HDTV. Contact your local cable or satellite TV provider for details on how to upgrade.","longDescription":"<br><b>Philips 32\" Class LED 720p 60Hz HDTV, 32PFL4507/F7:</b><ul><li>32\" LED panel<br>With a 1366 x 768 Full HD resolution<li>True 16:9 aspect ratio<br>View your movies as the director intended<li>Wide 178-degree vertical and 178-degree horizontal angles<br>See a clear picture from anywhere in the room<li>Built-in digital tuner<br>Watch digital broadcasts, including HDTV programs where available<li>High brightness of 300cd/m2 with 8 ms response time<br>Place your TV anywhere<li>1,100:1 contrast ratio<li>HDMI Inputs: 3<br>Enjoy a superior HD experience with HDMI one cable solution<li>31.5\" screen measured diagonally from corner to corner<li>Wall mountable<br>VESA standard 200mm x 100mm<li>USB port<br>Play music and show photos from USB storage devices</ul><br><b>ENERGY STAR<sup>&reg;</sup></b><br>Products that are ENERGY STAR-qualified prevent greenhouse gas emissions by meeting strict energy efficiency guidelines set by the U.S. Environmental Protection Agency and the U.S. Department of Energy. The ENERGY STAR name and marks are registered marks owned by the U.S. government, as part of their energy efficiency and environmental activities.","shelfDescription":"<li>31.5\" diagonal screen size<li>HDMI Inputs: 3<li>Wall mountable<li>USB port","mfgNo":"32PFL4507/F7","modelNum":"32PFL4507/F7","dimensionX":18.39,"dimensionY":2.7,"dimensionZ":29.78,"platform":null,"supplierWarranty":"90 Day Manufacturer Warranty","warrantyLength":"90 Days","assembledCountryOfOrigin":"USA or Imported","componentsCountryOfOrigin":"USA or Imported","accessoriesIncluded":null,"accessoriesNotIncluded":null,"ageRange":null,"gender":null,"rating":null,"attributeValue1":null,"attributeValue2":null,"attributeValue3":null,"attributeName1":null,"attributeName2":null,"attributeName3":null,"brandName":"Philips","manufacturerName":"Philips","alternateViews":"1","imageId":-9223372036854775808,"addlWarnMsgA":null,"addlWarnMsgB":null,"altWarnMsg":"N","panZoomId":2,"hasMatureContent":false,"attributeType1":null,"attributeUISetting1":null,"attributeRanking1":1,"attributeType2":null,"attributeUISetting2":null,"attributeRanking2":1,"attributeType3":null,"attributeUISetting3":null,"attributeRanking3":1,"attribute1_order":3,"attribute2_order":3,"attribute3_order":3,"partnerId":-1,"originalBaseUPC":"0060958522320","variantAttrData":null,"logoImage":"http://i.walmartimages.com/i/icon/-9/22/33/72/03/-9223372036854775808_100X60.gif","attributeData":[]},"alternateImageData":[{"imageSrc":"http://i.walmartimages.com/i/p/00/60/95/85/22/0060958522320_60X60.gif","lgImageSrc":"http://i.walmartimages.com/i/p/00/60/95/85/22/0060958522320_500X500.jpg","name":null},{"imageSrc":"http://i.walmartimages.com/i/p/00/60/95/85/22/0060958522320_AV_60X60.gif","lgImageSrc":"http://i.walmartimages.com/i/p/00/60/95/85/22/0060958522320_AV_500X500.jpg","name":null}],"id":20593807,"comparable":true,"upc":"0060958522320","customerRatingUrl":null,"partnerId":-1,"itemAttributes":[{"itemID":20593807,"groupName":"Additional Specifications","groupDisplayOrder":34,"contentProviderId":2,"attributeName":"Brightness","attributeDisplayOrder":36,"attributeValue":"300 cd/m2","glossaryId":0,"attrDisplayName":"Brightness"},{"itemID":20593807,"groupName":"Additional Specifications","groupDisplayOrder":34,"contentProviderId":2,"attributeName":"Contrast Ratio","attributeDisplayOrder":37,"attributeValue":"1,100:1","glossaryId":0,"attrDisplayName":"Contrast Ratio"},{"itemID":20593807,"groupName":"Additional Specifications","groupDisplayOrder":34,"contentProviderId":2,"attributeName":"Remote Included","attributeDisplayOrder":40,"attributeValue":"Yes","glossaryId":0,"attrDisplayName":"Remote Included"},{"itemID":20593807,"groupName":"Additional Specifications","groupDisplayOrder":34,"contentProviderId":2,"attributeName":"Resolution","attributeDisplayOrder":41,"attributeValue":"720p (HDTV)","glossaryId":0,"attrDisplayName":"Resolution"},{"itemID":20593807,"groupName":"Additional Specifications","groupDisplayOrder":34,"contentProviderId":2,"attributeName":"Response Time","attributeDisplayOrder":42,"attributeValue":"8 ms","glossaryId":0,"attrDisplayName":"Response Time"},{"itemID":20593807,"groupName":"Additional Specifications","groupDisplayOrder":34,"contentProviderId":2,"attributeName":"Tv Definition","attributeDisplayOrder":44,"attributeValue":"HDTV","glossaryId":0,"attrDisplayName":"Tv Definition"},{"itemID":20593807,"groupName":"Additional Specifications","groupDisplayOrder":34,"contentProviderId":2,"attributeName":"Tv Technology","attributeDisplayOrder":45,"attributeValue":"LED","glossaryId":0,"attrDisplayName":"Tv Technology"},{"itemID":20593807,"groupName":"Additional Specifications","groupDisplayOrder":34,"contentProviderId":2,"attributeName":"Primary Color","attributeDisplayOrder":171,"attributeValue":"Black","glossaryId":0,"attrDisplayName":"Primary Color"},{"itemID":20593807,"groupName":"Additional Specifications","groupDisplayOrder":34,"contentProviderId":2,"attributeName":"Multi Pack Indicator","attributeDisplayOrder":180,"attributeValue":"No","glossaryId":0,"attrDisplayName":"Multi Pack Indicator"},{"itemID":20593807,"groupName":"Additional Specifications","groupDisplayOrder":34,"contentProviderId":2,"attributeName":"Battery Type","attributeDisplayOrder":184,"attributeValue":"Alkaline","glossaryId":0,"attrDisplayName":"Battery Type"}],"sellers":{"0":{"itemId":20593807,"sellerId":0,"sellerTypeId":1,"sellerName":"Walmart.com","currentItemPrice":268.0,"vendorItemNum":"32PFL4507/F7","weight":19.8,"wrapCode":0,"maximumItems":5,"baseItemPrice":269.98,"stockWaterMark":0,"displayStatus":1,"tagCode":0,"baseSuggPrice":349.99,"packingSlipCode":0,"minPrice":279.0,"maxPrice":279.0,"priceChangeCode":5,"productTaxCode":"PTG8","rebateAmount":-9.223372036854776E18,"rebateTargetURL":null,"shippingDimX":20.89,"shippingDimY":5.28,"shippingDimZ":33.23,"s2SE":true,"sellerItemFlags":null,"freeReturns":false,"shipAlone":false,"remapToItemId":-9223372036854775808,"remapAction":null,"promotionDiscount":-9.223372036854776E18,"promotionMessageType":"","minPromotionAmount":-9.223372036854776E18,"maxPromotionAmount":-9.223372036854776E18,"fedExEligible":false,"smallFormatEligible":false,"thresholdShippingEligible":false,"isS2SOnly":false,"tweTaxCode":"2042529","shippingTaxCode":"2038346","giftWrapTaxCode":"2038857","ppu":-9.223372036854776E18,"fromPPU":-9.223372036854776E18,"contributesToThreshold":false,"isPIPEligible":"Y","checksum":-1,"freeShipping":false,"itemEligibleForFedEx":false,"is97CentShipping":false,"hasRebateLink":false,"storePickupable":true,"submapCode":0,"97CentShipping":false,"shippingDimensionX":20.89,"shippingDimensionY":5.28,"shippingDimensionZ":33.23,"employeeDiscountable":true,"combinedThresholdEligible":false,"availableShippingOfferCodes":null,"isFreeShipping":false}},"ppueligible":false,"uom":null,"unitCount":"0","itemFlags":null,"originalBaseUpc":"0060958522320","imageThumbnailURL":"http://i.walmartimages.com/i/p/00/60/95/85/22/0060958522320_60X60.gif","electronicDelivery":false,"productImageUrl":"http://i.walmartimages.com/i/p/00/60/95/85/22/0060958522320_215X215.jpg","hazardMaterial":false,"media":false,"specialPricing":null,"rebate":false,"putEligible":false,"imagePostCardURL":"http://i.walmartimages.com/i/p/00/60/95/85/22/0060958522320_150X150.jpg"}]