[{"genericContent":{"itemId":20524924,"sourceId":3,"rank":1,"itemName":"Haier 46\" Class LED-LCD 1080p 60Hz HDTV, (1.77\" ultra-slim) LE46B1381","itemShortName":null,"shortDescription":"The 46\" Haier LE46B1381 Class LED-LCD 1080p 60Hz HDTV provides a sharp, clear picture and rock-solid reliability in an ultra-slim design. Multiple high definition inputs make connecting a variety of high definition devices, like a Blu-ray player or HD video game console, easier than ever on the Haier LED-LCD HDTV. The large screen makes this 1.77\" Ultra-Slim 46\" LED-LCD HDTV  perfect as the centerpiece of your home theater.<br>  <br> <strong>Note:</strong> You must have a source of HD programming in order to take full advantage of the 46\" Haier LED-LCD HDTV. Contact your local cable or satellite TV provider for details on how to upgrade.","longDescription":"<strong>Haier 46\" Class LED-LCD 1080p 60Hz HDTV, LE46B1381:</strong><ul><li>46\" LED panel</li></ul><br>With a 1920 x 1080 Full HD resolution<ul><li>True 16:9 aspect ratio</li></ul><br>View your movies as the director intended<ul><li>Wide 178-degree vertical and 178-degree horizontal angles</li></ul><br>See a clear picture from anywhere in the room<ul><li>Built-in digital tuner</li></ul><br>Watch digital broadcasts, including HDTV programs where available<ul><li>High brightness of 350 cd/m2 and 8 ms response time</li></ul><br>Haier LED-LCD HDTV has quick response time for a great picture<ul><li>HDMI Inputs: 3</li></ul><br>Enjoy a superior HD experience with HDMI one cable solution<ul><li>46\" screen measured diagonally from corner to corner</li><li>Wall mountable</li></ul><br> VESA standard 400mm x 400mm<br> <strong>ENERGY STAR<sup>&reg;</sup></strong><br> Products that are ENERGY STAR-qualified prevent greenhouse gas emissions by meeting strict energy efficiency guidelines set by the U.S. Environmental Protection Agency and the U.S. Department of Energy. The ENERGY STAR name and marks are registered marks owned by the U.S. government, as part of their energy efficiency and environmental activities.","shelfDescription":"<li>46\" diagonal screen size</li>\n<li>HDMI Inputs: 3</li>\n<li>Wall mountable</li>\n<li>Built-in digital tuner</li>","mfgNo":"LE46B1381","modelNum":"LE46B1381","dimensionX":26.77,"dimensionY":44.9,"dimensionZ":1.77,"platform":null,"supplierWarranty":"1 Year Limited Warranty","warrantyLength":null,"assembledCountryOfOrigin":"USA and Imported","componentsCountryOfOrigin":"USA and Imported","accessoriesIncluded":null,"accessoriesNotIncluded":null,"ageRange":null,"gender":null,"rating":null,"attributeValue1":null,"attributeValue2":null,"attributeValue3":null,"attributeName1":null,"attributeName2":null,"attributeName3":null,"brandName":"Haier","manufacturerName":"Haier","alternateViews":"5","imageId":-9223372036854775808,"addlWarnMsgA":null,"addlWarnMsgB":null,"altWarnMsg":"N","panZoomId":2,"hasMatureContent":false,"attributeType1":null,"attributeUISetting1":null,"attributeRanking1":1,"attributeType2":null,"attributeUISetting2":null,"attributeRanking2":1,"attributeType3":null,"attributeUISetting3":null,"attributeRanking3":1,"attribute1_order":3,"attribute2_order":3,"attribute3_order":3,"partnerId":-1,"originalBaseUPC":"0068805732729","variantAttrData":null,"logoImage":"http://i.walmartimages.com/i/icon/-9/22/33/72/03/-9223372036854775808_100X60.gif","attributeData":[]},"alternateImageData":[{"imageSrc":"http://i.walmartimages.com/i/p/00/68/80/57/32/0068805732729_60X60.gif","lgImageSrc":"http://i.walmartimages.com/i/p/00/68/80/57/32/0068805732729_500X500.jpg","name":null},{"imageSrc":"http://i.walmartimages.com/i/p/00/68/80/57/32/0068805732729_AV_60X60.gif","lgImageSrc":"http://i.walmartimages.com/i/p/00/68/80/57/32/0068805732729_AV_500X500.jpg","name":null},{"imageSrc":"http://i.walmartimages.com/i/p/00/68/80/57/32/0068805732729_AV1_60X60.gif","lgImageSrc":"http://i.walmartimages.com/i/p/00/68/80/57/32/0068805732729_AV1_500X500.jpg","name":null},{"imageSrc":"http://i.walmartimages.com/i/p/00/68/80/57/32/0068805732729_AV2_60X60.gif","lgImageSrc":"http://i.walmartimages.com/i/p/00/68/80/57/32/0068805732729_AV2_500X500.jpg","name":null},{"imageSrc":"http://i.walmartimages.com/i/p/00/68/80/57/32/0068805732729_AV3_60X60.gif","lgImageSrc":"http://i.walmartimages.com/i/p/00/68/80/57/32/0068805732729_AV3_500X500.jpg","name":null},{"imageSrc":"http://i.walmartimages.com/i/p/00/68/80/57/32/0068805732729_AV4_60X60.gif","lgImageSrc":"http://i.walmartimages.com/i/p/00/68/80/57/32/0068805732729_AV4_500X500.jpg","name":null}],"id":20524924,"comparable":true,"upc":"0068805732729","customerRatingUrl":"http://www.walmart.com/i/CustRating/3_7.gif","partnerId":-1,"itemAttributes":[{"itemID":20524924,"groupName":"Display","groupDisplayOrder":1,"contentProviderId":3,"attributeName":"Image Aspect Ratio","attributeDisplayOrder":1,"attributeValue":"16:9","glossaryId":0,"attrDisplayName":"Image Aspect Ratio"},{"itemID":20524924,"groupName":"Display","groupDisplayOrder":1,"contentProviderId":3,"attributeName":"Display Menu Language","attributeDisplayOrder":4,"attributeValue":"English, French, Spanish","glossaryId":0,"attrDisplayName":"Display Menu Language"},{"itemID":20524924,"groupName":"Display","groupDisplayOrder":1,"contentProviderId":3,"attributeName":"Comb Filter","attributeDisplayOrder":5,"attributeValue":"3D digital","glossaryId":0,"attrDisplayName":"Comb Filter"},{"itemID":20524924,"groupName":"Display","groupDisplayOrder":1,"contentProviderId":3,"attributeName":"Additional Features","attributeDisplayOrder":7,"attributeValue":"Sleep timer","glossaryId":0,"attrDisplayName":"Additional Features"},{"itemID":20524924,"groupName":"Display","groupDisplayOrder":1,"contentProviderId":3,"attributeName":"Display Format","attributeDisplayOrder":11,"attributeValue":"1080p (FullHD)","glossaryId":0,"attrDisplayName":"Display Format"},{"itemID":20524924,"groupName":"Display","groupDisplayOrder":1,"contentProviderId":3,"attributeName":"Resolution","attributeDisplayOrder":12,"attributeValue":"1920 x 1080","glossaryId":0,"attrDisplayName":"Resolution"},{"itemID":20524924,"groupName":"Display","groupDisplayOrder":1,"contentProviderId":3,"attributeName":"Viewing Angle","attributeDisplayOrder":13,"attributeValue":"178 degrees","glossaryId":0,"attrDisplayName":"Viewing Angle"},{"itemID":20524924,"groupName":"Display","groupDisplayOrder":1,"contentProviderId":3,"attributeName":"Viewing Angle (Vertical)","attributeDisplayOrder":14,"attributeValue":"178 degrees","glossaryId":0,"attrDisplayName":"Viewing Angle (Vertical)"},{"itemID":20524924,"groupName":"Display","groupDisplayOrder":1,"contentProviderId":3,"attributeName":"V-Chip Control","attributeDisplayOrder":15,"attributeValue":"Yes","glossaryId":0,"attrDisplayName":"V-Chip Control"},{"itemID":20524924,"groupName":"Display","groupDisplayOrder":1,"contentProviderId":3,"attributeName":"Brightness","attributeDisplayOrder":18,"attributeValue":"350 cd/m2","glossaryId":0,"attrDisplayName":"Brightness"},{"itemID":20524924,"groupName":"Video Features","groupDisplayOrder":3,"contentProviderId":3,"attributeName":"Input Video Formats","attributeDisplayOrder":4,"attributeValue":"1080p","glossaryId":0,"attrDisplayName":"Input Video Formats"},{"itemID":20524924,"groupName":"Remote Control","groupDisplayOrder":4,"contentProviderId":3,"attributeName":"Type","attributeDisplayOrder":1,"attributeValue":"Remote control","glossaryId":0,"attrDisplayName":"Type"},{"itemID":20524924,"groupName":"Audio System","groupDisplayOrder":5,"contentProviderId":3,"attributeName":"Sound Output Mode","attributeDisplayOrder":1,"attributeValue":"Stereo","glossaryId":0,"attrDisplayName":"Sound Output Mode"},{"itemID":20524924,"groupName":"Audio System","groupDisplayOrder":5,"contentProviderId":3,"attributeName":"Additional Features","attributeDisplayOrder":7,"attributeValue":"Auto Volume Leveller (AVL)","glossaryId":0,"attrDisplayName":"Additional Features"},{"itemID":20524924,"groupName":"Audio System","groupDisplayOrder":5,"contentProviderId":3,"attributeName":"Speaker(s)","attributeDisplayOrder":8,"attributeValue":"2 x speaker - built-in - 10 Watt","glossaryId":0,"attrDisplayName":"Speaker(s)"},{"itemID":20524924,"groupName":"Connections","groupDisplayOrder":6,"contentProviderId":3,"attributeName":"Connector Type","attributeDisplayOrder":1,"attributeValue":"3 x HDMI ( 19 pin HDMI Type A ) ¦ 1 x component video input ( RCA phono x 3 ) ¦ 1 x composite video input ( RCA phono ) ¦ 1 x VGA input ( 15 pin HD D-Sub (HD-15) ) ¦ 1 x USB ( 4 pin USB Type A ) ¦ 1 x headphones ( mini-phone stereo 3.5 mm ) ¦ 1 x digital audio output (coaxial) ( RCA phono )","glossaryId":0,"attrDisplayName":"Connector Type"},{"itemID":20524924,"groupName":"General","groupDisplayOrder":9,"contentProviderId":3,"attributeName":"Product Type","attributeDisplayOrder":1,"attributeValue":"LED-backlit LCD TV","glossaryId":0,"attrDisplayName":"Product Type"},{"itemID":20524924,"groupName":"General","groupDisplayOrder":9,"contentProviderId":3,"attributeName":"PC Interface","attributeDisplayOrder":3,"attributeValue":"VGA (HD-15)","glossaryId":0,"attrDisplayName":"PC Interface"},{"itemID":20524924,"groupName":"General","groupDisplayOrder":9,"contentProviderId":3,"attributeName":"Width","attributeDisplayOrder":4,"attributeValue":"44.1 in","glossaryId":0,"attrDisplayName":"Width"},{"itemID":20524924,"groupName":"General","groupDisplayOrder":9,"contentProviderId":3,"attributeName":"Depth","attributeDisplayOrder":5,"attributeValue":"1.8 in","glossaryId":0,"attrDisplayName":"Depth"},{"itemID":20524924,"groupName":"General","groupDisplayOrder":9,"contentProviderId":3,"attributeName":"Height","attributeDisplayOrder":6,"attributeValue":"26.8 in","glossaryId":0,"attrDisplayName":"Height"},{"itemID":20524924,"groupName":"General","groupDisplayOrder":9,"contentProviderId":3,"attributeName":"Weight","attributeDisplayOrder":7,"attributeValue":"35.7 lbs","glossaryId":0,"attrDisplayName":"Weight"},{"itemID":20524924,"groupName":"General","groupDisplayOrder":9,"contentProviderId":3,"attributeName":"Enclosure Color","attributeDisplayOrder":11,"attributeValue":"Black","glossaryId":0,"attrDisplayName":"Enclosure Color"},{"itemID":20524924,"groupName":"Dimensions & Weight Details","groupDisplayOrder":20,"contentProviderId":3,"attributeName":"Dimensions & Weight Details","attributeDisplayOrder":1,"attributeValue":"Panel without stand - 44.1 in x 1.8 in x 26.8 in x 35.7 lbs ¦ Panel with stand - 44.1 in x 10.2 in x 28.9 in x 42.8 lbs","glossaryId":0,"attrDisplayName":"Dimensions & Weight Details"},{"itemID":20524924,"groupName":"Digital TV Tuner","groupDisplayOrder":32,"contentProviderId":3,"attributeName":"Digital TV Tuner","attributeDisplayOrder":1,"attributeValue":"QAM","glossaryId":0,"attrDisplayName":"Digital TV Tuner"}],"sellers":{"0":{"itemId":20524924,"sellerId":0,"sellerTypeId":1,"sellerName":"Walmart.com","currentItemPrice":499.98,"vendorItemNum":"LE46B1381","weight":53.1,"wrapCode":0,"maximumItems":5,"baseItemPrice":489.98,"stockWaterMark":1,"displayStatus":3,"tagCode":0,"baseSuggPrice":699.98,"packingSlipCode":0,"minPrice":499.98,"maxPrice":499.98,"priceChangeCode":5,"productTaxCode":"PTG9","rebateAmount":-9.223372036854776E18,"rebateTargetURL":null,"shippingDimX":30.07,"shippingDimY":51.97,"shippingDimZ":5.91,"s2SE":true,"sellerItemFlags":null,"freeReturns":false,"shipAlone":false,"remapToItemId":-9223372036854775808,"remapAction":null,"promotionDiscount":-9.223372036854776E18,"promotionMessageType":"","minPromotionAmount":-9.223372036854776E18,"maxPromotionAmount":-9.223372036854776E18,"fedExEligible":false,"smallFormatEligible":false,"thresholdShippingEligible":false,"isS2SOnly":false,"tweTaxCode":"2042535","shippingTaxCode":"2038346","giftWrapTaxCode":"2038857","ppu":-9.223372036854776E18,"fromPPU":-9.223372036854776E18,"contributesToThreshold":false,"isPIPEligible":"Y","checksum":-1,"freeShipping":false,"itemEligibleForFedEx":false,"is97CentShipping":false,"hasRebateLink":false,"storePickupable":true,"submapCode":0,"97CentShipping":false,"shippingDimensionX":30.07,"shippingDimensionY":51.97,"shippingDimensionZ":5.91,"employeeDiscountable":true,"combinedThresholdEligible":false,"availableShippingOfferCodes":null,"isFreeShipping":false}},"ppueligible":false,"uom":null,"unitCount":"0","itemFlags":null,"originalBaseUpc":"0068805732729","imageThumbnailURL":"http://i.walmartimages.com/i/p/00/68/80/57/32/0068805732729_60X60.gif","electronicDelivery":false,"productImageUrl":"http://i.walmartimages.com/i/p/00/68/80/57/32/0068805732729_215X215.jpg","hazardMaterial":false,"media":false,"specialPricing":null,"rebate":false,"putEligible":false,"imagePostCardURL":"http://i.walmartimages.com/i/p/00/68/80/57/32/0068805732729_150X150.jpg"}]