[{"genericContent":{"itemId":20452171,"sourceId":3,"rank":1,"itemName":"Sharp 46\" Class LED 1080p 120Hz HDTV,(1.7\" ultra-slim) LC46LE540U","itemShortName":null,"shortDescription":"The Sharp 46\" LED TV, LC46LE540U features full-HD resolution for amazing picture and AQUOS LED 120Hz technology for brighter, sharper images. Built-in Wi-Fi lets you access popular apps, stream movies or listen to Internet radio stations right from your Sharp 46\" television.<br><br><b>Note:</b> You must have a source of HD programming in order to take full advantage of the Sharp 46\" LED TV. Contact your local cable or satellite TV service provider for details on how to upgrade.","longDescription":"<br><b>Sharp 46\" 1080p HDTV, 120Hz, LC46LE540U:</b><ul><li>46\" LED panel<br>With 1920 x 1080 full HD resolution<li>True 16:9 aspect ratio<br>View your movies as the director intended on this Sharp 46\" LED TV<li>Built-in digital tuner<br>Watch digital broadcasts, including HDTV programs where available<li>HDMI Inputs: 4<br>Enjoy a superior HD experience with the HDMI one-cable solution<li>46\" screen measured diagonally from corner to corner<li>Built-in Wi-Fi<br>Access popular apps or stream movies and music from your TV</ul><br><b>ENERGY STAR<sup>&reg;</sup></b><br>Products that are ENERGY STAR-qualified prevent greenhouse gas emissions by meeting strict energy efficiency guidelines set by the U.S. Environmental Protection Agency and the U.S. Department of Energy. The ENERGY STAR name and marks are registered marks owned by the U.S. government, as part of their energy efficiency and environmental activities.","shelfDescription":"<li>46\" diagonal screen size<li>HDMI Inputs: 4<li>Built-in WiFi","mfgNo":"LC46LE540U","modelNum":"LC46LE540U","dimensionX":28.13,"dimensionY":42.95,"dimensionZ":10.25,"platform":null,"supplierWarranty":"1 Year Limited Warranty","warrantyLength":null,"assembledCountryOfOrigin":"Imported","componentsCountryOfOrigin":"Imported","accessoriesIncluded":null,"accessoriesNotIncluded":null,"ageRange":null,"gender":null,"rating":null,"attributeValue1":null,"attributeValue2":null,"attributeValue3":null,"attributeName1":null,"attributeName2":null,"attributeName3":null,"brandName":"Sharp","manufacturerName":"Sharp","alternateViews":"2","imageId":-9223372036854775808,"addlWarnMsgA":null,"addlWarnMsgB":null,"altWarnMsg":"N","panZoomId":2,"hasMatureContent":false,"attributeType1":null,"attributeUISetting1":null,"attributeRanking1":1,"attributeType2":null,"attributeUISetting2":null,"attributeRanking2":1,"attributeType3":null,"attributeUISetting3":null,"attributeRanking3":1,"attribute1_order":3,"attribute2_order":3,"attribute3_order":3,"partnerId":-1,"originalBaseUPC":"0007400037337","variantAttrData":null,"logoImage":"http://i.walmartimages.com/i/icon/-9/22/33/72/03/-9223372036854775808_100X60.gif","attributeData":[]},"alternateImageData":[{"imageSrc":"http://i.walmartimages.com/i/p/00/07/40/00/37/0007400037337_60X60.gif","lgImageSrc":"http://i.walmartimages.com/i/p/00/07/40/00/37/0007400037337_500X500.jpg","name":null},{"imageSrc":"http://i.walmartimages.com/i/p/00/07/40/00/37/0007400037337_AV_60X60.gif","lgImageSrc":"http://i.walmartimages.com/i/p/00/07/40/00/37/0007400037337_AV_500X500.jpg","name":null},{"imageSrc":"http://i.walmartimages.com/i/p/00/07/40/00/37/0007400037337_AV1_60X60.gif","lgImageSrc":"http://i.walmartimages.com/i/p/00/07/40/00/37/0007400037337_AV1_500X500.jpg","name":null}],"id":20452171,"comparable":true,"upc":"0007400037337","customerRatingUrl":null,"partnerId":-1,"itemAttributes":[{"itemID":20452171,"groupName":"Display","groupDisplayOrder":1,"contentProviderId":3,"attributeName":"Image Aspect Ratio","attributeDisplayOrder":1,"attributeValue":"16:9","glossaryId":0,"attrDisplayName":"Image Aspect Ratio"},{"itemID":20452171,"groupName":"Display","groupDisplayOrder":1,"contentProviderId":3,"attributeName":"Widescreen Modes","attributeDisplayOrder":3,"attributeValue":"Zoom, Normal, Stretch, Dot by Dot","glossaryId":0,"attrDisplayName":"Widescreen Modes"},{"itemID":20452171,"groupName":"Display","groupDisplayOrder":1,"contentProviderId":3,"attributeName":"Display Menu Language","attributeDisplayOrder":4,"attributeValue":"English, French, Spanish","glossaryId":0,"attrDisplayName":"Display Menu Language"},{"itemID":20452171,"groupName":"Display","groupDisplayOrder":1,"contentProviderId":3,"attributeName":"Color Temperature Control","attributeDisplayOrder":6,"attributeValue":"Yes (Standard/Cool/Warm/User)","glossaryId":0,"attrDisplayName":"Color Temperature Control"},{"itemID":20452171,"groupName":"Display","groupDisplayOrder":1,"contentProviderId":3,"attributeName":"Additional Features","attributeDisplayOrder":7,"attributeValue":"AQUOS LINK, Digital Noise Reduction (DNR), Quattron Quad Pixel Technology, Digital Still Picture Display, Wi-Fi CERTIFIED, AQUOS Advantage LIVE, SmartCentral interface, progressive scan","glossaryId":0,"attrDisplayName":"Additional Features"},{"itemID":20452171,"groupName":"Display","groupDisplayOrder":1,"contentProviderId":3,"attributeName":"Display Format","attributeDisplayOrder":11,"attributeValue":"1080p (FullHD)","glossaryId":0,"attrDisplayName":"Display Format"},{"itemID":20452171,"groupName":"Display","groupDisplayOrder":1,"contentProviderId":3,"attributeName":"Resolution","attributeDisplayOrder":12,"attributeValue":"1920 x 1080","glossaryId":0,"attrDisplayName":"Resolution"},{"itemID":20452171,"groupName":"Display","groupDisplayOrder":1,"contentProviderId":3,"attributeName":"Viewing Angle","attributeDisplayOrder":13,"attributeValue":"176 degrees","glossaryId":0,"attrDisplayName":"Viewing Angle"},{"itemID":20452171,"groupName":"Display","groupDisplayOrder":1,"contentProviderId":3,"attributeName":"Viewing Angle (Vertical)","attributeDisplayOrder":14,"attributeValue":"176 degrees","glossaryId":0,"attrDisplayName":"Viewing Angle (Vertical)"},{"itemID":20452171,"groupName":"Display","groupDisplayOrder":1,"contentProviderId":3,"attributeName":"V-Chip Control","attributeDisplayOrder":15,"attributeValue":"Yes","glossaryId":0,"attrDisplayName":"V-Chip Control"},{"itemID":20452171,"groupName":"Display","groupDisplayOrder":1,"contentProviderId":3,"attributeName":"Color Depth","attributeDisplayOrder":19,"attributeValue":"10-bit color","glossaryId":0,"attrDisplayName":"Color Depth"},{"itemID":20452171,"groupName":"Display","groupDisplayOrder":1,"contentProviderId":3,"attributeName":"Total Pixels","attributeDisplayOrder":23,"attributeValue":"2,073,600","glossaryId":0,"attrDisplayName":"Total Pixels"},{"itemID":20452171,"groupName":"TV Tuner","groupDisplayOrder":2,"contentProviderId":3,"attributeName":"Reception System","attributeDisplayOrder":2,"attributeValue":"NTSC","glossaryId":0,"attrDisplayName":"Reception System"},{"itemID":20452171,"groupName":"TV Tuner","groupDisplayOrder":2,"contentProviderId":3,"attributeName":"Stereo Reception System","attributeDisplayOrder":3,"attributeValue":"MTS","glossaryId":0,"attrDisplayName":"Stereo Reception System"},{"itemID":20452171,"groupName":"TV Tuner","groupDisplayOrder":2,"contentProviderId":3,"attributeName":"Channel Coverage","attributeDisplayOrder":4,"attributeValue":"DTV:2-69, VHF:2-13, UHF:14-69, Cable:1-135, DTV:1-135","glossaryId":0,"attrDisplayName":"Channel Coverage"},{"itemID":20452171,"groupName":"TV Tuner","groupDisplayOrder":2,"contentProviderId":3,"attributeName":"Secondary Audio Program (SAP)","attributeDisplayOrder":6,"attributeValue":"Yes","glossaryId":0,"attrDisplayName":"Secondary Audio Program (SAP)"},{"itemID":20452171,"groupName":"TV Tuner","groupDisplayOrder":2,"contentProviderId":3,"attributeName":"Analog TV Tuner","attributeDisplayOrder":8,"attributeValue":"NTSC","glossaryId":0,"attrDisplayName":"Analog TV Tuner"},{"itemID":20452171,"groupName":"Video Features","groupDisplayOrder":3,"contentProviderId":3,"attributeName":"Analog Video Input Signals","attributeDisplayOrder":2,"attributeValue":"NTSC","glossaryId":0,"attrDisplayName":"Analog Video Input Signals"},{"itemID":20452171,"groupName":"Video Features","groupDisplayOrder":3,"contentProviderId":3,"attributeName":"Closed Caption Capability","attributeDisplayOrder":3,"attributeValue":"Yes","glossaryId":0,"attrDisplayName":"Closed Caption Capability"},{"itemID":20452171,"groupName":"Video Features","groupDisplayOrder":3,"contentProviderId":3,"attributeName":"Input Video Formats","attributeDisplayOrder":4,"attributeValue":"480p, 720p, 1080p","glossaryId":0,"attrDisplayName":"Input Video Formats"},{"itemID":20452171,"groupName":"Video Features","groupDisplayOrder":3,"contentProviderId":3,"attributeName":"Parental Channel Lock","attributeDisplayOrder":6,"attributeValue":"Yes","glossaryId":0,"attrDisplayName":"Parental Channel Lock"},{"itemID":20452171,"groupName":"Remote Control","groupDisplayOrder":4,"contentProviderId":3,"attributeName":"Type","attributeDisplayOrder":1,"attributeValue":"Remote control","glossaryId":0,"attrDisplayName":"Type"},{"itemID":20452171,"groupName":"Audio System","groupDisplayOrder":5,"contentProviderId":3,"attributeName":"Sound Output Mode","attributeDisplayOrder":1,"attributeValue":"Stereo","glossaryId":0,"attrDisplayName":"Sound Output Mode"},{"itemID":20452171,"groupName":"Audio System","groupDisplayOrder":5,"contentProviderId":3,"attributeName":"Surround Mode","attributeDisplayOrder":2,"attributeValue":"Yes","glossaryId":0,"attrDisplayName":"Surround Mode"},{"itemID":20452171,"groupName":"Audio System","groupDisplayOrder":5,"contentProviderId":3,"attributeName":"Output Power / Total","attributeDisplayOrder":6,"attributeValue":"20 Watt","glossaryId":0,"attrDisplayName":"Output Power / Total"},{"itemID":20452171,"groupName":"Audio System","groupDisplayOrder":5,"contentProviderId":3,"attributeName":"Speaker(s)","attributeDisplayOrder":8,"attributeValue":"2 x right/left channel speaker - built-in - 10 Watt","glossaryId":0,"attrDisplayName":"Speaker(s)"},{"itemID":20452171,"groupName":"Connections","groupDisplayOrder":6,"contentProviderId":3,"attributeName":"Connector Type","attributeDisplayOrder":1,"attributeValue":"1 x USB ( 4 pin USB Type A ) - rear ¦ 4 x HDMI ( 19 pin HDMI Type A ) - rear ¦ 1 x composite video / component video input ( RCA phono x 3 ) - rear ¦ 1 x audio line-in ( RCA phono x 2 ) - rear ¦ 1 x serial ( 9 pin D-Sub ) - rear ¦ 1 x VGA input ( 15 pin HD D-Sub (HD-15) ) - rear ¦ 1 x network ( RJ-45 ) - rear ¦ 1 x digital audio output (coaxial) ( RCA phono ) - rear ¦ 1 x serial ( 9 pin D-Sub ) - rear ¦ 1 x headphones ( mini-phone stereo 3.5 mm ) - rear","glossaryId":0,"attrDisplayName":"Connector Type"},{"itemID":20452171,"groupName":"Power","groupDisplayOrder":7,"contentProviderId":3,"attributeName":"Power Device","attributeDisplayOrder":1,"attributeValue":"Power supply - internal","glossaryId":0,"attrDisplayName":"Power Device"},{"itemID":20452171,"groupName":"Power","groupDisplayOrder":7,"contentProviderId":3,"attributeName":"Power Consumption Stand by / Sleep","attributeDisplayOrder":3,"attributeValue":"0.7 Watt","glossaryId":0,"attrDisplayName":"Power Consumption Stand by / Sleep"},{"itemID":20452171,"groupName":"General","groupDisplayOrder":9,"contentProviderId":3,"attributeName":"Product Type","attributeDisplayOrder":1,"attributeValue":"LED-backlit LCD TV","glossaryId":0,"attrDisplayName":"Product Type"},{"itemID":20452171,"groupName":"General","groupDisplayOrder":9,"contentProviderId":3,"attributeName":"PC Interface","attributeDisplayOrder":3,"attributeValue":"VGA (HD-15)","glossaryId":0,"attrDisplayName":"PC Interface"},{"itemID":20452171,"groupName":"General","groupDisplayOrder":9,"contentProviderId":3,"attributeName":"Width","attributeDisplayOrder":4,"attributeValue":"42.9 in","glossaryId":0,"attrDisplayName":"Width"},{"itemID":20452171,"groupName":"General","groupDisplayOrder":9,"contentProviderId":3,"attributeName":"Depth","attributeDisplayOrder":5,"attributeValue":"10.2 in","glossaryId":0,"attrDisplayName":"Depth"},{"itemID":20452171,"groupName":"General","groupDisplayOrder":9,"contentProviderId":3,"attributeName":"Height","attributeDisplayOrder":6,"attributeValue":"28.1 in","glossaryId":0,"attrDisplayName":"Height"},{"itemID":20452171,"groupName":"General","groupDisplayOrder":9,"contentProviderId":3,"attributeName":"Weight","attributeDisplayOrder":7,"attributeValue":"36.4 lbs","glossaryId":0,"attrDisplayName":"Weight"},{"itemID":20452171,"groupName":"General","groupDisplayOrder":9,"contentProviderId":3,"attributeName":"Series","attributeDisplayOrder":8,"attributeValue":"Aquos LED","glossaryId":0,"attrDisplayName":"Series"},{"itemID":20452171,"groupName":"General","groupDisplayOrder":9,"contentProviderId":3,"attributeName":"Enclosure Color","attributeDisplayOrder":11,"attributeValue":"Black","glossaryId":0,"attrDisplayName":"Enclosure Color"},{"itemID":20452171,"groupName":"General","groupDisplayOrder":9,"contentProviderId":3,"attributeName":"HDCP Compatible","attributeDisplayOrder":13,"attributeValue":"Yes","glossaryId":0,"attrDisplayName":"HDCP Compatible"},{"itemID":20452171,"groupName":"Miscellaneous","groupDisplayOrder":11,"contentProviderId":3,"attributeName":"Compliant Standards","attributeDisplayOrder":4,"attributeValue":"FCC Part 15","glossaryId":0,"attrDisplayName":"Compliant Standards"},{"itemID":20452171,"groupName":"Environmental Parameters","groupDisplayOrder":18,"contentProviderId":3,"attributeName":"Min Operating Temperature","attributeDisplayOrder":1,"attributeValue":"32 °F","glossaryId":0,"attrDisplayName":"Min Operating Temperature"},{"itemID":20452171,"groupName":"Environmental Parameters","groupDisplayOrder":18,"contentProviderId":3,"attributeName":"Max Operating Temperature","attributeDisplayOrder":2,"attributeValue":"104 °F","glossaryId":0,"attrDisplayName":"Max Operating Temperature"},{"itemID":20452171,"groupName":"Dimensions & Weight Details","groupDisplayOrder":20,"contentProviderId":3,"attributeName":"Dimensions & Weight Details","attributeDisplayOrder":1,"attributeValue":"Panel without stand - 42.9 in x 1.7 in x 26.6 in x 33.1 lbs ¦ Panel with stand - 42.9 in x 10.2 in x 28.1 in x 36.4 lbs","glossaryId":0,"attrDisplayName":"Dimensions & Weight Details"},{"itemID":20452171,"groupName":"Network & Internet Multimedia","groupDisplayOrder":30,"contentProviderId":3,"attributeName":"Functionality","attributeDisplayOrder":1,"attributeValue":"Digital audio playback, digital photo playback, digital video playback, WEB browsing, Internet video playback","glossaryId":0,"attrDisplayName":"Functionality"},{"itemID":20452171,"groupName":"Network & Internet Multimedia","groupDisplayOrder":30,"contentProviderId":3,"attributeName":"Connectivity","attributeDisplayOrder":2,"attributeValue":"Wireless, wired","glossaryId":0,"attrDisplayName":"Connectivity"},{"itemID":20452171,"groupName":"Network & Internet Multimedia","groupDisplayOrder":30,"contentProviderId":3,"attributeName":"Connectivity Protocols","attributeDisplayOrder":3,"attributeValue":"IEEE 802.11b (Wi-Fi), IEEE 802.11a, IEEE 802.11g, IEEE 802.3 (Ethernet), IEEE 802.3u (Fast Ethernet), IEEE 802.11n","glossaryId":0,"attrDisplayName":"Connectivity Protocols"},{"itemID":20452171,"groupName":"Digital TV Tuner","groupDisplayOrder":32,"contentProviderId":3,"attributeName":"Digital TV Tuner","attributeDisplayOrder":1,"attributeValue":"ATSC, QAM","glossaryId":0,"attrDisplayName":"Digital TV Tuner"}],"sellers":{"0":{"itemId":20452171,"sellerId":0,"sellerTypeId":1,"sellerName":"Walmart.com","currentItemPrice":699.98,"vendorItemNum":"LC46LE540U","weight":44.0,"wrapCode":0,"maximumItems":1,"baseItemPrice":798.0,"stockWaterMark":0,"displayStatus":-10,"tagCode":0,"baseSuggPrice":999.99,"packingSlipCode":0,"minPrice":699.98,"maxPrice":699.98,"priceChangeCode":8,"productTaxCode":"PTG9","rebateAmount":-9.223372036854776E18,"rebateTargetURL":null,"shippingDimX":31.09,"shippingDimY":47.63,"shippingDimZ":6.22,"s2SE":true,"sellerItemFlags":null,"freeReturns":false,"shipAlone":false,"remapToItemId":-9223372036854775808,"remapAction":null,"promotionDiscount":-9.223372036854776E18,"promotionMessageType":"","minPromotionAmount":-9.223372036854776E18,"maxPromotionAmount":-9.223372036854776E18,"fedExEligible":false,"smallFormatEligible":false,"thresholdShippingEligible":false,"isS2SOnly":false,"tweTaxCode":"2042530","shippingTaxCode":"2038346","giftWrapTaxCode":"2038857","ppu":-9.223372036854776E18,"fromPPU":-9.223372036854776E18,"contributesToThreshold":false,"isPIPEligible":"Y","checksum":-1,"freeShipping":false,"itemEligibleForFedEx":false,"is97CentShipping":false,"hasRebateLink":false,"storePickupable":true,"submapCode":0,"97CentShipping":false,"shippingDimensionX":31.09,"shippingDimensionY":47.63,"shippingDimensionZ":6.22,"employeeDiscountable":true,"combinedThresholdEligible":false,"availableShippingOfferCodes":null,"isFreeShipping":false}},"ppueligible":false,"uom":null,"unitCount":"0","itemFlags":null,"originalBaseUpc":"0007400037337","imageThumbnailURL":"http://i.walmartimages.com/i/p/00/07/40/00/37/0007400037337_60X60.gif","electronicDelivery":false,"productImageUrl":"http://i.walmartimages.com/i/p/00/07/40/00/37/0007400037337_215X215.jpg","hazardMaterial":false,"media":false,"specialPricing":null,"rebate":false,"putEligible":false,"imagePostCardURL":"http://i.walmartimages.com/i/p/00/07/40/00/37/0007400037337_150X150.jpg"}]