[{"genericContent":{"itemId":20554031,"sourceId":3,"rank":1,"itemName":"Samsung 46\" Class LED 1080p 120Hz HDTV, (1 1/4 \" ultra-slim) UN46ES6100 Smart TV","itemShortName":null,"shortDescription":"TV watching is more fun on a Samsung 46\" LED TV. Smart Content includes new ways to explore and locate your favorite shows, movies, games and more on this Samsung 46\" LED TV. A full Web Browser with built-in Wi-Fi and innovative apps made for TV, along with Signature Services, enhances your enjoyment. AllShare Play allows you to stream content from other devices and enjoy it on Samsung 46\" television. The Clear Motion Rate of 240 ensures you'll be able to see fast-moving images clearly with precise detail.<br><br><b>Note:</b> You must have a source of HD programming in order to take full advantage of the Samsung 46\" LED TV. Contact your local cable or satellite TV service provider for details on how to upgrade.","longDescription":"<br><b>Samsung 46\" 1080p HDTV, 120Hz, UN46ES6100:</b><ul><li>46\" LED panel<br>With 1920 x 1080 full-HD resolution<li>True 16:9 aspect ratio<br>View your movies as the director intended on this Samsung smart TV<li>Built-in digital tuner<br>Watch digital broadcasts, including HDTV programs where available<li>HDMI Inputs: 3<br>Enjoy a superior HD experience with the HDMI one-cable solution<li>45.9\" screen measured diagonally from corner to corner<li>Built-in Wi-Fi<br>Browse the Web right on your big screen<li>3 USB ports<br>Listen to music and view photos from USB storage devices</ul>","shelfDescription":"<li>45.9\" diagonal screen size<li>HDMI Inputs: 3<li>Built-in WiFi","mfgNo":"UN46ES6100","modelNum":"UN46ES6100","dimensionX":27.6,"dimensionY":41.8,"dimensionZ":10.9,"platform":null,"supplierWarranty":"1 Year Limited Warranty","warrantyLength":null,"assembledCountryOfOrigin":"Imported","componentsCountryOfOrigin":"Imported","accessoriesIncluded":null,"accessoriesNotIncluded":null,"ageRange":null,"gender":null,"rating":null,"attributeValue1":null,"attributeValue2":null,"attributeValue3":null,"attributeName1":null,"attributeName2":null,"attributeName3":null,"brandName":"Samsung","manufacturerName":"Samsung","alternateViews":"3","imageId":-9223372036854775808,"addlWarnMsgA":null,"addlWarnMsgB":null,"altWarnMsg":"N","panZoomId":2,"hasMatureContent":false,"attributeType1":null,"attributeUISetting1":null,"attributeRanking1":1,"attributeType2":null,"attributeUISetting2":null,"attributeRanking2":1,"attributeType3":null,"attributeUISetting3":null,"attributeRanking3":1,"attribute1_order":3,"attribute2_order":3,"attribute3_order":3,"partnerId":-1,"originalBaseUPC":"0003672523700","variantAttrData":null,"logoImage":"http://i.walmartimages.com/i/icon/-9/22/33/72/03/-9223372036854775808_100X60.gif","attributeData":[]},"alternateImageData":[{"imageSrc":"http://i.walmartimages.com/i/p/00/03/67/25/23/0003672523700_60X60.gif","lgImageSrc":"http://i.walmartimages.com/i/p/00/03/67/25/23/0003672523700_500X500.jpg","name":null},{"imageSrc":"http://i.walmartimages.com/i/p/00/03/67/25/23/0003672523700_AV_60X60.gif","lgImageSrc":"http://i.walmartimages.com/i/p/00/03/67/25/23/0003672523700_AV_500X500.jpg","name":null},{"imageSrc":"http://i.walmartimages.com/i/p/00/03/67/25/23/0003672523700_AV1_60X60.gif","lgImageSrc":"http://i.walmartimages.com/i/p/00/03/67/25/23/0003672523700_AV1_500X500.jpg","name":null},{"imageSrc":"http://i.walmartimages.com/i/p/00/03/67/25/23/0003672523700_AV2_60X60.gif","lgImageSrc":"http://i.walmartimages.com/i/p/00/03/67/25/23/0003672523700_AV2_500X500.jpg","name":null}],"id":20554031,"comparable":true,"upc":"0003672523700","customerRatingUrl":"http://www.walmart.com/i/CustRating/4_6.gif","partnerId":-1,"itemAttributes":[{"itemID":20554031,"groupName":"Display","groupDisplayOrder":1,"contentProviderId":3,"attributeName":"Additional Features","attributeDisplayOrder":7,"attributeValue":"Integrated web browser, Anynet Plus, Smart Content Manager, ConnectShare Movie, Wide Color Enhancer Plus, Smart Hub, Search All, Your Video, AllShare Play, progressive scan","glossaryId":0,"attrDisplayName":"Additional Features"},{"itemID":20554031,"groupName":"Display","groupDisplayOrder":1,"contentProviderId":3,"attributeName":"Display Format","attributeDisplayOrder":11,"attributeValue":"1080p (FullHD)","glossaryId":0,"attrDisplayName":"Display Format"},{"itemID":20554031,"groupName":"Display","groupDisplayOrder":1,"contentProviderId":3,"attributeName":"Resolution","attributeDisplayOrder":12,"attributeValue":"1920 x 1080","glossaryId":0,"attrDisplayName":"Resolution"},{"itemID":20554031,"groupName":"TV Tuner","groupDisplayOrder":2,"contentProviderId":3,"attributeName":"Stereo Reception System","attributeDisplayOrder":3,"attributeValue":"MTS","glossaryId":0,"attrDisplayName":"Stereo Reception System"},{"itemID":20554031,"groupName":"TV Tuner","groupDisplayOrder":2,"contentProviderId":3,"attributeName":"Secondary Audio Program (SAP)","attributeDisplayOrder":6,"attributeValue":"Yes","glossaryId":0,"attrDisplayName":"Secondary Audio Program (SAP)"},{"itemID":20554031,"groupName":"Remote Control","groupDisplayOrder":4,"contentProviderId":3,"attributeName":"Type","attributeDisplayOrder":1,"attributeValue":"Universal remote control","glossaryId":0,"attrDisplayName":"Type"},{"itemID":20554031,"groupName":"Audio System","groupDisplayOrder":5,"contentProviderId":3,"attributeName":"Sound Output Mode","attributeDisplayOrder":1,"attributeValue":"Stereo","glossaryId":0,"attrDisplayName":"Sound Output Mode"},{"itemID":20554031,"groupName":"Audio System","groupDisplayOrder":5,"contentProviderId":3,"attributeName":"Surround Mode","attributeDisplayOrder":2,"attributeValue":"Yes","glossaryId":0,"attrDisplayName":"Surround Mode"},{"itemID":20554031,"groupName":"Audio System","groupDisplayOrder":5,"contentProviderId":3,"attributeName":"Sound Effects","attributeDisplayOrder":3,"attributeValue":"SRS TheaterSound HD","glossaryId":0,"attrDisplayName":"Sound Effects"},{"itemID":20554031,"groupName":"Audio System","groupDisplayOrder":5,"contentProviderId":3,"attributeName":"Output Power / Total","attributeDisplayOrder":6,"attributeValue":"20 Watt","glossaryId":0,"attrDisplayName":"Output Power / Total"},{"itemID":20554031,"groupName":"Audio System","groupDisplayOrder":5,"contentProviderId":3,"attributeName":"Speaker(s)","attributeDisplayOrder":8,"attributeValue":"2 x right/left channel speaker - built-in - 10 Watt","glossaryId":0,"attrDisplayName":"Speaker(s)"},{"itemID":20554031,"groupName":"Connections","groupDisplayOrder":6,"contentProviderId":3,"attributeName":"Connector Type","attributeDisplayOrder":1,"attributeValue":"3 x HDMI ( 19 pin HDMI Type A ) ¦ 1 x component video input ¦ 1 x digital audio output (optical) ( TOSLINK ) ¦ 3 x USB 2.0 ( 4 pin USB Type A ) ¦ 1 x network ( RJ-45 ) ¦ 1 x composite video input","glossaryId":0,"attrDisplayName":"Connector Type"},{"itemID":20554031,"groupName":"General","groupDisplayOrder":9,"contentProviderId":3,"attributeName":"Product Type","attributeDisplayOrder":1,"attributeValue":"LED-backlit LCD TV - Smart TV","glossaryId":0,"attrDisplayName":"Product Type"},{"itemID":20554031,"groupName":"General","groupDisplayOrder":9,"contentProviderId":3,"attributeName":"Width","attributeDisplayOrder":4,"attributeValue":"41.7 in","glossaryId":0,"attrDisplayName":"Width"},{"itemID":20554031,"groupName":"General","groupDisplayOrder":9,"contentProviderId":3,"attributeName":"Depth","attributeDisplayOrder":5,"attributeValue":"1.2 in","glossaryId":0,"attrDisplayName":"Depth"},{"itemID":20554031,"groupName":"General","groupDisplayOrder":9,"contentProviderId":3,"attributeName":"Height","attributeDisplayOrder":6,"attributeValue":"24.8 in","glossaryId":0,"attrDisplayName":"Height"},{"itemID":20554031,"groupName":"General","groupDisplayOrder":9,"contentProviderId":3,"attributeName":"Weight","attributeDisplayOrder":7,"attributeValue":"28.4 lbs","glossaryId":0,"attrDisplayName":"Weight"},{"itemID":20554031,"groupName":"General","groupDisplayOrder":9,"contentProviderId":3,"attributeName":"Series","attributeDisplayOrder":8,"attributeValue":"6 Series","glossaryId":0,"attrDisplayName":"Series"},{"itemID":20554031,"groupName":"General","groupDisplayOrder":9,"contentProviderId":3,"attributeName":"HDCP Compatible","attributeDisplayOrder":13,"attributeValue":"Yes","glossaryId":0,"attrDisplayName":"HDCP Compatible"},{"itemID":20554031,"groupName":"Dimensions & Weight Details","groupDisplayOrder":20,"contentProviderId":3,"attributeName":"Dimensions & Weight Details","attributeDisplayOrder":1,"attributeValue":"Panel without stand - 41.7 in x 1.2 in x 24.8 in x 28.4 lbs ¦ Panel with stand - 41.7 in x 10.9 in x 27.6 in x 32.4 lbs","glossaryId":0,"attrDisplayName":"Dimensions & Weight Details"},{"itemID":20554031,"groupName":"Network & Internet Multimedia","groupDisplayOrder":30,"contentProviderId":3,"attributeName":"Functionality","attributeDisplayOrder":1,"attributeValue":"WEB browsing, Internet video playback","glossaryId":0,"attrDisplayName":"Functionality"},{"itemID":20554031,"groupName":"Network & Internet Multimedia","groupDisplayOrder":30,"contentProviderId":3,"attributeName":"Connectivity","attributeDisplayOrder":2,"attributeValue":"Wireless, wired","glossaryId":0,"attrDisplayName":"Connectivity"},{"itemID":20554031,"groupName":"Network & Internet Multimedia","groupDisplayOrder":30,"contentProviderId":3,"attributeName":"Connectivity Protocols","attributeDisplayOrder":3,"attributeValue":"Ethernet, 802.11b (Wi-Fi)","glossaryId":0,"attrDisplayName":"Connectivity Protocols"}],"sellers":{"0":{"itemId":20554031,"sellerId":0,"sellerTypeId":1,"sellerName":"Walmart.com","currentItemPrice":1098.0,"vendorItemNum":"UN46ES6100","weight":40.12,"wrapCode":0,"maximumItems":5,"baseItemPrice":1098.0,"stockWaterMark":1,"displayStatus":3,"tagCode":0,"baseSuggPrice":1099.99,"packingSlipCode":0,"minPrice":798.0,"maxPrice":798.0,"priceChangeCode":0,"productTaxCode":"PTG9","rebateAmount":-9.223372036854776E18,"rebateTargetURL":null,"shippingDimX":29.1,"shippingDimY":46.7,"shippingDimZ":5.5,"s2SE":true,"sellerItemFlags":null,"freeReturns":false,"shipAlone":false,"remapToItemId":-9223372036854775808,"remapAction":null,"promotionDiscount":-9.223372036854776E18,"promotionMessageType":"","minPromotionAmount":-9.223372036854776E18,"maxPromotionAmount":-9.223372036854776E18,"fedExEligible":false,"smallFormatEligible":true,"thresholdShippingEligible":false,"isS2SOnly":false,"tweTaxCode":"2042530","shippingTaxCode":"2038346","giftWrapTaxCode":"2038857","ppu":-9.223372036854776E18,"fromPPU":-9.223372036854776E18,"contributesToThreshold":false,"isPIPEligible":"Y","checksum":-1,"freeShipping":false,"itemEligibleForFedEx":false,"is97CentShipping":false,"hasRebateLink":false,"storePickupable":true,"submapCode":0,"97CentShipping":false,"shippingDimensionX":29.1,"shippingDimensionY":46.7,"shippingDimensionZ":5.5,"employeeDiscountable":true,"combinedThresholdEligible":false,"availableShippingOfferCodes":null,"isFreeShipping":false}},"ppueligible":false,"uom":null,"unitCount":"0","itemFlags":null,"originalBaseUpc":"0003672523700","imageThumbnailURL":"http://i.walmartimages.com/i/p/00/03/67/25/23/0003672523700_60X60.gif","electronicDelivery":false,"productImageUrl":"http://i.walmartimages.com/i/p/00/03/67/25/23/0003672523700_215X215.jpg","hazardMaterial":false,"media":false,"specialPricing":null,"rebate":false,"putEligible":false,"imagePostCardURL":"http://i.walmartimages.com/i/p/00/03/67/25/23/0003672523700_150X150.jpg"}]