[{"genericContent":{"itemId":20554022,"sourceId":3,"rank":1,"itemName":"Samsung 40\" Class LED 1080p 60Hz HDTV, (3.7\" ultra-slim)UN40EH5000","itemShortName":null,"shortDescription":"The Samsung 40\" LED TV could take your breath away. Every image can be seen in amazing clarity with deep blacks and pure whites. The realistic details of every image will remain clear even when those images move quickly across the screen of the Samsung 40\" LED T. The slim-profile design of this Samsung 40\" television provides an immersive viewing experience.<br><br><b>Note:</b> You must have a source of HD programming in order to take full advantage of the Samsung 40\" LED TV. Contact your local cable or satellite TV service provider for details on how to upgrade.","longDescription":"<br><b>Samsung 40\" 1080p HDTV, 60Hz, UN40EH5000:</b><ul><li>40\" LED panel<br>With 1920 x 1080 full-HD resolution<li>True 16:9 aspect ratio<br>View your movies as the director intended<li>Built-in digital tuner<br>Watch digital broadcasts, including HDTV programs where available, on this Samsung HDTV<li>HDMI Inputs: 2<br>Enjoy a superior HD experience with the HDMI one-cable solution<li>40\" screen measured diagonally from corner to corner<li>USB port<br>Listen to music and view photos from USB storage devices</ul>","shelfDescription":"<li>40\" diagonal screen size<li>HDMI Inputs: 2<li>USB port","mfgNo":"UN40EH5000","modelNum":"UN40EH5000","dimensionX":23.9,"dimensionY":36.5,"dimensionZ":9.0,"platform":null,"supplierWarranty":"1 Year Limited Warranty","warrantyLength":null,"assembledCountryOfOrigin":"Imported","componentsCountryOfOrigin":"Imported","accessoriesIncluded":null,"accessoriesNotIncluded":null,"ageRange":null,"gender":null,"rating":null,"attributeValue1":null,"attributeValue2":null,"attributeValue3":null,"attributeName1":null,"attributeName2":null,"attributeName3":null,"brandName":"Samsung","manufacturerName":"Samsung","alternateViews":"2","imageId":-9223372036854775808,"addlWarnMsgA":null,"addlWarnMsgB":null,"altWarnMsg":"N","panZoomId":2,"hasMatureContent":false,"attributeType1":null,"attributeUISetting1":null,"attributeRanking1":1,"attributeType2":null,"attributeUISetting2":null,"attributeRanking2":1,"attributeType3":null,"attributeUISetting3":null,"attributeRanking3":1,"attribute1_order":3,"attribute2_order":3,"attribute3_order":3,"partnerId":-1,"originalBaseUPC":"0003672523662","variantAttrData":null,"logoImage":"http://i.walmartimages.com/i/icon/-9/22/33/72/03/-9223372036854775808_100X60.gif","attributeData":[]},"alternateImageData":[{"imageSrc":"http://i.walmartimages.com/i/p/00/03/67/25/23/0003672523662_60X60.gif","lgImageSrc":"http://i.walmartimages.com/i/p/00/03/67/25/23/0003672523662_500X500.jpg","name":null},{"imageSrc":"http://i.walmartimages.com/i/p/00/03/67/25/23/0003672523662_AV_60X60.gif","lgImageSrc":"http://i.walmartimages.com/i/p/00/03/67/25/23/0003672523662_AV_500X500.jpg","name":null},{"imageSrc":"http://i.walmartimages.com/i/p/00/03/67/25/23/0003672523662_AV1_60X60.gif","lgImageSrc":"http://i.walmartimages.com/i/p/00/03/67/25/23/0003672523662_AV1_500X500.jpg","name":null}],"id":20554022,"comparable":true,"upc":"0003672523662","customerRatingUrl":"http://www.walmart.com/i/CustRating/4_5.gif","partnerId":-1,"itemAttributes":[{"itemID":20554022,"groupName":"Display","groupDisplayOrder":1,"contentProviderId":3,"attributeName":"Additional Features","attributeDisplayOrder":7,"attributeValue":"On/off timer, clock, auto power off, on-screen menu, game mode, ConnectShare Movie, Wide Color Enhancer Plus, Eco Sensor, progressive scan","glossaryId":0,"attrDisplayName":"Additional Features"},{"itemID":20554022,"groupName":"Display","groupDisplayOrder":1,"contentProviderId":3,"attributeName":"Display Format","attributeDisplayOrder":11,"attributeValue":"1080p (FullHD)","glossaryId":0,"attrDisplayName":"Display Format"},{"itemID":20554022,"groupName":"Display","groupDisplayOrder":1,"contentProviderId":3,"attributeName":"Resolution","attributeDisplayOrder":12,"attributeValue":"1920 x 1080","glossaryId":0,"attrDisplayName":"Resolution"},{"itemID":20554022,"groupName":"Display","groupDisplayOrder":1,"contentProviderId":3,"attributeName":"V-Chip Control","attributeDisplayOrder":15,"attributeValue":"Yes","glossaryId":0,"attrDisplayName":"V-Chip Control"},{"itemID":20554022,"groupName":"Video Features","groupDisplayOrder":3,"contentProviderId":3,"attributeName":"Closed Caption Capability","attributeDisplayOrder":3,"attributeValue":"Yes","glossaryId":0,"attrDisplayName":"Closed Caption Capability"},{"itemID":20554022,"groupName":"Remote Control","groupDisplayOrder":4,"contentProviderId":3,"attributeName":"Type","attributeDisplayOrder":1,"attributeValue":"Remote control","glossaryId":0,"attrDisplayName":"Type"},{"itemID":20554022,"groupName":"Audio System","groupDisplayOrder":5,"contentProviderId":3,"attributeName":"Sound Output Mode","attributeDisplayOrder":1,"attributeValue":"Stereo","glossaryId":0,"attrDisplayName":"Sound Output Mode"},{"itemID":20554022,"groupName":"Audio System","groupDisplayOrder":5,"contentProviderId":3,"attributeName":"Surround Mode","attributeDisplayOrder":2,"attributeValue":"Yes","glossaryId":0,"attrDisplayName":"Surround Mode"},{"itemID":20554022,"groupName":"Audio System","groupDisplayOrder":5,"contentProviderId":3,"attributeName":"Sound Effects","attributeDisplayOrder":3,"attributeValue":"SRS TheaterSound HD","glossaryId":0,"attrDisplayName":"Sound Effects"},{"itemID":20554022,"groupName":"Audio System","groupDisplayOrder":5,"contentProviderId":3,"attributeName":"Output Power / Total","attributeDisplayOrder":6,"attributeValue":"20 Watt","glossaryId":0,"attrDisplayName":"Output Power / Total"},{"itemID":20554022,"groupName":"Audio System","groupDisplayOrder":5,"contentProviderId":3,"attributeName":"Additional Features","attributeDisplayOrder":7,"attributeValue":"Down-firing Speaker, Auto Volume Leveller (AVL)","glossaryId":0,"attrDisplayName":"Additional Features"},{"itemID":20554022,"groupName":"Audio System","groupDisplayOrder":5,"contentProviderId":3,"attributeName":"Speaker(s)","attributeDisplayOrder":8,"attributeValue":"2 x right/left channel speaker - built-in - 10 Watt","glossaryId":0,"attrDisplayName":"Speaker(s)"},{"itemID":20554022,"groupName":"Connections","groupDisplayOrder":6,"contentProviderId":3,"attributeName":"Connector Type","attributeDisplayOrder":1,"attributeValue":"2 x HDMI ( 19 pin HDMI Type A ) ¦ 1 x composite video / component video input ( RCA phono x 3 ) ¦ 1 x digital audio input/output (optical) ¦ 1 x USB 2.0 ( 4 pin USB Type A ) ¦ 1 x audio line-out ( mini-phone stereo 3.5 mm )","glossaryId":0,"attrDisplayName":"Connector Type"},{"itemID":20554022,"groupName":"Power","groupDisplayOrder":7,"contentProviderId":3,"attributeName":"Power Device","attributeDisplayOrder":1,"attributeValue":"Power supply","glossaryId":0,"attrDisplayName":"Power Device"},{"itemID":20554022,"groupName":"Power","groupDisplayOrder":7,"contentProviderId":3,"attributeName":"Power Consumption Stand by / Sleep","attributeDisplayOrder":3,"attributeValue":"0.3 Watt","glossaryId":0,"attrDisplayName":"Power Consumption Stand by / Sleep"},{"itemID":20554022,"groupName":"General","groupDisplayOrder":9,"contentProviderId":3,"attributeName":"Product Type","attributeDisplayOrder":1,"attributeValue":"LED-backlit LCD TV","glossaryId":0,"attrDisplayName":"Product Type"},{"itemID":20554022,"groupName":"General","groupDisplayOrder":9,"contentProviderId":3,"attributeName":"Width","attributeDisplayOrder":4,"attributeValue":"36.5 in","glossaryId":0,"attrDisplayName":"Width"},{"itemID":20554022,"groupName":"General","groupDisplayOrder":9,"contentProviderId":3,"attributeName":"Depth","attributeDisplayOrder":5,"attributeValue":"3.7 in","glossaryId":0,"attrDisplayName":"Depth"},{"itemID":20554022,"groupName":"General","groupDisplayOrder":9,"contentProviderId":3,"attributeName":"Height","attributeDisplayOrder":6,"attributeValue":"21.7 in","glossaryId":0,"attrDisplayName":"Height"},{"itemID":20554022,"groupName":"General","groupDisplayOrder":9,"contentProviderId":3,"attributeName":"Weight","attributeDisplayOrder":7,"attributeValue":"19.8 lbs","glossaryId":0,"attrDisplayName":"Weight"},{"itemID":20554022,"groupName":"General","groupDisplayOrder":9,"contentProviderId":3,"attributeName":"Series","attributeDisplayOrder":8,"attributeValue":"5000 Series","glossaryId":0,"attrDisplayName":"Series"},{"itemID":20554022,"groupName":"General","groupDisplayOrder":9,"contentProviderId":3,"attributeName":"Enclosure Color","attributeDisplayOrder":11,"attributeValue":"Black","glossaryId":0,"attrDisplayName":"Enclosure Color"},{"itemID":20554022,"groupName":"Dimensions & Weight Details","groupDisplayOrder":20,"contentProviderId":3,"attributeName":"Dimensions & Weight Details","attributeDisplayOrder":1,"attributeValue":"Panel without stand - 36.5 in x 3.7 in x 21.7 in x 19.8 lbs ¦ Panel with stand - 36.5 in x 9 in x 23.9 in x 24.3 lbs","glossaryId":0,"attrDisplayName":"Dimensions & Weight Details"},{"itemID":20554022,"groupName":"Digital TV Tuner","groupDisplayOrder":32,"contentProviderId":3,"attributeName":"Digital TV Tuner","attributeDisplayOrder":1,"attributeValue":"ATSC, QAM","glossaryId":0,"attrDisplayName":"Digital TV Tuner"}],"sellers":{"0":{"itemId":20554022,"sellerId":0,"sellerTypeId":1,"sellerName":"Walmart.com","currentItemPrice":679.0,"vendorItemNum":"UN40EH5000","weight":29.95,"wrapCode":0,"maximumItems":5,"baseItemPrice":679.0,"stockWaterMark":1,"displayStatus":3,"tagCode":0,"baseSuggPrice":679.99,"packingSlipCode":0,"minPrice":548.0,"maxPrice":548.0,"priceChangeCode":0,"productTaxCode":"PTG9","rebateAmount":-9.223372036854776E18,"rebateTargetURL":null,"shippingDimX":25.6,"shippingDimY":6.6,"shippingDimZ":43.2,"s2SE":true,"sellerItemFlags":null,"freeReturns":false,"shipAlone":false,"remapToItemId":-9223372036854775808,"remapAction":null,"promotionDiscount":-9.223372036854776E18,"promotionMessageType":"","minPromotionAmount":-9.223372036854776E18,"maxPromotionAmount":-9.223372036854776E18,"fedExEligible":false,"smallFormatEligible":true,"thresholdShippingEligible":false,"isS2SOnly":false,"tweTaxCode":"2042530","shippingTaxCode":"2038346","giftWrapTaxCode":"2038857","ppu":-9.223372036854776E18,"fromPPU":-9.223372036854776E18,"contributesToThreshold":false,"isPIPEligible":"Y","checksum":-1,"freeShipping":false,"itemEligibleForFedEx":false,"is97CentShipping":false,"hasRebateLink":false,"storePickupable":true,"submapCode":0,"97CentShipping":false,"shippingDimensionX":25.6,"shippingDimensionY":6.6,"shippingDimensionZ":43.2,"employeeDiscountable":true,"combinedThresholdEligible":false,"availableShippingOfferCodes":null,"isFreeShipping":false}},"ppueligible":false,"uom":null,"unitCount":"0","itemFlags":"1,","originalBaseUpc":"0003672523662","imageThumbnailURL":"http://i.walmartimages.com/i/p/00/03/67/25/23/0003672523662_60X60.gif","electronicDelivery":false,"productImageUrl":"http://i.walmartimages.com/i/p/00/03/67/25/23/0003672523662_215X215.jpg","hazardMaterial":false,"media":false,"specialPricing":null,"rebate":false,"putEligible":true,"imagePostCardURL":"http://i.walmartimages.com/i/p/00/03/67/25/23/0003672523662_150X150.jpg"}]