[{"genericContent":{"itemId":20701126,"sourceId":2,"rank":1,"itemName":"RCA 39\" LCD 1080p 60Hz, 39LB45RQ, RCA Home Theater System with 6ft HDMI Cable, TV Bundle","itemShortName":null,"shortDescription":"<p>The RCA 39\" Class LCD 1080P 60Hz HDTV provides you with a brilliant full HD 1080p picture for your viewing pleasure. The wide 178-degree vertical and 178-degree horizontal angles enable optimal views from anywhere in the room, and its ultra-slim design allows you to set it up on a stand or mount it on a wall. The wall-mountable LCD TV delivers 3-D surround sound for a realistic movie experience. The 6-foot HDMI cable provides a high-speed connection with a full 1080p HDTV experience. It also has a PC video input to connect your computer so you can enjoy high-definition images. The Energy Star-qualified LCD HDTV doesn't consume much power and is eco-friendly.</p>","longDescription":"<strong>RCA 39\" Class LCD 1080p 60Hz HDTV:</strong><li>39\" LCD panel</li><li>With a 1920 x 1080 Full HD resolution</li><li>True 16:9 aspect ratio</li><li>View your movies as the director intended</li><li>Wide 178-degree vertical and 178-degree horizontal angles</li><li>See a clear picture from anywhere in the room</li><li>Built-in digital tuner</li><li>Watch digital broadcasts, including HDTV programs where available</li><li>High brightness of 350 cd/m2</li><li>Brightness provides a great picture</li><li>5,000:1 dynamic contrast ratio</li><li>HDMI Inputs: 2</li><li>Enjoy a superior HD experience with HDMI one cable solution</li><li>39\" screen measured diagonally from corner to corner</li><li>Wall mountable</li><li>VESA standard</li><strong>ENERGY STAR<sup>&reg</sup></strong><p>Products that are ENERGY STAR-qualified prevent greenhouse gas emissions by meeting strict energy efficiency guidelines set by the U.S. Environmental Protection Agency and the U.S. Department of Energy. The ENERGY STAR name and marks are registered marks owned by the U.S. government, as part of their energy efficiency and environmental activities.</p>","shelfDescription":"<li>39\" diagonal screen size<li>HDMI Inputs: 2<li>Wall mountable<li>Built-in digital tuner","mfgNo":null,"modelNum":null,"dimensionX":-9.223372036854776E18,"dimensionY":-9.223372036854776E18,"dimensionZ":-9.223372036854776E18,"platform":null,"supplierWarranty":null,"warrantyLength":null,"assembledCountryOfOrigin":null,"componentsCountryOfOrigin":null,"accessoriesIncluded":null,"accessoriesNotIncluded":null,"ageRange":null,"gender":null,"rating":null,"attributeValue1":null,"attributeValue2":null,"attributeValue3":null,"attributeName1":null,"attributeName2":null,"attributeName3":null,"brandName":null,"manufacturerName":null,"alternateViews":null,"imageId":-9223372036854775808,"addlWarnMsgA":null,"addlWarnMsgB":null,"altWarnMsg":"N","panZoomId":-9223372036854775808,"hasMatureContent":false,"attributeType1":null,"attributeUISetting1":null,"attributeRanking1":1,"attributeType2":null,"attributeUISetting2":null,"attributeRanking2":1,"attributeType3":null,"attributeUISetting3":null,"attributeRanking3":1,"attribute1_order":3,"attribute2_order":3,"attribute3_order":3,"partnerId":-1,"originalBaseUPC":"1113007391358","variantAttrData":null,"logoImage":"http://i.walmartimages.com/i/icon/-9/22/33/72/03/-9223372036854775808_100X60.gif","attributeData":[]},"alternateImageData":[],"id":20701126,"comparable":false,"upc":"1113007391358","customerRatingUrl":null,"partnerId":-1,"itemAttributes":[],"sellers":{"0":{"itemId":20701126,"sellerId":0,"sellerTypeId":1,"sellerName":"Walmart.com","currentItemPrice":399.0,"vendorItemNum":null,"weight":71.837,"wrapCode":0,"maximumItems":5,"baseItemPrice":399.98,"stockWaterMark":0,"displayStatus":1,"tagCode":0,"baseSuggPrice":499.99,"packingSlipCode":0,"minPrice":399.0,"maxPrice":399.0,"priceChangeCode":5,"productTaxCode":null,"rebateAmount":-9.223372036854776E18,"rebateTargetURL":null,"shippingDimX":26.3,"shippingDimY":51.0,"shippingDimZ":36.2,"s2SE":false,"sellerItemFlags":null,"freeReturns":false,"shipAlone":false,"remapToItemId":-9223372036854775808,"remapAction":null,"promotionDiscount":-9.223372036854776E18,"promotionMessageType":"","minPromotionAmount":-9.223372036854776E18,"maxPromotionAmount":-9.223372036854776E18,"fedExEligible":false,"smallFormatEligible":false,"thresholdShippingEligible":false,"isS2SOnly":false,"tweTaxCode":null,"shippingTaxCode":"2038346","giftWrapTaxCode":"2038857","ppu":-9.223372036854776E18,"fromPPU":-9.223372036854776E18,"contributesToThreshold":false,"isPIPEligible":"Y","checksum":-1,"freeShipping":false,"itemEligibleForFedEx":false,"is97CentShipping":false,"hasRebateLink":false,"storePickupable":true,"submapCode":0,"97CentShipping":false,"shippingDimensionX":26.3,"shippingDimensionY":51.0,"shippingDimensionZ":36.2,"employeeDiscountable":true,"combinedThresholdEligible":false,"availableShippingOfferCodes":null,"isFreeShipping":false}},"ppueligible":false,"uom":null,"unitCount":"0","itemFlags":null,"originalBaseUpc":"1113007391358","imageThumbnailURL":"http://i.walmartimages.com/i/p/11/13/00/73/91/1113007391358_60X60.gif","electronicDelivery":false,"productImageUrl":"http://i.walmartimages.com/i/p/11/13/00/73/91/1113007391358_215X215.jpg","hazardMaterial":false,"media":false,"specialPricing":null,"rebate":false,"putEligible":false,"imagePostCardURL":"http://i.walmartimages.com/i/p/11/13/00/73/91/1113007391358_150X150.jpg"}]