[{"genericContent":{"itemId":20593825,"sourceId":2,"rank":1,"itemName":"Sony 55\" Class LED 1080p 60Hz HDTV, (2-3/8\" ultra-slim) KDL-55EX640","itemShortName":null,"shortDescription":"Enter a world of dazzling picture quality and unlimited entertainment. This elegantly slim LED TV boasts Full HD 1080p for incredible detail and Edge LED backlighting for boosted contrast. Internet connectivity is at your fingertips, so you can watch YouTube clips and access online HD movies, music and more.<br><br><b>Note:</b> You must have a source of HD programming in order to take full advantage of the Sony 55\" HDTV. Contact your local cable or satellite TV provider for details on how to upgrade.","longDescription":"<br><b>Sony 55\" Class LED 1080p 60Hz HDTV, KDL-55EX640:</b><ul><li>55\" LCD panel<br>With a 1920 x 1080 Full HD resolution<li>True 16:9 aspect ratio<br>View your movies as the director intended<li>Wide 178-degree vertical and 178-degree horizontal angles<br>See a clear picture from anywhere in the room<li>Built-in digital tuner<br>Watch digital broadcasts, including HDTV programs where available<li>HDMI Inputs: 4<br>Enjoy a superior HD experience with HDMI one cable solution<li>54.6\" screen measured diagonally from corner to corner<li>WiFi adaptor included<br>Connect your HDTV to the Internet and stream videos<li>BRAVIA Sync<br>Sync up all Sony devices<li>Wall mountable<br>VESA standard 300mm x 300mm</ul><br><b>ENERGY STAR<sup>&reg;</sup></b><br>Products that are ENERGY STAR-qualified prevent greenhouse gas emissions by meeting strict energy efficiency guidelines set by the U.S. Environmental Protection Agency and the U.S. Department of Energy. The ENERGY STAR name and marks are registered marks owned by the U.S. government, as part of their energy efficiency and environmental activities.","shelfDescription":"<li>54.6\" diagonal screen size<li>HDMI Inputs: 4<li>Wall mountable<li>WiFi adaptor included","mfgNo":"KDL55EX640","modelNum":"KDL55EX640","dimensionX":12.25,"dimensionY":50.0,"dimensionZ":31.5,"platform":null,"supplierWarranty":"1 Year Limited Warranty","warrantyLength":null,"assembledCountryOfOrigin":"Imported","componentsCountryOfOrigin":"Imported","accessoriesIncluded":null,"accessoriesNotIncluded":null,"ageRange":null,"gender":null,"rating":null,"attributeValue1":null,"attributeValue2":null,"attributeValue3":null,"attributeName1":null,"attributeName2":null,"attributeName3":null,"brandName":"Sony","manufacturerName":"Sony Electronics","alternateViews":"2","imageId":-9223372036854775808,"addlWarnMsgA":null,"addlWarnMsgB":null,"altWarnMsg":"N","panZoomId":2,"hasMatureContent":false,"attributeType1":null,"attributeUISetting1":null,"attributeRanking1":1,"attributeType2":null,"attributeUISetting2":null,"attributeRanking2":1,"attributeType3":null,"attributeUISetting3":null,"attributeRanking3":1,"attribute1_order":3,"attribute2_order":3,"attribute3_order":3,"partnerId":-1,"originalBaseUPC":"0002724283855","variantAttrData":null,"logoImage":"http://i.walmartimages.com/i/icon/-9/22/33/72/03/-9223372036854775808_100X60.gif","attributeData":[]},"alternateImageData":[{"imageSrc":"http://i.walmartimages.com/i/p/00/02/72/42/83/0002724283855_60X60.gif","lgImageSrc":"http://i.walmartimages.com/i/p/00/02/72/42/83/0002724283855_500X500.jpg","name":null},{"imageSrc":"http://i.walmartimages.com/i/p/00/02/72/42/83/0002724283855_AV_60X60.gif","lgImageSrc":"http://i.walmartimages.com/i/p/00/02/72/42/83/0002724283855_AV_500X500.jpg","name":null},{"imageSrc":"http://i.walmartimages.com/i/p/00/02/72/42/83/0002724283855_AV1_60X60.gif","lgImageSrc":"http://i.walmartimages.com/i/p/00/02/72/42/83/0002724283855_AV1_500X500.jpg","name":null}],"id":20593825,"comparable":true,"upc":"0002724283855","customerRatingUrl":"http://www.walmart.com/i/CustRating/4_4.gif","partnerId":-1,"itemAttributes":[{"itemID":20593825,"groupName":"Additional Specifications","groupDisplayOrder":34,"contentProviderId":2,"attributeName":"Remote Included","attributeDisplayOrder":40,"attributeValue":"Yes","glossaryId":0,"attrDisplayName":"Remote Included"},{"itemID":20593825,"groupName":"Additional Specifications","groupDisplayOrder":34,"contentProviderId":2,"attributeName":"Resolution","attributeDisplayOrder":41,"attributeValue":"1080p (HDTV)","glossaryId":0,"attrDisplayName":"Resolution"},{"itemID":20593825,"groupName":"Additional Specifications","groupDisplayOrder":34,"contentProviderId":2,"attributeName":"Tv Definition","attributeDisplayOrder":44,"attributeValue":"HDTV","glossaryId":0,"attrDisplayName":"Tv Definition"},{"itemID":20593825,"groupName":"Additional Specifications","groupDisplayOrder":34,"contentProviderId":2,"attributeName":"Tv Technology","attributeDisplayOrder":45,"attributeValue":"LED","glossaryId":0,"attrDisplayName":"Tv Technology"},{"itemID":20593825,"groupName":"Additional Specifications","groupDisplayOrder":34,"contentProviderId":2,"attributeName":"Primary Color","attributeDisplayOrder":171,"attributeValue":"Black","glossaryId":0,"attrDisplayName":"Primary Color"},{"itemID":20593825,"groupName":"Additional Specifications","groupDisplayOrder":34,"contentProviderId":2,"attributeName":"Multi Pack Indicator","attributeDisplayOrder":180,"attributeValue":"No","glossaryId":0,"attrDisplayName":"Multi Pack Indicator"},{"itemID":20593825,"groupName":"Additional Specifications","groupDisplayOrder":34,"contentProviderId":2,"attributeName":"Battery Type","attributeDisplayOrder":184,"attributeValue":"Does Not Contain a Battery","glossaryId":0,"attrDisplayName":"Battery Type"}],"sellers":{"0":{"itemId":20593825,"sellerId":0,"sellerTypeId":1,"sellerName":"Walmart.com","currentItemPrice":1799.0,"vendorItemNum":"KDL55EX640","weight":63.93,"wrapCode":0,"maximumItems":5,"baseItemPrice":1799.0,"stockWaterMark":1,"displayStatus":3,"tagCode":0,"baseSuggPrice":1799.99,"packingSlipCode":0,"minPrice":1298.0,"maxPrice":1298.0,"priceChangeCode":0,"productTaxCode":"PTG9","rebateAmount":-9.223372036854776E18,"rebateTargetURL":null,"shippingDimX":35.24,"shippingDimY":56.93,"shippingDimZ":6.89,"s2SE":true,"sellerItemFlags":null,"freeReturns":false,"shipAlone":false,"remapToItemId":-9223372036854775808,"remapAction":null,"promotionDiscount":-9.223372036854776E18,"promotionMessageType":"","minPromotionAmount":-9.223372036854776E18,"maxPromotionAmount":-9.223372036854776E18,"fedExEligible":false,"smallFormatEligible":false,"thresholdShippingEligible":false,"isS2SOnly":false,"tweTaxCode":"2042530","shippingTaxCode":"2038346","giftWrapTaxCode":"2038857","ppu":-9.223372036854776E18,"fromPPU":-9.223372036854776E18,"contributesToThreshold":false,"isPIPEligible":"Y","checksum":-1,"freeShipping":false,"itemEligibleForFedEx":false,"is97CentShipping":false,"hasRebateLink":false,"storePickupable":true,"submapCode":0,"97CentShipping":false,"shippingDimensionX":35.24,"shippingDimensionY":56.93,"shippingDimensionZ":6.89,"employeeDiscountable":true,"combinedThresholdEligible":false,"availableShippingOfferCodes":null,"isFreeShipping":false}},"ppueligible":false,"uom":null,"unitCount":"0","itemFlags":null,"originalBaseUpc":"0002724283855","imageThumbnailURL":"http://i.walmartimages.com/i/p/00/02/72/42/83/0002724283855_60X60.gif","electronicDelivery":false,"productImageUrl":"http://i.walmartimages.com/i/p/00/02/72/42/83/0002724283855_215X215.jpg","hazardMaterial":false,"media":false,"specialPricing":null,"rebate":false,"putEligible":false,"imagePostCardURL":"http://i.walmartimages.com/i/p/00/02/72/42/83/0002724283855_150X150.jpg"}]