[{"genericContent":{"itemId":15992336,"sourceId":3,"rank":1,"itemName":"VIZIO 37\" Class LCD 1080p 60Hz HDTV, E371VL","itemShortName":null,"shortDescription":"The VIZIO 37\" 1080p LCD HDTV delivers full-HD performance for incredible detail and striking 100,000:1 Dynamic Contrast Ratio for truly deep blacks and brighter whites. No matter your lighting arrangement, the VIZIO 37\" 1080p LCD HDTV always has the best picture possible thanks to built-in ambient light sensing technology that automatically adjusts backlight levels based on its surroundings. The result is a balanced flat-screen picture that will never appear washed out or too bright.<br />\n<strong>Note:</strong> You must have a source of HD programming in order to take full advantage of the VIZIO 37\" 1080p LCD HDTV. Contact your local cable or satellite TV service provider for details on how to upgrade. <p>","longDescription":"<strong>VIZIO 37\" 1080p LCD HDTV, E371VL:</strong><br />\n<dl>\n<li>16:9 LCD panel with 1920 x 1080 full-HD 60Hz performance</li>\n</dl>\n<br />\n\n<li>Wide 178-degree vertical and 178-degree horizontal angles See a clear picture from anywhere in the room</li>\n<br />\n\n<li>High brightness of 450 cd/m2 Place your VIZIO 37\" 1080p LCD HDTV anywhere</li>\n<br />\n\n<li>100,000:1 dynamic contrast ratio and 6.5-ms response ensures bright whites, rich blacks, vivid colors and less blurring during on-screen motion</li>\n<br />\n\n<li>37\" diagonal screen size</li>\n<dl></dl>","shelfDescription":"<li>37\" diagonal screen size</li>\n<li>HDMI inputs: 2</li>\n<li>Wall mountable with detachable base stand</li>\n<li>SRS TruVolume and SRS TruSurroundHD</li>","mfgNo":"E371VL","modelNum":"E371VL","dimensionX":29.33,"dimensionY":41.73,"dimensionZ":8.86,"platform":null,"supplierWarranty":"1 Year Limited Warranty - Parts & Labor, Free Lifetime Technical Support","warrantyLength":null,"assembledCountryOfOrigin":"Imported","componentsCountryOfOrigin":"Imported","accessoriesIncluded":null,"accessoriesNotIncluded":null,"ageRange":null,"gender":null,"rating":null,"attributeValue1":null,"attributeValue2":null,"attributeValue3":null,"attributeName1":null,"attributeName2":null,"attributeName3":null,"brandName":"Vizio","manufacturerName":"Vizio","alternateViews":"5","imageId":-9223372036854775808,"addlWarnMsgA":null,"addlWarnMsgB":null,"altWarnMsg":"N","panZoomId":-9223372036854775808,"hasMatureContent":false,"attributeType1":null,"attributeUISetting1":null,"attributeRanking1":1,"attributeType2":null,"attributeUISetting2":null,"attributeRanking2":1,"attributeType3":null,"attributeUISetting3":null,"attributeRanking3":1,"attribute1_order":3,"attribute2_order":3,"attribute3_order":3,"partnerId":-1,"originalBaseUPC":"0084522600535","variantAttrData":null,"logoImage":"http://i.walmartimages.com/i/icon/-9/22/33/72/03/-9223372036854775808_100X60.gif","attributeData":[]},"alternateImageData":[{"imageSrc":"http://i.walmartimages.com/i/p/00/84/52/26/00/0084522600535_60X60.gif","lgImageSrc":"http://i.walmartimages.com/i/p/00/84/52/26/00/0084522600535_500X500.jpg","name":null},{"imageSrc":"http://i.walmartimages.com/i/p/00/84/52/26/00/0084522600535_AV_60X60.gif","lgImageSrc":"http://i.walmartimages.com/i/p/00/84/52/26/00/0084522600535_AV_500X500.jpg","name":null},{"imageSrc":"http://i.walmartimages.com/i/p/00/84/52/26/00/0084522600535_AV1_60X60.gif","lgImageSrc":"http://i.walmartimages.com/i/p/00/84/52/26/00/0084522600535_AV1_500X500.jpg","name":null},{"imageSrc":"http://i.walmartimages.com/i/p/00/84/52/26/00/0084522600535_AV2_60X60.gif","lgImageSrc":"http://i.walmartimages.com/i/p/00/84/52/26/00/0084522600535_AV2_500X500.jpg","name":null},{"imageSrc":"http://i.walmartimages.com/i/p/00/84/52/26/00/0084522600535_AV3_60X60.gif","lgImageSrc":"http://i.walmartimages.com/i/p/00/84/52/26/00/0084522600535_AV3_500X500.jpg","name":null},{"imageSrc":"http://i.walmartimages.com/i/p/00/84/52/26/00/0084522600535_AV4_60X60.gif","lgImageSrc":"http://i.walmartimages.com/i/p/00/84/52/26/00/0084522600535_AV4_500X500.jpg","name":null}],"id":15992336,"comparable":true,"upc":"0084522600535","customerRatingUrl":"http://www.walmart.com/i/CustRating/4_2.gif","partnerId":-1,"itemAttributes":[{"itemID":15992336,"groupName":"General","groupDisplayOrder":1,"contentProviderId":3,"attributeName":"Product Type","attributeDisplayOrder":1,"attributeValue":"LCD TV","glossaryId":0,"attrDisplayName":"Product Type"},{"itemID":15992336,"groupName":"General","groupDisplayOrder":1,"contentProviderId":3,"attributeName":"PC Interface","attributeDisplayOrder":4,"attributeValue":"VGA (HD-15), HDMI","glossaryId":0,"attrDisplayName":"PC Interface"},{"itemID":15992336,"groupName":"General","groupDisplayOrder":1,"contentProviderId":3,"attributeName":"HDCP Compatible","attributeDisplayOrder":5,"attributeValue":"Yes","glossaryId":0,"attrDisplayName":"HDCP Compatible"},{"itemID":15992336,"groupName":"General","groupDisplayOrder":1,"contentProviderId":3,"attributeName":"Weight","attributeDisplayOrder":6,"attributeValue":"26.2 lbs","glossaryId":0,"attrDisplayName":"Weight"},{"itemID":15992336,"groupName":"General","groupDisplayOrder":1,"contentProviderId":3,"attributeName":"Width","attributeDisplayOrder":8,"attributeValue":"36.1 in","glossaryId":0,"attrDisplayName":"Width"},{"itemID":15992336,"groupName":"General","groupDisplayOrder":1,"contentProviderId":3,"attributeName":"Depth","attributeDisplayOrder":9,"attributeValue":"3.7 in","glossaryId":0,"attrDisplayName":"Depth"},{"itemID":15992336,"groupName":"General","groupDisplayOrder":1,"contentProviderId":3,"attributeName":"Height","attributeDisplayOrder":10,"attributeValue":"23.6 in","glossaryId":0,"attrDisplayName":"Height"},{"itemID":15992336,"groupName":"General","groupDisplayOrder":1,"contentProviderId":3,"attributeName":"Dimensions","attributeDisplayOrder":11,"attributeValue":"Without stand","glossaryId":0,"attrDisplayName":"Dimensions"},{"itemID":15992336,"groupName":"Display","groupDisplayOrder":2,"contentProviderId":3,"attributeName":"Resolution","attributeDisplayOrder":3,"attributeValue":"1920 x 1080","glossaryId":0,"attrDisplayName":"Resolution"},{"itemID":15992336,"groupName":"Display","groupDisplayOrder":2,"contentProviderId":3,"attributeName":"Image Aspect Ratio","attributeDisplayOrder":5,"attributeValue":"16:9","glossaryId":0,"attrDisplayName":"Image Aspect Ratio"},{"itemID":15992336,"groupName":"Display","groupDisplayOrder":2,"contentProviderId":3,"attributeName":"Viewing Angle","attributeDisplayOrder":7,"attributeValue":"178 degrees","glossaryId":0,"attrDisplayName":"Viewing Angle"},{"itemID":15992336,"groupName":"Display","groupDisplayOrder":2,"contentProviderId":3,"attributeName":"Viewing Angle (Vertical)","attributeDisplayOrder":8,"attributeValue":"178 degrees","glossaryId":0,"attrDisplayName":"Viewing Angle (Vertical)"},{"itemID":15992336,"groupName":"Display","groupDisplayOrder":2,"contentProviderId":3,"attributeName":"Brightness","attributeDisplayOrder":10,"attributeValue":"450 cd/m2","glossaryId":0,"attrDisplayName":"Brightness"},{"itemID":15992336,"groupName":"Display","groupDisplayOrder":2,"contentProviderId":3,"attributeName":"Additional Features","attributeDisplayOrder":12,"attributeValue":"JPEG photo playback, progressive scan","glossaryId":0,"attrDisplayName":"Additional Features"},{"itemID":15992336,"groupName":"Display","groupDisplayOrder":2,"contentProviderId":3,"attributeName":"Display Format","attributeDisplayOrder":13,"attributeValue":"1080p (FullHD)","glossaryId":0,"attrDisplayName":"Display Format"},{"itemID":15992336,"groupName":"Display","groupDisplayOrder":2,"contentProviderId":3,"attributeName":"V-Chip Control","attributeDisplayOrder":15,"attributeValue":"Yes","glossaryId":0,"attrDisplayName":"V-Chip Control"},{"itemID":15992336,"groupName":"Display","groupDisplayOrder":2,"contentProviderId":3,"attributeName":"Color Depth","attributeDisplayOrder":16,"attributeValue":"16.7 million colors","glossaryId":0,"attrDisplayName":"Color Depth"},{"itemID":15992336,"groupName":"Display","groupDisplayOrder":2,"contentProviderId":3,"attributeName":"Color Temperature Control","attributeDisplayOrder":20,"attributeValue":"Yes","glossaryId":0,"attrDisplayName":"Color Temperature Control"},{"itemID":15992336,"groupName":"Display","groupDisplayOrder":2,"contentProviderId":3,"attributeName":"Dynamic Contrast Ratio","attributeDisplayOrder":22,"attributeValue":"100000:1","glossaryId":0,"attrDisplayName":"Dynamic Contrast Ratio"},{"itemID":15992336,"groupName":"Display","groupDisplayOrder":2,"contentProviderId":3,"attributeName":"Pixel Pitch","attributeDisplayOrder":30,"attributeValue":"0.42675 x 0.42675mm","glossaryId":0,"attrDisplayName":"Pixel Pitch"},{"itemID":15992336,"groupName":"TV Tuner","groupDisplayOrder":3,"contentProviderId":3,"attributeName":"Analog TV Tuner","attributeDisplayOrder":7,"attributeValue":"NTSC","glossaryId":0,"attrDisplayName":"Analog TV Tuner"},{"itemID":15992336,"groupName":"Remote Control","groupDisplayOrder":4,"contentProviderId":3,"attributeName":"Type","attributeDisplayOrder":1,"attributeValue":"Universal remote control","glossaryId":0,"attrDisplayName":"Type"},{"itemID":15992336,"groupName":"Audio System","groupDisplayOrder":5,"contentProviderId":3,"attributeName":"Sound Output Mode","attributeDisplayOrder":1,"attributeValue":"Stereo","glossaryId":0,"attrDisplayName":"Sound Output Mode"},{"itemID":15992336,"groupName":"Audio System","groupDisplayOrder":5,"contentProviderId":3,"attributeName":"Output Power / Total","attributeDisplayOrder":3,"attributeValue":"20 Watt","glossaryId":0,"attrDisplayName":"Output Power / Total"},{"itemID":15992336,"groupName":"Audio System","groupDisplayOrder":5,"contentProviderId":3,"attributeName":"Additional Features","attributeDisplayOrder":4,"attributeValue":"SRS TruVolume","glossaryId":0,"attrDisplayName":"Additional Features"},{"itemID":15992336,"groupName":"Audio System","groupDisplayOrder":5,"contentProviderId":3,"attributeName":"Speaker(s)","attributeDisplayOrder":5,"attributeValue":"2 x main channel speaker - built-in - 10 Watt","glossaryId":0,"attrDisplayName":"Speaker(s)"},{"itemID":15992336,"groupName":"Audio System","groupDisplayOrder":5,"contentProviderId":3,"attributeName":"Sound Effects","attributeDisplayOrder":6,"attributeValue":"SRS TruSurround HD","glossaryId":0,"attrDisplayName":"Sound Effects"},{"itemID":15992336,"groupName":"Audio System","groupDisplayOrder":5,"contentProviderId":3,"attributeName":"Audio Controls","attributeDisplayOrder":8,"attributeValue":"Equalizer","glossaryId":0,"attrDisplayName":"Audio Controls"},{"itemID":15992336,"groupName":"Audio System","groupDisplayOrder":5,"contentProviderId":3,"attributeName":"Equalizer","attributeDisplayOrder":9,"attributeValue":"Yes","glossaryId":0,"attrDisplayName":"Equalizer"},{"itemID":15992336,"groupName":"Audio System","groupDisplayOrder":5,"contentProviderId":3,"attributeName":"Surround Mode","attributeDisplayOrder":10,"attributeValue":"Yes","glossaryId":0,"attrDisplayName":"Surround Mode"},{"itemID":15992336,"groupName":"Connections","groupDisplayOrder":6,"contentProviderId":3,"attributeName":"Connector Type","attributeDisplayOrder":1,"attributeValue":"2 x HDMI ( 19 pin HDMI Type A ) - rear ¦ 1 x component video input ( RCA phono x 3 ) - rear ¦ 3 x audio line-in ( RCA phono x 2 ) - rear ¦ 1 x digital audio output (optical) ( TOSLINK ) - rear ¦ 1 x VGA input ( 15 pin HD D-Sub (HD-15) ) - rear ¦ 1 x audio line-out ( RCA phono x 2 ) - rear ¦ 1 x digital audio output (optical) ( TOSLINK ) - rear ¦ 1 x audio line-in ( mini-phone stereo 3.5 mm ) - rear ¦ 1 x USB ( 4 pin USB Type A ) - side","glossaryId":0,"attrDisplayName":"Connector Type"},{"itemID":15992336,"groupName":"Miscellaneous","groupDisplayOrder":7,"contentProviderId":3,"attributeName":"Compliant Standards","attributeDisplayOrder":2,"attributeValue":"FCC Class B certified, CSA","glossaryId":0,"attrDisplayName":"Compliant Standards"},{"itemID":15992336,"groupName":"Power","groupDisplayOrder":8,"contentProviderId":3,"attributeName":"Power Device","attributeDisplayOrder":1,"attributeValue":"Power supply - internal","glossaryId":0,"attrDisplayName":"Power Device"},{"itemID":15992336,"groupName":"Power","groupDisplayOrder":8,"contentProviderId":3,"attributeName":"Power Consumption Stand by / Sleep","attributeDisplayOrder":3,"attributeValue":"0.37 Watt","glossaryId":0,"attrDisplayName":"Power Consumption Stand by / Sleep"},{"itemID":15992336,"groupName":"Video Features","groupDisplayOrder":10,"contentProviderId":3,"attributeName":"Input Video Formats","attributeDisplayOrder":3,"attributeValue":"480p, 720p, 1080i, 1080p, 480i","glossaryId":0,"attrDisplayName":"Input Video Formats"},{"itemID":15992336,"groupName":"Video Features","groupDisplayOrder":10,"contentProviderId":3,"attributeName":"Supported Computer Resolutions","attributeDisplayOrder":4,"attributeValue":"1024 x 768 (XGA), 640 x 480 (VGA), 800 x 600 (SVGA), 1920 x 1080","glossaryId":0,"attrDisplayName":"Supported Computer Resolutions"},{"itemID":15992336,"groupName":"Video Features","groupDisplayOrder":10,"contentProviderId":3,"attributeName":"Closed Caption Capability","attributeDisplayOrder":6,"attributeValue":"Yes","glossaryId":0,"attrDisplayName":"Closed Caption Capability"},{"itemID":15992336,"groupName":"Stands & Mounts","groupDisplayOrder":12,"contentProviderId":3,"attributeName":"Stand Design","attributeDisplayOrder":2,"attributeValue":"Tabletop","glossaryId":0,"attrDisplayName":"Stand Design"},{"itemID":15992336,"groupName":"Stands & Mounts","groupDisplayOrder":12,"contentProviderId":3,"attributeName":"Flat Panel Mount Interface","attributeDisplayOrder":4,"attributeValue":"200 x 200 mm","glossaryId":0,"attrDisplayName":"Flat Panel Mount Interface"},{"itemID":15992336,"groupName":"Dimensions & Weight Details","groupDisplayOrder":13,"contentProviderId":3,"attributeName":"Dimensions & Weight Details","attributeDisplayOrder":1,"attributeValue":"Panel with stand - 36.1 in x 8.3 in x 25.2 in x 26.2 lbs ¦ Panel without stand - 36.1 in x 3.7 in x 23.6 in x 24.5 lbs","glossaryId":0,"attrDisplayName":"Dimensions & Weight Details"},{"itemID":15992336,"groupName":"Digital TV Tuner","groupDisplayOrder":15,"contentProviderId":3,"attributeName":"Digital TV Tuner","attributeDisplayOrder":2,"attributeValue":"ATSC, QAM","glossaryId":0,"attrDisplayName":"Digital TV Tuner"}],"sellers":{"0":{"itemId":15992336,"sellerId":0,"sellerTypeId":1,"sellerName":"Walmart.com","currentItemPrice":348.0,"vendorItemNum":"E371VL","weight":34.8,"wrapCode":0,"maximumItems":5,"baseItemPrice":358.0,"stockWaterMark":0,"displayStatus":3,"tagCode":0,"baseSuggPrice":399.99,"packingSlipCode":0,"minPrice":348.0,"maxPrice":348.0,"priceChangeCode":5,"productTaxCode":"PTG9","rebateAmount":-9.223372036854776E18,"rebateTargetURL":null,"shippingDimX":29.43,"shippingDimY":41.73,"shippingDimZ":8.86,"s2SE":true,"sellerItemFlags":null,"freeReturns":false,"shipAlone":false,"remapToItemId":-9223372036854775808,"remapAction":null,"promotionDiscount":-9.223372036854776E18,"promotionMessageType":"","minPromotionAmount":-9.223372036854776E18,"maxPromotionAmount":-9.223372036854776E18,"fedExEligible":false,"smallFormatEligible":false,"thresholdShippingEligible":false,"isS2SOnly":false,"tweTaxCode":"2042534","shippingTaxCode":"2038346","giftWrapTaxCode":"2038857","ppu":-9.223372036854776E18,"fromPPU":-9.223372036854776E18,"contributesToThreshold":false,"isPIPEligible":"Y","checksum":-1,"freeShipping":false,"itemEligibleForFedEx":false,"is97CentShipping":false,"hasRebateLink":false,"storePickupable":true,"submapCode":0,"97CentShipping":false,"shippingDimensionX":29.43,"shippingDimensionY":41.73,"shippingDimensionZ":8.86,"employeeDiscountable":true,"combinedThresholdEligible":false,"availableShippingOfferCodes":null,"isFreeShipping":false}},"ppueligible":false,"uom":null,"unitCount":"0","itemFlags":null,"originalBaseUpc":"0084522600535","imageThumbnailURL":"http://i.walmartimages.com/i/p/00/84/52/26/00/0084522600535_60X60.gif","electronicDelivery":false,"productImageUrl":"http://i.walmartimages.com/i/p/00/84/52/26/00/0084522600535_215X215.jpg","hazardMaterial":false,"media":false,"specialPricing":null,"rebate":false,"putEligible":true,"imagePostCardURL":"http://i.walmartimages.com/i/p/00/84/52/26/00/0084522600535_150X150.jpg"}]