[{"genericContent":{"itemId":16915244,"sourceId":2,"rank":1,"itemName":"Vizio 42\" Class  LCD 1080p 60Hz HDTV , E421VO, RCA  Home Theater System, 6ft HDMI Cable, TV Bundle","itemShortName":null,"shortDescription":"<p>The VIZIO E421VO HDTV is a 42-inch LCD TV that delivers full-HD picture. Equipped with a 100,000:1 contrast ratio, the clear picture HDTV resolves the brightest white, darkest black and all the shades in between with excellent accuracy. With 178 degree vertical and horizontal wide viewing angles, you can view a clear picture from anywhere in the room. It features a refresh rate of 60Hz that reproduces live action like sports broadcasts in stunning detail. The Vizio 42\" class LCD 1080p 60Hz HDTV also boasts of ambient light-sensing technology that synchronizes the backlight according to the room's brightness. This allows for a fatigue free viewing experience even during long sessions. The LCD HDTV can effortlessly render videos up to full HD 1920 X 1080 resolution. It comes with a robust 5 ms response time which facilitates robust console gaming. Overall, if you are looking for a sleek TV that delivers crystal-clear picture quality, the E421VO is a smart choice.</p>","longDescription":"<strong>VIZIO E421VO HDTV:</strong><li>16:9 LCD panel</li><li>With 1920 x 1080 full-HD resolution</li><li>Wide 178-degree vertical and 178-degree horizontal angles</li><li>See a clear picture from anywhere in the room on the VIZIO 42\" 1080p LCD HDTV </li><li>Built-in ATSC digital/NTSC analog tuner</li><li>Receive digital broadcasts including HDTV programs, where available</li><li>High brightness of 500 cd/m2</li><li>Place your TV anywhere</li><li>100,000:1 dynamic contrast ratio and with 8-ms. response</li><li>Ensures bright whites, rich blacks, vivid colors and less blurring during on-screen motion</li>","shelfDescription":"<li>42.02\" diagonal screen size<li>HDMI inputs: 2<li>Wall mountable with detachable base stand<li>SRS TruVolume and SRS TruSurroundHD","mfgNo":null,"modelNum":null,"dimensionX":-9.223372036854776E18,"dimensionY":-9.223372036854776E18,"dimensionZ":-9.223372036854776E18,"platform":null,"supplierWarranty":null,"warrantyLength":null,"assembledCountryOfOrigin":null,"componentsCountryOfOrigin":null,"accessoriesIncluded":null,"accessoriesNotIncluded":null,"ageRange":null,"gender":null,"rating":null,"attributeValue1":null,"attributeValue2":null,"attributeValue3":null,"attributeName1":null,"attributeName2":null,"attributeName3":null,"brandName":null,"manufacturerName":null,"alternateViews":null,"imageId":-9223372036854775808,"addlWarnMsgA":null,"addlWarnMsgB":null,"altWarnMsg":"N","panZoomId":2,"hasMatureContent":false,"attributeType1":null,"attributeUISetting1":null,"attributeRanking1":1,"attributeType2":null,"attributeUISetting2":null,"attributeRanking2":1,"attributeType3":null,"attributeUISetting3":null,"attributeRanking3":1,"attribute1_order":3,"attribute2_order":3,"attribute3_order":3,"partnerId":-1,"originalBaseUPC":"1113000951768","variantAttrData":null,"logoImage":"http://i.walmartimages.com/i/icon/-9/22/33/72/03/-9223372036854775808_100X60.gif","attributeData":[]},"alternateImageData":[],"id":16915244,"comparable":false,"upc":"1113000951768","customerRatingUrl":null,"partnerId":-1,"itemAttributes":[{"itemID":16915244,"groupName":"Additional Specifications","groupDisplayOrder":34,"contentProviderId":2,"attributeName":"Type","attributeDisplayOrder":38,"attributeValue":"LCD","glossaryId":0,"attrDisplayName":"Type"},{"itemID":16915244,"groupName":"Additional Specifications","groupDisplayOrder":34,"contentProviderId":2,"attributeName":"finer categorizations","attributeDisplayOrder":39,"attributeValue":"Flat Panel","glossaryId":0,"attrDisplayName":"finer categorizations"}],"sellers":{"0":{"itemId":16915244,"sellerId":0,"sellerTypeId":1,"sellerName":"Walmart.com","currentItemPrice":499.0,"vendorItemNum":null,"weight":86.9,"wrapCode":0,"maximumItems":5,"baseItemPrice":509.0,"stockWaterMark":0,"displayStatus":3,"tagCode":0,"baseSuggPrice":699.99,"packingSlipCode":0,"minPrice":499.0,"maxPrice":499.0,"priceChangeCode":5,"productTaxCode":null,"rebateAmount":-9.223372036854776E18,"rebateTargetURL":null,"shippingDimX":52.0,"shippingDimY":48.0,"shippingDimZ":36.2,"s2SE":false,"sellerItemFlags":null,"freeReturns":false,"shipAlone":false,"remapToItemId":-9223372036854775808,"remapAction":null,"promotionDiscount":-9.223372036854776E18,"promotionMessageType":"","minPromotionAmount":-9.223372036854776E18,"maxPromotionAmount":-9.223372036854776E18,"fedExEligible":false,"smallFormatEligible":false,"thresholdShippingEligible":false,"isS2SOnly":false,"tweTaxCode":null,"shippingTaxCode":"2038346","giftWrapTaxCode":"2038857","ppu":-9.223372036854776E18,"fromPPU":-9.223372036854776E18,"contributesToThreshold":false,"isPIPEligible":"Y","checksum":-1,"freeShipping":false,"itemEligibleForFedEx":false,"is97CentShipping":false,"hasRebateLink":false,"storePickupable":true,"submapCode":0,"97CentShipping":false,"shippingDimensionX":52.0,"shippingDimensionY":48.0,"shippingDimensionZ":36.2,"employeeDiscountable":true,"combinedThresholdEligible":false,"availableShippingOfferCodes":null,"isFreeShipping":false}},"ppueligible":false,"uom":null,"unitCount":"0","itemFlags":null,"originalBaseUpc":"1113000951768","imageThumbnailURL":"http://i.walmartimages.com/i/p/11/13/00/09/51/1113000951768_60X60.gif","electronicDelivery":false,"productImageUrl":"http://i.walmartimages.com/i/p/11/13/00/09/51/1113000951768_215X215.jpg","hazardMaterial":false,"media":false,"specialPricing":null,"rebate":false,"putEligible":false,"imagePostCardURL":"http://i.walmartimages.com/i/p/11/13/00/09/51/1113000951768_150X150.jpg"}]