[{"genericContent":{"itemId":20554040,"sourceId":3,"rank":1,"itemName":"Samsung 51\" Class Plasma 720p 600Hz HDTV, PN51E450","itemShortName":null,"shortDescription":"This Samsung 51\" plasma TV features improved black levels for high picture quality at a reasonable price. 600Hz Subfield Motion performance provides an increased refresh rate for clear, crisp motion and improved black levels. You'll also like the slim cabinet of this attractive Samsung 51\" television.<br><br><b>Note:</b> You must have a source of HD programming in order to take full advantage of the Samsung 51\" plasma TV. Contact your local cable or satellite TV service provider for details on how to upgrade.","longDescription":"<br><b>Samsung 51\" 720p HDTV, 600Hz, PN51E450:</b><ul><li>51\" plasma panel<br>With 1366 x 768 resolution<li>True 16:9 aspect ratio<br>View your movies as the director intended<li>Built-in digital tuner<br>Watch digital broadcasts, including HDTV programs where available, on this Samsung 51\" plasma TV<li>HDMI Inputs: 2<br>Enjoy a superior HD experience with the HDMI one-cable solution<li>50.7\" screen is measured diagonally from corner to corner<li>USB port<br>Listen to music and view photos from USB storage devices</ul><br><b>ENERGY STAR<sup>&reg;</sup></b><br>Products that are ENERGY STAR-qualified prevent greenhouse gas emissions by meeting strict energy efficiency guidelines set by the U.S. Environmental Protection Agency and the U.S. Department of Energy. The ENERGY STAR name and marks are registered marks owned by the U.S. government, as part of their energy efficiency and environmental activities.","shelfDescription":"<li>50.7\" diagonal screen size<li>HDMI Inputs: 2<li>USB port","mfgNo":"PN51E450","modelNum":"PN51E450","dimensionX":29.9,"dimensionY":46.8,"dimensionZ":10.3,"platform":null,"supplierWarranty":"1 Year Limited Warranty","warrantyLength":null,"assembledCountryOfOrigin":"Imported","componentsCountryOfOrigin":"Imported","accessoriesIncluded":null,"accessoriesNotIncluded":null,"ageRange":null,"gender":null,"rating":null,"attributeValue1":null,"attributeValue2":null,"attributeValue3":null,"attributeName1":null,"attributeName2":null,"attributeName3":null,"brandName":"Samsung","manufacturerName":"Samsung","alternateViews":"4","imageId":-9223372036854775808,"addlWarnMsgA":null,"addlWarnMsgB":null,"altWarnMsg":"N","panZoomId":2,"hasMatureContent":false,"attributeType1":null,"attributeUISetting1":null,"attributeRanking1":1,"attributeType2":null,"attributeUISetting2":null,"attributeRanking2":1,"attributeType3":null,"attributeUISetting3":null,"attributeRanking3":1,"attribute1_order":3,"attribute2_order":3,"attribute3_order":3,"partnerId":-1,"originalBaseUPC":"0003672523682","variantAttrData":null,"logoImage":"http://i.walmartimages.com/i/icon/-9/22/33/72/03/-9223372036854775808_100X60.gif","attributeData":[]},"alternateImageData":[{"imageSrc":"http://i.walmartimages.com/i/p/00/03/67/25/23/0003672523682_60X60.gif","lgImageSrc":"http://i.walmartimages.com/i/p/00/03/67/25/23/0003672523682_500X500.jpg","name":null},{"imageSrc":"http://i.walmartimages.com/i/p/00/03/67/25/23/0003672523682_AV_60X60.gif","lgImageSrc":"http://i.walmartimages.com/i/p/00/03/67/25/23/0003672523682_AV_500X500.jpg","name":null},{"imageSrc":"http://i.walmartimages.com/i/p/00/03/67/25/23/0003672523682_AV1_60X60.gif","lgImageSrc":"http://i.walmartimages.com/i/p/00/03/67/25/23/0003672523682_AV1_500X500.jpg","name":null},{"imageSrc":"http://i.walmartimages.com/i/p/00/03/67/25/23/0003672523682_AV2_60X60.gif","lgImageSrc":"http://i.walmartimages.com/i/p/00/03/67/25/23/0003672523682_AV2_500X500.jpg","name":null},{"imageSrc":"http://i.walmartimages.com/i/p/00/03/67/25/23/0003672523682_AV3_60X60.gif","lgImageSrc":"http://i.walmartimages.com/i/p/00/03/67/25/23/0003672523682_AV3_500X500.jpg","name":null}],"id":20554040,"comparable":true,"upc":"0003672523682","customerRatingUrl":"http://www.walmart.com/i/CustRating/4_6.gif","partnerId":-1,"itemAttributes":[{"itemID":20554040,"groupName":"Display","groupDisplayOrder":1,"contentProviderId":3,"attributeName":"Additional Features","attributeDisplayOrder":7,"attributeValue":"On/off timer, clock, auto power off, on-screen menu, game mode, ConnectShare Movie, Wide Color Enhancer Plus, Eco Sensor, Plasma +1, progressive scan","glossaryId":0,"attrDisplayName":"Additional Features"},{"itemID":20554040,"groupName":"Display","groupDisplayOrder":1,"contentProviderId":3,"attributeName":"Display Format","attributeDisplayOrder":11,"attributeValue":"720p","glossaryId":0,"attrDisplayName":"Display Format"},{"itemID":20554040,"groupName":"Display","groupDisplayOrder":1,"contentProviderId":3,"attributeName":"Resolution","attributeDisplayOrder":12,"attributeValue":"1024 x 768","glossaryId":0,"attrDisplayName":"Resolution"},{"itemID":20554040,"groupName":"Display","groupDisplayOrder":1,"contentProviderId":3,"attributeName":"V-Chip Control","attributeDisplayOrder":15,"attributeValue":"Yes","glossaryId":0,"attrDisplayName":"V-Chip Control"},{"itemID":20554040,"groupName":"Remote Control","groupDisplayOrder":4,"contentProviderId":3,"attributeName":"Type","attributeDisplayOrder":1,"attributeValue":"Remote control","glossaryId":0,"attrDisplayName":"Type"},{"itemID":20554040,"groupName":"Audio System","groupDisplayOrder":5,"contentProviderId":3,"attributeName":"Sound Output Mode","attributeDisplayOrder":1,"attributeValue":"Stereo","glossaryId":0,"attrDisplayName":"Sound Output Mode"},{"itemID":20554040,"groupName":"Audio System","groupDisplayOrder":5,"contentProviderId":3,"attributeName":"Surround Mode","attributeDisplayOrder":2,"attributeValue":"Yes","glossaryId":0,"attrDisplayName":"Surround Mode"},{"itemID":20554040,"groupName":"Audio System","groupDisplayOrder":5,"contentProviderId":3,"attributeName":"Sound Effects","attributeDisplayOrder":3,"attributeValue":"SRS TheaterSound","glossaryId":0,"attrDisplayName":"Sound Effects"},{"itemID":20554040,"groupName":"Audio System","groupDisplayOrder":5,"contentProviderId":3,"attributeName":"Output Power / Total","attributeDisplayOrder":6,"attributeValue":"20 Watt","glossaryId":0,"attrDisplayName":"Output Power / Total"},{"itemID":20554040,"groupName":"Audio System","groupDisplayOrder":5,"contentProviderId":3,"attributeName":"Additional Features","attributeDisplayOrder":7,"attributeValue":"Down-firing Speaker, Auto Volume Leveller (AVL)","glossaryId":0,"attrDisplayName":"Additional Features"},{"itemID":20554040,"groupName":"Audio System","groupDisplayOrder":5,"contentProviderId":3,"attributeName":"Speaker(s)","attributeDisplayOrder":8,"attributeValue":"2 x right/left channel speaker - built-in - 10 Watt","glossaryId":0,"attrDisplayName":"Speaker(s)"},{"itemID":20554040,"groupName":"Connections","groupDisplayOrder":6,"contentProviderId":3,"attributeName":"Connector Type","attributeDisplayOrder":1,"attributeValue":"2 x HDMI input ( 19 pin HDMI Type A ) ¦ 1 x component video input ¦ 1 x composite video input ¦ 1 x digital audio output (optical) ( TOSLINK ) ¦ 1 x USB 2.0 ( 4 pin USB Type A )","glossaryId":0,"attrDisplayName":"Connector Type"},{"itemID":20554040,"groupName":"Power","groupDisplayOrder":7,"contentProviderId":3,"attributeName":"Power Device","attributeDisplayOrder":1,"attributeValue":"Power supply","glossaryId":0,"attrDisplayName":"Power Device"},{"itemID":20554040,"groupName":"Power","groupDisplayOrder":7,"contentProviderId":3,"attributeName":"Power Consumption Stand by / Sleep","attributeDisplayOrder":3,"attributeValue":"0.3 Watt","glossaryId":0,"attrDisplayName":"Power Consumption Stand by / Sleep"},{"itemID":20554040,"groupName":"General","groupDisplayOrder":9,"contentProviderId":3,"attributeName":"Product Type","attributeDisplayOrder":1,"attributeValue":"Plasma TV","glossaryId":0,"attrDisplayName":"Product Type"},{"itemID":20554040,"groupName":"General","groupDisplayOrder":9,"contentProviderId":3,"attributeName":"Width","attributeDisplayOrder":4,"attributeValue":"46.9 in","glossaryId":0,"attrDisplayName":"Width"},{"itemID":20554040,"groupName":"General","groupDisplayOrder":9,"contentProviderId":3,"attributeName":"Depth","attributeDisplayOrder":5,"attributeValue":"2.2 in","glossaryId":0,"attrDisplayName":"Depth"},{"itemID":20554040,"groupName":"General","groupDisplayOrder":9,"contentProviderId":3,"attributeName":"Height","attributeDisplayOrder":6,"attributeValue":"27.8 in","glossaryId":0,"attrDisplayName":"Height"},{"itemID":20554040,"groupName":"General","groupDisplayOrder":9,"contentProviderId":3,"attributeName":"Weight","attributeDisplayOrder":7,"attributeValue":"43.2 lbs","glossaryId":0,"attrDisplayName":"Weight"},{"itemID":20554040,"groupName":"General","groupDisplayOrder":9,"contentProviderId":3,"attributeName":"Series","attributeDisplayOrder":8,"attributeValue":"450 Series","glossaryId":0,"attrDisplayName":"Series"},{"itemID":20554040,"groupName":"General","groupDisplayOrder":9,"contentProviderId":3,"attributeName":"Enclosure Color","attributeDisplayOrder":11,"attributeValue":"Charcoal black","glossaryId":0,"attrDisplayName":"Enclosure Color"},{"itemID":20554040,"groupName":"Environmental Parameters","groupDisplayOrder":18,"contentProviderId":3,"attributeName":"Min Operating Temperature","attributeDisplayOrder":1,"attributeValue":"50 °F","glossaryId":0,"attrDisplayName":"Min Operating Temperature"},{"itemID":20554040,"groupName":"Environmental Parameters","groupDisplayOrder":18,"contentProviderId":3,"attributeName":"Max Operating Temperature","attributeDisplayOrder":2,"attributeValue":"104 °F","glossaryId":0,"attrDisplayName":"Max Operating Temperature"},{"itemID":20554040,"groupName":"Environmental Parameters","groupDisplayOrder":18,"contentProviderId":3,"attributeName":"Humidity Range Operating","attributeDisplayOrder":3,"attributeValue":"10 - 80% (non-condensing)","glossaryId":0,"attrDisplayName":"Humidity Range Operating"},{"itemID":20554040,"groupName":"Dimensions & Weight Details","groupDisplayOrder":20,"contentProviderId":3,"attributeName":"Dimensions & Weight Details","attributeDisplayOrder":1,"attributeValue":"Panel without stand - 46.9 in x 2.2 in x 27.8 in x 43.2 lbs ¦ Panel with stand - 46.9 in x 10.3 in x 29.9 in x 45.9 lbs","glossaryId":0,"attrDisplayName":"Dimensions & Weight Details"},{"itemID":20554040,"groupName":"Digital TV Tuner","groupDisplayOrder":32,"contentProviderId":3,"attributeName":"Digital TV Tuner","attributeDisplayOrder":1,"attributeValue":"ATSC, QAM","glossaryId":0,"attrDisplayName":"Digital TV Tuner"}],"sellers":{"0":{"itemId":20554040,"sellerId":0,"sellerTypeId":1,"sellerName":"Walmart.com","currentItemPrice":548.0,"vendorItemNum":"PN51E450","weight":58.86,"wrapCode":0,"maximumItems":5,"baseItemPrice":548.0,"stockWaterMark":2,"displayStatus":3,"tagCode":0,"baseSuggPrice":649.99,"packingSlipCode":0,"minPrice":548.0,"maxPrice":548.0,"priceChangeCode":0,"productTaxCode":"PTG9","rebateAmount":-9.223372036854776E18,"rebateTargetURL":null,"shippingDimX":32.9,"shippingDimY":51.2,"shippingDimZ":13.0,"s2SE":false,"sellerItemFlags":null,"freeReturns":false,"shipAlone":false,"remapToItemId":-9223372036854775808,"remapAction":null,"promotionDiscount":-9.223372036854776E18,"promotionMessageType":"","minPromotionAmount":-9.223372036854776E18,"maxPromotionAmount":-9.223372036854776E18,"fedExEligible":false,"smallFormatEligible":false,"thresholdShippingEligible":false,"isS2SOnly":false,"tweTaxCode":"2042530","shippingTaxCode":"2038346","giftWrapTaxCode":"2038857","ppu":-9.223372036854776E18,"fromPPU":-9.223372036854776E18,"contributesToThreshold":false,"isPIPEligible":"Y","checksum":-1,"freeShipping":false,"itemEligibleForFedEx":false,"is97CentShipping":false,"hasRebateLink":false,"storePickupable":true,"submapCode":0,"97CentShipping":false,"shippingDimensionX":32.9,"shippingDimensionY":51.2,"shippingDimensionZ":13.0,"employeeDiscountable":true,"combinedThresholdEligible":false,"availableShippingOfferCodes":null,"isFreeShipping":false}},"ppueligible":false,"uom":null,"unitCount":"0","itemFlags":null,"originalBaseUpc":"0003672523682","imageThumbnailURL":"http://i.walmartimages.com/i/p/00/03/67/25/23/0003672523682_60X60.gif","electronicDelivery":false,"productImageUrl":"http://i.walmartimages.com/i/p/00/03/67/25/23/0003672523682_215X215.jpg","hazardMaterial":false,"media":false,"specialPricing":null,"rebate":false,"putEligible":true,"imagePostCardURL":"http://i.walmartimages.com/i/p/00/03/67/25/23/0003672523682_150X150.jpg"}]