[{"genericContent":{"itemId":17208301,"sourceId":2,"rank":1,"itemName":"Philips 40\" Class LCD 1080p 60Hz HDTV, 40PFL3505D/F7B, Refurbished","itemShortName":null,"shortDescription":"Whether movies, sports or games, experience crisp picture and sound on this Philips 40\" LCD TV. With Philips quality and a sophisticated design, this   refurbished Philips 40\" television could be the right choice for any room of your house.<p><b>Note:</b> You must have a source of HD programming in order to take full advantage of the Philips 40\" LCD TV. Contact your local cable or satellite TV service provider for details on how to upgrade.<p><b>ENERGY STAR<sup>&reg;</sup></b><br>Products that are ENERGY STAR-qualified prevent greenhouse gas emissions by meeting strict energy efficiency guidelines set by the U.S. Environmental Protection Agency and the U.S. Department of Energy. The ENERGY STAR name and marks are registered marks owned by the U.S. government, as part of their energy efficiency and environmental activities.","longDescription":"<p><b>Philips 40\" 1080p HDTV, 40PFL3505D/F7B, Refurbished:</b><ul><li>16:9 LCD panel<br>With 1920 x 1080 full-HD resolution<li>40\" class screen size<br>40\" screen of the Philips 40\" LCD TV is measured diagonally from corner to corner<li>Wide 176-degree vertical and 176-degree horizontal angles<br>See a clear picture from anywhere in the room<li>Built-in digital tuner<br>Watch digital broadcasts, including HDTV programs where available<li>High brightness of 340cd/m2 with 6-ms. response time<br>Place your Philips HDTV anywhere<li>21,000:1 dynamic contrast ratio<li>HDMI Inputs: 3<br>Enjoy a superior HD experience with the HDMI one-cable solution<li>Wall mountable<br>VESA standard 400mm x 200mm</ul>","shelfDescription":"<li>40\" diagonal screen size<li>HDMI Inputs: 3<li>Wall mountable<li>Built-in digital tuner","mfgNo":"40PFL3505D/F7B","modelNum":"40PFL3505D/F7B","dimensionX":26.22,"dimensionY":39.06,"dimensionZ":9.37,"platform":null,"supplierWarranty":"90 Day Limited Warranty","warrantyLength":null,"assembledCountryOfOrigin":"USA or Imported","componentsCountryOfOrigin":"USA or Imported","accessoriesIncluded":null,"accessoriesNotIncluded":null,"ageRange":null,"gender":null,"rating":null,"attributeValue1":null,"attributeValue2":null,"attributeValue3":null,"attributeName1":null,"attributeName2":null,"attributeName3":null,"brandName":"Philips","manufacturerName":"Trigg Laboratories","alternateViews":"8","imageId":-9223372036854775808,"addlWarnMsgA":null,"addlWarnMsgB":null,"altWarnMsg":"N","panZoomId":2,"hasMatureContent":false,"attributeType1":null,"attributeUISetting1":null,"attributeRanking1":1,"attributeType2":null,"attributeUISetting2":null,"attributeRanking2":1,"attributeType3":null,"attributeUISetting3":null,"attributeRanking3":1,"attribute1_order":3,"attribute2_order":3,"attribute3_order":3,"partnerId":-1,"originalBaseUPC":"0060534204512","variantAttrData":null,"logoImage":"http://i.walmartimages.com/i/icon/-9/22/33/72/03/-9223372036854775808_100X60.gif","attributeData":[]},"alternateImageData":[{"imageSrc":"http://i.walmartimages.com/i/p/00/60/53/42/04/0060534204512_60X60.gif","lgImageSrc":"http://i.walmartimages.com/i/p/00/60/53/42/04/0060534204512_500X500.jpg","name":null},{"imageSrc":"http://i.walmartimages.com/i/p/00/60/53/42/04/0060534204512_AV_60X60.gif","lgImageSrc":"http://i.walmartimages.com/i/p/00/60/53/42/04/0060534204512_AV_500X500.jpg","name":null},{"imageSrc":"http://i.walmartimages.com/i/p/00/60/53/42/04/0060534204512_AV1_60X60.gif","lgImageSrc":"http://i.walmartimages.com/i/p/00/60/53/42/04/0060534204512_AV1_500X500.jpg","name":null},{"imageSrc":"http://i.walmartimages.com/i/p/00/60/53/42/04/0060534204512_AV2_60X60.gif","lgImageSrc":"http://i.walmartimages.com/i/p/00/60/53/42/04/0060534204512_AV2_500X500.jpg","name":null},{"imageSrc":"http://i.walmartimages.com/i/p/00/60/53/42/04/0060534204512_AV3_60X60.gif","lgImageSrc":"http://i.walmartimages.com/i/p/00/60/53/42/04/0060534204512_AV3_500X500.jpg","name":null},{"imageSrc":"http://i.walmartimages.com/i/p/00/60/53/42/04/0060534204512_AV4_60X60.gif","lgImageSrc":"http://i.walmartimages.com/i/p/00/60/53/42/04/0060534204512_AV4_500X500.jpg","name":null},{"imageSrc":"http://i.walmartimages.com/i/p/00/60/53/42/04/0060534204512_AV5_60X60.gif","lgImageSrc":"http://i.walmartimages.com/i/p/00/60/53/42/04/0060534204512_AV5_500X500.jpg","name":null},{"imageSrc":"http://i.walmartimages.com/i/p/00/60/53/42/04/0060534204512_AV6_60X60.gif","lgImageSrc":"http://i.walmartimages.com/i/p/00/60/53/42/04/0060534204512_AV6_500X500.jpg","name":null},{"imageSrc":"http://i.walmartimages.com/i/p/00/60/53/42/04/0060534204512_AV7_60X60.gif","lgImageSrc":"http://i.walmartimages.com/i/p/00/60/53/42/04/0060534204512_AV7_500X500.jpg","name":null}],"id":17208301,"comparable":true,"upc":"0060534204512","customerRatingUrl":"http://www.walmart.com/i/CustRating/4_2.gif","partnerId":-1,"itemAttributes":[{"itemID":17208301,"groupName":"Additional Specifications","groupDisplayOrder":34,"contentProviderId":2,"attributeName":"Brightness","attributeDisplayOrder":36,"attributeValue":"340 cd/m2","glossaryId":0,"attrDisplayName":"Brightness"},{"itemID":17208301,"groupName":"Additional Specifications","groupDisplayOrder":34,"contentProviderId":2,"attributeName":"Contrast Ratio","attributeDisplayOrder":37,"attributeValue":"21,000:1","glossaryId":0,"attrDisplayName":"Contrast Ratio"},{"itemID":17208301,"groupName":"Additional Specifications","groupDisplayOrder":34,"contentProviderId":2,"attributeName":"Remote Included","attributeDisplayOrder":40,"attributeValue":"Yes","glossaryId":0,"attrDisplayName":"Remote Included"},{"itemID":17208301,"groupName":"Additional Specifications","groupDisplayOrder":34,"contentProviderId":2,"attributeName":"Resolution","attributeDisplayOrder":41,"attributeValue":"1080p (HDTV)","glossaryId":0,"attrDisplayName":"Resolution"},{"itemID":17208301,"groupName":"Additional Specifications","groupDisplayOrder":34,"contentProviderId":2,"attributeName":"Response Time","attributeDisplayOrder":42,"attributeValue":"6ms","glossaryId":0,"attrDisplayName":"Response Time"},{"itemID":17208301,"groupName":"Additional Specifications","groupDisplayOrder":34,"contentProviderId":2,"attributeName":"Tv Definition","attributeDisplayOrder":44,"attributeValue":"HDTV","glossaryId":0,"attrDisplayName":"Tv Definition"},{"itemID":17208301,"groupName":"Additional Specifications","groupDisplayOrder":34,"contentProviderId":2,"attributeName":"Tv Technology","attributeDisplayOrder":45,"attributeValue":"LCD","glossaryId":0,"attrDisplayName":"Tv Technology"},{"itemID":17208301,"groupName":"Additional Specifications","groupDisplayOrder":34,"contentProviderId":2,"attributeName":"Primary Color","attributeDisplayOrder":171,"attributeValue":"Black","glossaryId":0,"attrDisplayName":"Primary Color"},{"itemID":17208301,"groupName":"Additional Specifications","groupDisplayOrder":34,"contentProviderId":2,"attributeName":"Multi Pack Indicator","attributeDisplayOrder":180,"attributeValue":"No","glossaryId":0,"attrDisplayName":"Multi Pack Indicator"},{"itemID":17208301,"groupName":"Additional Specifications","groupDisplayOrder":34,"contentProviderId":2,"attributeName":"Battery Type","attributeDisplayOrder":184,"attributeValue":"Does Not Contain a Battery","glossaryId":0,"attrDisplayName":"Battery Type"}],"sellers":{"0":{"itemId":17208301,"sellerId":0,"sellerTypeId":1,"sellerName":"Walmart.com","currentItemPrice":329.98,"vendorItemNum":"40PFL3505D/F7B","weight":49.0,"wrapCode":0,"maximumItems":1,"baseItemPrice":319.98,"stockWaterMark":1,"displayStatus":3,"tagCode":0,"baseSuggPrice":499.98,"packingSlipCode":0,"minPrice":329.98,"maxPrice":329.98,"priceChangeCode":5,"productTaxCode":"PTG9","rebateAmount":-9.223372036854776E18,"rebateTargetURL":null,"shippingDimX":30.0,"shippingDimY":44.0,"shippingDimZ":12.0,"s2SE":true,"sellerItemFlags":null,"freeReturns":false,"shipAlone":false,"remapToItemId":-9223372036854775808,"remapAction":null,"promotionDiscount":-9.223372036854776E18,"promotionMessageType":"","minPromotionAmount":-9.223372036854776E18,"maxPromotionAmount":-9.223372036854776E18,"fedExEligible":false,"smallFormatEligible":false,"thresholdShippingEligible":false,"isS2SOnly":false,"tweTaxCode":"2042534","shippingTaxCode":"2038346","giftWrapTaxCode":"2038857","ppu":-9.223372036854776E18,"fromPPU":-9.223372036854776E18,"contributesToThreshold":false,"isPIPEligible":"Y","checksum":-1,"freeShipping":false,"itemEligibleForFedEx":false,"is97CentShipping":false,"hasRebateLink":false,"storePickupable":true,"submapCode":0,"97CentShipping":false,"shippingDimensionX":30.0,"shippingDimensionY":44.0,"shippingDimensionZ":12.0,"employeeDiscountable":true,"combinedThresholdEligible":false,"availableShippingOfferCodes":null,"isFreeShipping":false}},"ppueligible":false,"uom":null,"unitCount":"0","itemFlags":null,"originalBaseUpc":"0060534204512","imageThumbnailURL":"http://i.walmartimages.com/i/p/00/60/53/42/04/0060534204512_60X60.gif","electronicDelivery":false,"productImageUrl":"http://i.walmartimages.com/i/p/00/60/53/42/04/0060534204512_215X215.jpg","hazardMaterial":false,"media":false,"specialPricing":null,"rebate":false,"putEligible":false,"imagePostCardURL":"http://i.walmartimages.com/i/p/00/60/53/42/04/0060534204512_150X150.jpg"}]