[{"genericContent":{"itemId":20703407,"sourceId":3,"rank":1,"itemName":"Toshiba 24\" Class LED 1080p 60Hz HDTV with DVD Player, (2.56 ultra-slim) 24V4210U","itemShortName":null,"shortDescription":"<p>Spin up incredible space-saving entertainment with the Toshiba 24\" LED HDTV, 1080p 60Hz, 24V4210U. This 24\" class LED HDTV with DVD player is a great way to enjoy great television in every room of the house. With its fully integrated design, ample 24\" diagonal screen and 1080p Full HD resolution, this 2.56\" LED Ultra-Slim HDTV gives you the highest level of HD picture quality, plus more options for enjoying movies, programs and gaming in places where space and clutter could be an issue, like kitchens and bedrooms. Energy-efficient LED backlighting dishes out bright, sharp images and delivers the sleek, sophisticated styling that helps this 24\" Class LED HDTV With DVD player fit any decor. <br /><br /><strong>Note:</strong> You must have a source of HD programming in order to take full advantage of the Toshiba 24\" LED HDTV, 1080p 60Hz (24V4210U). Contact your local cable or satellite TV provider for details on how to upgrade.</p>","longDescription":"<p><br /><strong>Toshiba 24\" Class LED 1080p 60Hz HDTV with DVD Player, 24V4210U:</strong></p>\n\n<ul>\n\n<li>24\" LED panel<br />With a 1920 x 1080 Full HD resolution</li>\n\n<li>True 16:9 aspect ratio<br />View your movies as the director intended</li>\n\n<li>Built-in digital tuner<br />Watch digital broadcasts, including HDTV programs where available</li>\n\n<li>HDMI Inputs: 2<br />This 2.56\" LED Ultra-Slim HDTV provides a superior HD experience with HDMI, the one-cable audio/video solution</li>\n\n<li>23.6\" screen measured diagonally from corner to corner</li>\n\n<li>Wall mountable<br />VESA standard 100mm x 100mm</li>\n\n<li>Built-in DVD player<br />Watch your favorite movies without the clutter of another device</li>\n\n</ul>\n\n<p><br /><strong>ENERGY STAR<sup>&reg;</sup></strong><br />Products that are ENERGY STAR-qualified prevent greenhouse gas emissions by meeting strict energy efficiency guidelines set by the U.S. Environmental Protection Agency and the U.S. Department of Energy. The ENERGY STAR name and marks are registered marks owned by the U.S. government, as part of their energy efficiency and environmental activities.</p>","shelfDescription":"<li>23.6\" diagonal screen size<li>HDMI Inputs: 2<li>Wall mountable<li>Built-in DVD player","mfgNo":"24V4210U","modelNum":"24V4210U","dimensionX":5.2,"dimensionY":25.5,"dimensionZ":17.7,"platform":null,"supplierWarranty":"1 YEAR WARRANTY","warrantyLength":"1 YEAR","assembledCountryOfOrigin":"USA or Imported","componentsCountryOfOrigin":"USA or Imported","accessoriesIncluded":null,"accessoriesNotIncluded":null,"ageRange":null,"gender":null,"rating":null,"attributeValue1":null,"attributeValue2":null,"attributeValue3":null,"attributeName1":null,"attributeName2":null,"attributeName3":null,"brandName":"Toshiba","manufacturerName":"Toshiba","alternateViews":"7","imageId":-9223372036854775808,"addlWarnMsgA":null,"addlWarnMsgB":null,"altWarnMsg":"N","panZoomId":2,"hasMatureContent":false,"attributeType1":null,"attributeUISetting1":null,"attributeRanking1":1,"attributeType2":null,"attributeUISetting2":null,"attributeRanking2":1,"attributeType3":null,"attributeUISetting3":null,"attributeRanking3":1,"attribute1_order":3,"attribute2_order":3,"attribute3_order":3,"partnerId":-1,"originalBaseUPC":"0002226505660","variantAttrData":null,"logoImage":"http://i.walmartimages.com/i/icon/-9/22/33/72/03/-9223372036854775808_100X60.gif","attributeData":[]},"alternateImageData":[{"imageSrc":"http://i.walmartimages.com/i/p/00/02/22/65/05/0002226505660_60X60.gif","lgImageSrc":"http://i.walmartimages.com/i/p/00/02/22/65/05/0002226505660_500X500.jpg","name":null},{"imageSrc":"http://i.walmartimages.com/i/p/00/02/22/65/05/0002226505660_AV_60X60.gif","lgImageSrc":"http://i.walmartimages.com/i/p/00/02/22/65/05/0002226505660_AV_500X500.jpg","name":null},{"imageSrc":"http://i.walmartimages.com/i/p/00/02/22/65/05/0002226505660_AV1_60X60.gif","lgImageSrc":"http://i.walmartimages.com/i/p/00/02/22/65/05/0002226505660_AV1_500X500.jpg","name":null},{"imageSrc":"http://i.walmartimages.com/i/p/00/02/22/65/05/0002226505660_AV2_60X60.gif","lgImageSrc":"http://i.walmartimages.com/i/p/00/02/22/65/05/0002226505660_AV2_500X500.jpg","name":null},{"imageSrc":"http://i.walmartimages.com/i/p/00/02/22/65/05/0002226505660_AV3_60X60.gif","lgImageSrc":"http://i.walmartimages.com/i/p/00/02/22/65/05/0002226505660_AV3_500X500.jpg","name":null},{"imageSrc":"http://i.walmartimages.com/i/p/00/02/22/65/05/0002226505660_AV4_60X60.gif","lgImageSrc":"http://i.walmartimages.com/i/p/00/02/22/65/05/0002226505660_AV4_500X500.jpg","name":null},{"imageSrc":"http://i.walmartimages.com/i/p/00/02/22/65/05/0002226505660_AV5_60X60.gif","lgImageSrc":"http://i.walmartimages.com/i/p/00/02/22/65/05/0002226505660_AV5_500X500.jpg","name":null},{"imageSrc":"http://i.walmartimages.com/i/p/00/02/22/65/05/0002226505660_AV6_60X60.gif","lgImageSrc":"http://i.walmartimages.com/i/p/00/02/22/65/05/0002226505660_AV6_500X500.jpg","name":null}],"id":20703407,"comparable":true,"upc":"0002226505660","customerRatingUrl":null,"partnerId":-1,"itemAttributes":[{"itemID":20703407,"groupName":"Display","groupDisplayOrder":1,"contentProviderId":3,"attributeName":"Additional Features","attributeDisplayOrder":7,"attributeValue":"ColorStream Component Video Input, DynaLight, game mode","glossaryId":0,"attrDisplayName":"Additional Features"},{"itemID":20703407,"groupName":"Display","groupDisplayOrder":1,"contentProviderId":3,"attributeName":"Display Format","attributeDisplayOrder":11,"attributeValue":"1080p (FullHD)","glossaryId":0,"attrDisplayName":"Display Format"},{"itemID":20703407,"groupName":"Display","groupDisplayOrder":1,"contentProviderId":3,"attributeName":"Resolution","attributeDisplayOrder":12,"attributeValue":"1920 x 1080","glossaryId":0,"attrDisplayName":"Resolution"},{"itemID":20703407,"groupName":"Remote Control","groupDisplayOrder":4,"contentProviderId":3,"attributeName":"Type","attributeDisplayOrder":1,"attributeValue":"Remote control","glossaryId":0,"attrDisplayName":"Type"},{"itemID":20703407,"groupName":"Audio System","groupDisplayOrder":5,"contentProviderId":3,"attributeName":"Sound Output Mode","attributeDisplayOrder":1,"attributeValue":"Stereo","glossaryId":0,"attrDisplayName":"Sound Output Mode"},{"itemID":20703407,"groupName":"Audio System","groupDisplayOrder":5,"contentProviderId":3,"attributeName":"Additional Features","attributeDisplayOrder":7,"attributeValue":"Audyssey Premium Television","glossaryId":0,"attrDisplayName":"Additional Features"},{"itemID":20703407,"groupName":"Audio System","groupDisplayOrder":5,"contentProviderId":3,"attributeName":"Speaker(s)","attributeDisplayOrder":8,"attributeValue":"2 x right/left channel speaker - built-in","glossaryId":0,"attrDisplayName":"Speaker(s)"},{"itemID":20703407,"groupName":"Connections","groupDisplayOrder":6,"contentProviderId":3,"attributeName":"Connector Type","attributeDisplayOrder":1,"attributeValue":"2 x HDMI ( 19 pin HDMI Type A ) - rear ¦ 1 x USB ( 4 pin USB Type A ) - rear ¦ 1 x component video input ( RCA phono x 3 ) - rear ¦ 1 x VGA input ( 15 pin HD D-Sub (HD-15) ) - rear ¦ 1 x audio input ( mini-phone stereo 3.5 mm ) - rear ¦ 2 x audio line-in ( RCA phono x 2 ) ¦ 1 x digital audio output (optical) ¦ 1 x antenna","glossaryId":0,"attrDisplayName":"Connector Type"},{"itemID":20703407,"groupName":"General","groupDisplayOrder":9,"contentProviderId":3,"attributeName":"Product Type","attributeDisplayOrder":1,"attributeValue":"LED-backlit LCD TV","glossaryId":0,"attrDisplayName":"Product Type"},{"itemID":20703407,"groupName":"General","groupDisplayOrder":9,"contentProviderId":3,"attributeName":"PC Interface","attributeDisplayOrder":3,"attributeValue":"VGA (HD-15), HDMI","glossaryId":0,"attrDisplayName":"PC Interface"},{"itemID":20703407,"groupName":"General","groupDisplayOrder":9,"contentProviderId":3,"attributeName":"Width","attributeDisplayOrder":4,"attributeValue":"23 in","glossaryId":0,"attrDisplayName":"Width"},{"itemID":20703407,"groupName":"General","groupDisplayOrder":9,"contentProviderId":3,"attributeName":"Depth","attributeDisplayOrder":5,"attributeValue":"9.2 in","glossaryId":0,"attrDisplayName":"Depth"},{"itemID":20703407,"groupName":"General","groupDisplayOrder":9,"contentProviderId":3,"attributeName":"Height","attributeDisplayOrder":6,"attributeValue":"16.2 in","glossaryId":0,"attrDisplayName":"Height"},{"itemID":20703407,"groupName":"General","groupDisplayOrder":9,"contentProviderId":3,"attributeName":"Weight","attributeDisplayOrder":7,"attributeValue":"13.2 lbs","glossaryId":0,"attrDisplayName":"Weight"},{"itemID":20703407,"groupName":"General","groupDisplayOrder":9,"contentProviderId":3,"attributeName":"Combined with","attributeDisplayOrder":12,"attributeValue":"Built-in DVD player","glossaryId":0,"attrDisplayName":"Combined with"},{"itemID":20703407,"groupName":"Dimensions & Weight Details","groupDisplayOrder":20,"contentProviderId":3,"attributeName":"Dimensions & Weight Details","attributeDisplayOrder":1,"attributeValue":"Panel without stand - 23 in x 2.6 in x 14.6 in x 11.7 lbs ¦ Panel with stand - 23 in x 9.2 in x 16.2 in x 13.2 lbs","glossaryId":0,"attrDisplayName":"Dimensions & Weight Details"},{"itemID":20703407,"groupName":"DVD","groupDisplayOrder":22,"contentProviderId":3,"attributeName":"Type","attributeDisplayOrder":1,"attributeValue":"DVD player - built-in","glossaryId":0,"attrDisplayName":"Type"}],"sellers":{"0":{"itemId":20703407,"sellerId":0,"sellerTypeId":1,"sellerName":"Walmart.com","currentItemPrice":257.54,"vendorItemNum":"24V4210U","weight":15.4,"wrapCode":0,"maximumItems":5,"baseItemPrice":258.54,"stockWaterMark":2,"displayStatus":2,"tagCode":1,"baseSuggPrice":349.99,"packingSlipCode":0,"minPrice":257.54,"maxPrice":257.54,"priceChangeCode":0,"productTaxCode":"PTG8","rebateAmount":-9.223372036854776E18,"rebateTargetURL":null,"shippingDimX":5.2,"shippingDimY":25.5,"shippingDimZ":17.7,"s2SE":true,"sellerItemFlags":null,"freeReturns":false,"shipAlone":false,"remapToItemId":-9223372036854775808,"remapAction":null,"promotionDiscount":-9.223372036854776E18,"promotionMessageType":"","minPromotionAmount":-9.223372036854776E18,"maxPromotionAmount":-9.223372036854776E18,"fedExEligible":false,"smallFormatEligible":false,"thresholdShippingEligible":false,"isS2SOnly":false,"tweTaxCode":"2042529","shippingTaxCode":"2038346","giftWrapTaxCode":"2038857","ppu":-9.223372036854776E18,"fromPPU":-9.223372036854776E18,"contributesToThreshold":false,"isPIPEligible":"Y","checksum":-1,"freeShipping":false,"itemEligibleForFedEx":false,"is97CentShipping":false,"hasRebateLink":false,"storePickupable":true,"submapCode":0,"97CentShipping":false,"shippingDimensionX":5.2,"shippingDimensionY":25.5,"shippingDimensionZ":17.7,"employeeDiscountable":true,"combinedThresholdEligible":false,"availableShippingOfferCodes":null,"isFreeShipping":false}},"ppueligible":false,"uom":null,"unitCount":"0","itemFlags":null,"originalBaseUpc":"0002226505660","imageThumbnailURL":"http://i.walmartimages.com/i/p/00/02/22/65/05/0002226505660_60X60.gif","electronicDelivery":false,"productImageUrl":"http://i.walmartimages.com/i/p/00/02/22/65/05/0002226505660_215X215.jpg","hazardMaterial":false,"media":false,"specialPricing":null,"rebate":false,"putEligible":false,"imagePostCardURL":"http://i.walmartimages.com/i/p/00/02/22/65/05/0002226505660_150X150.jpg"}]