[{"genericContent":{"itemId":19793651,"sourceId":2,"rank":1,"itemName":"Sceptre 40 Class (38.5\" viewable)LCD 1080p 60Hz HDTV, X409BV-FHD","itemShortName":null,"shortDescription":"<p>The Sceptre X409BV-FHD 40\" 1080p LCD HDTV delivers top of the line picture and audio quality at an amazing value. It features a sleek and slim look that will give your home a new feeling with its enchanted glossy black housing that shines elegantly throughout the room. With an ultra fast response time of 8ms and a 60Hz refresh rate, this LCD TV with HDMI input lets you watch your favorite shows and movies flicker free. A high resolution of 1920 x 1080 enhances the image to look crisp and sharp and the amazing 90, 000:1 dynamic contrast automatically helps balance the images to look more vivid and lifelike. The digital tuner LCD TV's USB port helps further expand the functionality, allowing you to listen to music and view digital pictures quickly and conveniently.</p>\n\n<p><strong>Note:</strong> You must have a source of HD programming in order to take full advantage of the Sceptre 39\" HDTV. Contact your local cable or satellite TV provider for details on how to upgrade.</p>","longDescription":"<strong>Sceptre 40 Class (39\" viewable) LCD 1080p 60Hz HDTV, X409BV-FHD:</strong>\n<li>39\" LCD panel</li>\n<li>With a 1920 x 1080 Full HD resolution</li>\n<li>True 16:9 aspect ratio</li>\n<li>View your movies as the director intended</li>\n<li>Built-in digital tuner</li>\n<li>Watch digital broadcasts, including HDTV programs where available</li>\n<li>8 ms response time</li>\n<li>Quick response time for a great picture</li>\n<li>90, 000:1 Dynamic Contrast Ratio</li>\n<li>HDMI Inputs: 3</li>\n<li>Enjoy a superior HD experience with HDMI one cable solution</li>\n<li>39\" screen measured diagonally from corner to corner</li>\n<li>Wall mountable</li>\n<li>USB port</li>\n<li>Allows you to play your music and view photos</li>","shelfDescription":"<li>38.5\" diagonal screen size</li>\n<li>HDMI Inputs: 3</li>\n<li>Wall mountable</li>","mfgNo":"X409BV-FHD","modelNum":"X409BV-FHD","dimensionX":24.5,"dimensionY":36.45,"dimensionZ":11.1,"platform":null,"supplierWarranty":"1 Year Limited Warranty - Parts and Labor","warrantyLength":null,"assembledCountryOfOrigin":"Imported","componentsCountryOfOrigin":"Imported","accessoriesIncluded":null,"accessoriesNotIncluded":null,"ageRange":null,"gender":null,"rating":null,"attributeValue1":null,"attributeValue2":null,"attributeValue3":null,"attributeName1":null,"attributeName2":null,"attributeName3":null,"brandName":"Sceptre","manufacturerName":"Sceptre Inc","alternateViews":"1","imageId":-9223372036854775808,"addlWarnMsgA":null,"addlWarnMsgB":null,"altWarnMsg":"N","panZoomId":2,"hasMatureContent":false,"attributeType1":null,"attributeUISetting1":null,"attributeRanking1":1,"attributeType2":null,"attributeUISetting2":null,"attributeRanking2":1,"attributeType3":null,"attributeUISetting3":null,"attributeRanking3":1,"attribute1_order":3,"attribute2_order":3,"attribute3_order":3,"partnerId":-1,"originalBaseUPC":"0079234324090","variantAttrData":null,"logoImage":"http://i.walmartimages.com/i/icon/-9/22/33/72/03/-9223372036854775808_100X60.gif","attributeData":[]},"alternateImageData":[{"imageSrc":"http://i.walmartimages.com/i/p/00/79/23/43/24/0079234324090_60X60.gif","lgImageSrc":"http://i.walmartimages.com/i/p/00/79/23/43/24/0079234324090_500X500.jpg","name":null},{"imageSrc":"http://i.walmartimages.com/i/p/00/79/23/43/24/0079234324090_AV_60X60.gif","lgImageSrc":"http://i.walmartimages.com/i/p/00/79/23/43/24/0079234324090_AV_500X500.jpg","name":null}],"id":19793651,"comparable":true,"upc":"0079234324090","customerRatingUrl":null,"partnerId":-1,"itemAttributes":[{"itemID":19793651,"groupName":"Additional Specifications","groupDisplayOrder":34,"contentProviderId":2,"attributeName":"Contrast Ratio","attributeDisplayOrder":37,"attributeValue":"90,000:1","glossaryId":0,"attrDisplayName":"Contrast Ratio"},{"itemID":19793651,"groupName":"Additional Specifications","groupDisplayOrder":34,"contentProviderId":2,"attributeName":"Remote Included","attributeDisplayOrder":40,"attributeValue":"Yes","glossaryId":0,"attrDisplayName":"Remote Included"},{"itemID":19793651,"groupName":"Additional Specifications","groupDisplayOrder":34,"contentProviderId":2,"attributeName":"Resolution","attributeDisplayOrder":41,"attributeValue":"1080p (HDTV)","glossaryId":0,"attrDisplayName":"Resolution"},{"itemID":19793651,"groupName":"Additional Specifications","groupDisplayOrder":34,"contentProviderId":2,"attributeName":"Response Time","attributeDisplayOrder":42,"attributeValue":"8ms","glossaryId":0,"attrDisplayName":"Response Time"},{"itemID":19793651,"groupName":"Additional Specifications","groupDisplayOrder":34,"contentProviderId":2,"attributeName":"Tv Definition","attributeDisplayOrder":44,"attributeValue":"HDTV","glossaryId":0,"attrDisplayName":"Tv Definition"},{"itemID":19793651,"groupName":"Additional Specifications","groupDisplayOrder":34,"contentProviderId":2,"attributeName":"Tv Technology","attributeDisplayOrder":45,"attributeValue":"LCD","glossaryId":0,"attrDisplayName":"Tv Technology"},{"itemID":19793651,"groupName":"Additional Specifications","groupDisplayOrder":34,"contentProviderId":2,"attributeName":"Primary Color","attributeDisplayOrder":171,"attributeValue":"Black","glossaryId":0,"attrDisplayName":"Primary Color"},{"itemID":19793651,"groupName":"Additional Specifications","groupDisplayOrder":34,"contentProviderId":2,"attributeName":"Multi Pack Indicator","attributeDisplayOrder":180,"attributeValue":"No","glossaryId":0,"attrDisplayName":"Multi Pack Indicator"},{"itemID":19793651,"groupName":"Additional Specifications","groupDisplayOrder":34,"contentProviderId":2,"attributeName":"Battery Type","attributeDisplayOrder":184,"attributeValue":"Alkaline","glossaryId":0,"attrDisplayName":"Battery Type"}],"sellers":{"0":{"itemId":19793651,"sellerId":0,"sellerTypeId":1,"sellerName":"Walmart.com","currentItemPrice":288.0,"vendorItemNum":"X409BV-FHD","weight":34.0,"wrapCode":0,"maximumItems":5,"baseItemPrice":269.98,"stockWaterMark":1,"displayStatus":2,"tagCode":0,"baseSuggPrice":399.99,"packingSlipCode":0,"minPrice":288.0,"maxPrice":288.0,"priceChangeCode":5,"productTaxCode":"PTG9","rebateAmount":-9.223372036854776E18,"rebateTargetURL":null,"shippingDimX":30.5,"shippingDimY":43.4,"shippingDimZ":6.49,"s2SE":true,"sellerItemFlags":null,"freeReturns":false,"shipAlone":false,"remapToItemId":-9223372036854775808,"remapAction":null,"promotionDiscount":-9.223372036854776E18,"promotionMessageType":"","minPromotionAmount":-9.223372036854776E18,"maxPromotionAmount":-9.223372036854776E18,"fedExEligible":false,"smallFormatEligible":true,"thresholdShippingEligible":false,"isS2SOnly":false,"tweTaxCode":"2042534","shippingTaxCode":"2038346","giftWrapTaxCode":"2038857","ppu":-9.223372036854776E18,"fromPPU":-9.223372036854776E18,"contributesToThreshold":false,"isPIPEligible":"Y","checksum":-1,"freeShipping":false,"itemEligibleForFedEx":false,"is97CentShipping":false,"hasRebateLink":false,"storePickupable":true,"submapCode":0,"97CentShipping":false,"shippingDimensionX":30.5,"shippingDimensionY":43.4,"shippingDimensionZ":6.49,"employeeDiscountable":true,"combinedThresholdEligible":false,"availableShippingOfferCodes":null,"isFreeShipping":false}},"ppueligible":false,"uom":null,"unitCount":"0","itemFlags":"1,","originalBaseUpc":"0079234324090","imageThumbnailURL":"http://i.walmartimages.com/i/p/00/79/23/43/24/0079234324090_60X60.gif","electronicDelivery":false,"productImageUrl":"http://i.walmartimages.com/i/p/00/79/23/43/24/0079234324090_215X215.jpg","hazardMaterial":false,"media":false,"specialPricing":null,"rebate":false,"putEligible":false,"imagePostCardURL":"http://i.walmartimages.com/i/p/00/79/23/43/24/0079234324090_150X150.jpg"}]