[{"genericContent":{"itemId":20461478,"sourceId":3,"rank":1,"itemName":"Vizio 47\" Class LCD 1080p 60Hz HDTV,E471VLE","itemShortName":null,"shortDescription":"The Vizio 47\" LCD TV delivers 1080p full-HD resolution for a quality picture. This ultra-slim Vizio 47\" television features a 100,000 to 1 Dynamic Contrast Ratio for deeper blacks and brighter whites, and ambient light sensing technology for a perfectly-balanced picture that's never washed out or too bright. SRS StudioSound HD supplies advanced virtual surround sound, and two HDMI ports accommodate your satellite or cable TV and Blu-ray player. The Vizio 47\" LCD TV also exceeds ENERGY STAR 5.3 Guidelines so the planet and your wallet are both better off.<br><br><b>Note:</b> You must have a source of HD programming in order to take full advantage of the Vizio 47\" LCD TV. Contact your local cable or satellite TV service provider for details on how to upgrade.","longDescription":"<br><b>Vizio 47\" 1080p HDTV, 60Hz, E471VLE:</b><ul><li>47\" LCD panel<br>With 1920 x 1080 full-HD resolution<li>True 16:9 aspect ratio<br>View your movies as the director intended<li>Wide 178-degree vertical and 178-degree horizontal angles<br>See a clear picture from anywhere in the room on this Vizio HDTV<li>Built-in digital tuner<br>Watch digital broadcasts, including HDTV programs where available<li>5-ms. response time<br>Quick response time for a quality picture<li>100,000:1 dynamic contrast ratio<li>HDMI Inputs: 2<br>Enjoy a superior HD experience with the HDMI one-cable solution<li>46.96\" screen is measured diagonally from corner to corner<li>Wall mountable with an optional wall mount (not included)<br>VESA standard 200mm x 400mm<li>SRS TruSurround HD<br>Get booming surround sound</ul><br><b>ENERGY STAR<sup>&reg;</sup></b><br>Products that are ENERGY STAR-qualified prevent greenhouse gas emissions by meeting strict energy efficiency guidelines set by the U.S. Environmental Protection Agency and the U.S. Department of Energy. The ENERGY STAR name and marks are registered marks owned by the U.S. government, as part of their energy efficiency and environmental activities.","shelfDescription":"<li>46.96\" diagonal screen size<li>HDMI Inputs: 2<li>Wall mountable<li>SRS TruSurround HD","mfgNo":"E471VLE","modelNum":"E471VLE","dimensionX":30.0,"dimensionY":44.7,"dimensionZ":10.4,"platform":null,"supplierWarranty":"1 Year Limited Warranty","warrantyLength":null,"assembledCountryOfOrigin":"Imported","componentsCountryOfOrigin":"Imported","accessoriesIncluded":null,"accessoriesNotIncluded":null,"ageRange":null,"gender":null,"rating":null,"attributeValue1":null,"attributeValue2":null,"attributeValue3":null,"attributeName1":null,"attributeName2":null,"attributeName3":null,"brandName":"Vizio","manufacturerName":"Vizio","alternateViews":null,"imageId":-9223372036854775808,"addlWarnMsgA":null,"addlWarnMsgB":null,"altWarnMsg":"N","panZoomId":-9223372036854775808,"hasMatureContent":false,"attributeType1":null,"attributeUISetting1":null,"attributeRanking1":1,"attributeType2":null,"attributeUISetting2":null,"attributeRanking2":1,"attributeType3":null,"attributeUISetting3":null,"attributeRanking3":1,"attribute1_order":3,"attribute2_order":3,"attribute3_order":3,"partnerId":-1,"originalBaseUPC":"0084522600707","variantAttrData":null,"logoImage":"http://i.walmartimages.com/i/icon/-9/22/33/72/03/-9223372036854775808_100X60.gif","attributeData":[]},"alternateImageData":[],"id":20461478,"comparable":true,"upc":"0084522600707","customerRatingUrl":"http://www.walmart.com/i/CustRating/4_5.gif","partnerId":-1,"itemAttributes":[{"itemID":20461478,"groupName":"Display","groupDisplayOrder":1,"contentProviderId":3,"attributeName":"Widescreen Modes","attributeDisplayOrder":3,"attributeValue":"Zoom, Normal, Panorama, Wide","glossaryId":0,"attrDisplayName":"Widescreen Modes"},{"itemID":20461478,"groupName":"Display","groupDisplayOrder":1,"contentProviderId":3,"attributeName":"Display Menu Language","attributeDisplayOrder":4,"attributeValue":"English, French, Spanish","glossaryId":0,"attrDisplayName":"Display Menu Language"},{"itemID":20461478,"groupName":"Display","groupDisplayOrder":1,"contentProviderId":3,"attributeName":"Color Temperature Control","attributeDisplayOrder":6,"attributeValue":"Yes (Normal/Computer/Cool/User)","glossaryId":0,"attrDisplayName":"Color Temperature Control"},{"itemID":20461478,"groupName":"Display","groupDisplayOrder":1,"contentProviderId":3,"attributeName":"Additional Features","attributeDisplayOrder":7,"attributeValue":"On-screen menu, ambient light sensor (ALS), Zero Bright Defective Pixel Guarantee, Adaptive Luma Control","glossaryId":0,"attrDisplayName":"Additional Features"},{"itemID":20461478,"groupName":"Display","groupDisplayOrder":1,"contentProviderId":3,"attributeName":"Display Format","attributeDisplayOrder":11,"attributeValue":"1080p (FullHD)","glossaryId":0,"attrDisplayName":"Display Format"},{"itemID":20461478,"groupName":"Display","groupDisplayOrder":1,"contentProviderId":3,"attributeName":"Resolution","attributeDisplayOrder":12,"attributeValue":"1920 x 1080","glossaryId":0,"attrDisplayName":"Resolution"},{"itemID":20461478,"groupName":"Display","groupDisplayOrder":1,"contentProviderId":3,"attributeName":"Viewing Angle","attributeDisplayOrder":13,"attributeValue":"178 degrees","glossaryId":0,"attrDisplayName":"Viewing Angle"},{"itemID":20461478,"groupName":"Display","groupDisplayOrder":1,"contentProviderId":3,"attributeName":"Viewing Angle (Vertical)","attributeDisplayOrder":14,"attributeValue":"178 degrees","glossaryId":0,"attrDisplayName":"Viewing Angle (Vertical)"},{"itemID":20461478,"groupName":"Display","groupDisplayOrder":1,"contentProviderId":3,"attributeName":"Brightness","attributeDisplayOrder":18,"attributeValue":"400 cd/m2","glossaryId":0,"attrDisplayName":"Brightness"},{"itemID":20461478,"groupName":"Display","groupDisplayOrder":1,"contentProviderId":3,"attributeName":"Color Depth","attributeDisplayOrder":19,"attributeValue":"16.7 million colors","glossaryId":0,"attrDisplayName":"Color Depth"},{"itemID":20461478,"groupName":"Display","groupDisplayOrder":1,"contentProviderId":3,"attributeName":"Backlight Life","attributeDisplayOrder":20,"attributeValue":"50,000 hour(s)","glossaryId":0,"attrDisplayName":"Backlight Life"},{"itemID":20461478,"groupName":"TV Tuner","groupDisplayOrder":2,"contentProviderId":3,"attributeName":"Stereo Reception System","attributeDisplayOrder":3,"attributeValue":"MTS","glossaryId":0,"attrDisplayName":"Stereo Reception System"},{"itemID":20461478,"groupName":"TV Tuner","groupDisplayOrder":2,"contentProviderId":3,"attributeName":"Secondary Audio Program (SAP)","attributeDisplayOrder":6,"attributeValue":"Yes","glossaryId":0,"attrDisplayName":"Secondary Audio Program (SAP)"},{"itemID":20461478,"groupName":"TV Tuner","groupDisplayOrder":2,"contentProviderId":3,"attributeName":"Analog TV Tuner","attributeDisplayOrder":8,"attributeValue":"NTSC","glossaryId":0,"attrDisplayName":"Analog TV Tuner"},{"itemID":20461478,"groupName":"Video Features","groupDisplayOrder":3,"contentProviderId":3,"attributeName":"Closed Caption Capability","attributeDisplayOrder":3,"attributeValue":"Yes","glossaryId":0,"attrDisplayName":"Closed Caption Capability"},{"itemID":20461478,"groupName":"Video Features","groupDisplayOrder":3,"contentProviderId":3,"attributeName":"Parental Channel Lock","attributeDisplayOrder":6,"attributeValue":"Yes","glossaryId":0,"attrDisplayName":"Parental Channel Lock"},{"itemID":20461478,"groupName":"Remote Control","groupDisplayOrder":4,"contentProviderId":3,"attributeName":"Type","attributeDisplayOrder":1,"attributeValue":"Remote control","glossaryId":0,"attrDisplayName":"Type"},{"itemID":20461478,"groupName":"Audio System","groupDisplayOrder":5,"contentProviderId":3,"attributeName":"Sound Output Mode","attributeDisplayOrder":1,"attributeValue":"Stereo","glossaryId":0,"attrDisplayName":"Sound Output Mode"},{"itemID":20461478,"groupName":"Audio System","groupDisplayOrder":5,"contentProviderId":3,"attributeName":"Surround Mode","attributeDisplayOrder":2,"attributeValue":"Yes","glossaryId":0,"attrDisplayName":"Surround Mode"},{"itemID":20461478,"groupName":"Audio System","groupDisplayOrder":5,"contentProviderId":3,"attributeName":"Sound Effects","attributeDisplayOrder":3,"attributeValue":"SRS TruSurround HD, SRS StudioSound","glossaryId":0,"attrDisplayName":"Sound Effects"},{"itemID":20461478,"groupName":"Audio System","groupDisplayOrder":5,"contentProviderId":3,"attributeName":"Audio Controls","attributeDisplayOrder":4,"attributeValue":"Balance","glossaryId":0,"attrDisplayName":"Audio Controls"},{"itemID":20461478,"groupName":"Audio System","groupDisplayOrder":5,"contentProviderId":3,"attributeName":"Output Power / Total","attributeDisplayOrder":6,"attributeValue":"20 Watt","glossaryId":0,"attrDisplayName":"Output Power / Total"},{"itemID":20461478,"groupName":"Audio System","groupDisplayOrder":5,"contentProviderId":3,"attributeName":"Additional Features","attributeDisplayOrder":7,"attributeValue":"Balance control, SRS TruVolume, Audio Return Channel (ARC)","glossaryId":0,"attrDisplayName":"Additional Features"},{"itemID":20461478,"groupName":"Audio System","groupDisplayOrder":5,"contentProviderId":3,"attributeName":"Speaker(s)","attributeDisplayOrder":8,"attributeValue":"2 x right/left channel speaker - built-in - 10 Watt","glossaryId":0,"attrDisplayName":"Speaker(s)"},{"itemID":20461478,"groupName":"Connections","groupDisplayOrder":6,"contentProviderId":3,"attributeName":"Connector Type","attributeDisplayOrder":1,"attributeValue":"1 x HDMI ( 19 pin HDMI Type A ) - rear ¦ 1 x HDMI ( 19 pin HDMI Type A ) - side ¦ 1 x composite video / component video input ( RCA phono x 3 ) - rear ¦ 3 x audio line-in ( RCA phono x 2 ) - rear ¦ 1 x VGA input ( 15 pin HD D-Sub (HD-15) ) - rear ¦ 1 x audio line-in ( mini-phone stereo 3.5 mm ) - rear ¦ 1 x digital audio output (coaxial) ( TOSLINK ) - rear ¦ 1 x audio line-out ( mini-phone stereo 3.5 mm ) - rear ¦ 1 x USB ( 4 pin USB Type A ) - side","glossaryId":0,"attrDisplayName":"Connector Type"},{"itemID":20461478,"groupName":"Power","groupDisplayOrder":7,"contentProviderId":3,"attributeName":"Power Device","attributeDisplayOrder":1,"attributeValue":"Power supply","glossaryId":0,"attrDisplayName":"Power Device"},{"itemID":20461478,"groupName":"Power","groupDisplayOrder":7,"contentProviderId":3,"attributeName":"Power Consumption Stand by / Sleep","attributeDisplayOrder":3,"attributeValue":"1 Watt","glossaryId":0,"attrDisplayName":"Power Consumption Stand by / Sleep"},{"itemID":20461478,"groupName":"General","groupDisplayOrder":9,"contentProviderId":3,"attributeName":"Product Type","attributeDisplayOrder":1,"attributeValue":"LCD TV","glossaryId":0,"attrDisplayName":"Product Type"},{"itemID":20461478,"groupName":"General","groupDisplayOrder":9,"contentProviderId":3,"attributeName":"PC Interface","attributeDisplayOrder":3,"attributeValue":"VGA (HD-15)","glossaryId":0,"attrDisplayName":"PC Interface"},{"itemID":20461478,"groupName":"General","groupDisplayOrder":9,"contentProviderId":3,"attributeName":"Width","attributeDisplayOrder":4,"attributeValue":"44.7 in","glossaryId":0,"attrDisplayName":"Width"},{"itemID":20461478,"groupName":"General","groupDisplayOrder":9,"contentProviderId":3,"attributeName":"Depth","attributeDisplayOrder":5,"attributeValue":"10.5 in","glossaryId":0,"attrDisplayName":"Depth"},{"itemID":20461478,"groupName":"General","groupDisplayOrder":9,"contentProviderId":3,"attributeName":"Height","attributeDisplayOrder":6,"attributeValue":"30 in","glossaryId":0,"attrDisplayName":"Height"},{"itemID":20461478,"groupName":"General","groupDisplayOrder":9,"contentProviderId":3,"attributeName":"Weight","attributeDisplayOrder":7,"attributeValue":"41.2 lbs","glossaryId":0,"attrDisplayName":"Weight"},{"itemID":20461478,"groupName":"General","groupDisplayOrder":9,"contentProviderId":3,"attributeName":"HDCP Compatible","attributeDisplayOrder":13,"attributeValue":"Yes","glossaryId":0,"attrDisplayName":"HDCP Compatible"},{"itemID":20461478,"groupName":"Miscellaneous","groupDisplayOrder":11,"contentProviderId":3,"attributeName":"Compliant Standards","attributeDisplayOrder":4,"attributeValue":"FCC Class B certified, CSA","glossaryId":0,"attrDisplayName":"Compliant Standards"},{"itemID":20461478,"groupName":"Dimensions & Weight Details","groupDisplayOrder":20,"contentProviderId":3,"attributeName":"Dimensions & Weight Details","attributeDisplayOrder":1,"attributeValue":"Panel with stand - 44.7 in x 10.5 in x 30 in x 41.2 lbs ¦ Panel without stand - 44.7 in x 3.7 in x 28.4 in x 36.6 lbs","glossaryId":0,"attrDisplayName":"Dimensions & Weight Details"},{"itemID":20461478,"groupName":"Digital TV Tuner","groupDisplayOrder":32,"contentProviderId":3,"attributeName":"Digital TV Tuner","attributeDisplayOrder":1,"attributeValue":"ATSC","glossaryId":0,"attrDisplayName":"Digital TV Tuner"}],"sellers":{"0":{"itemId":20461478,"sellerId":0,"sellerTypeId":1,"sellerName":"Walmart.com","currentItemPrice":548.0,"vendorItemNum":"E471VLE","weight":54.0,"wrapCode":0,"maximumItems":5,"baseItemPrice":598.0,"stockWaterMark":1,"displayStatus":3,"tagCode":0,"baseSuggPrice":0.0,"packingSlipCode":0,"minPrice":548.0,"maxPrice":548.0,"priceChangeCode":0,"productTaxCode":"PTG9","rebateAmount":-9.223372036854776E18,"rebateTargetURL":null,"shippingDimX":32.3,"shippingDimY":54.3,"shippingDimZ":8.9,"s2SE":true,"sellerItemFlags":null,"freeReturns":false,"shipAlone":false,"remapToItemId":-9223372036854775808,"remapAction":null,"promotionDiscount":-9.223372036854776E18,"promotionMessageType":"","minPromotionAmount":-9.223372036854776E18,"maxPromotionAmount":-9.223372036854776E18,"fedExEligible":false,"smallFormatEligible":false,"thresholdShippingEligible":false,"isS2SOnly":false,"tweTaxCode":"2042530","shippingTaxCode":"2038346","giftWrapTaxCode":"2038857","ppu":-9.223372036854776E18,"fromPPU":-9.223372036854776E18,"contributesToThreshold":false,"isPIPEligible":"Y","checksum":-1,"freeShipping":false,"itemEligibleForFedEx":false,"is97CentShipping":false,"hasRebateLink":false,"storePickupable":true,"submapCode":0,"97CentShipping":false,"shippingDimensionX":32.3,"shippingDimensionY":54.3,"shippingDimensionZ":8.9,"employeeDiscountable":true,"combinedThresholdEligible":false,"availableShippingOfferCodes":null,"isFreeShipping":false}},"ppueligible":false,"uom":null,"unitCount":"0","itemFlags":null,"originalBaseUpc":"0084522600707","imageThumbnailURL":"http://i.walmartimages.com/i/p/00/84/52/26/00/0084522600707_60X60.gif","electronicDelivery":false,"productImageUrl":"http://i.walmartimages.com/i/p/00/84/52/26/00/0084522600707_215X215.jpg","hazardMaterial":false,"media":false,"specialPricing":null,"rebate":false,"putEligible":true,"imagePostCardURL":"http://i.walmartimages.com/i/p/00/84/52/26/00/0084522600707_150X150.jpg"}]