[{"genericContent":{"itemId":20452169,"sourceId":3,"rank":1,"itemName":"Sharp 70\" Class LED 1080p 120Hz HDTV, (3.5\" ultra-slim )LC70LE640U","itemShortName":null,"shortDescription":"The Sharp 70\" LED TV features full-HD resolution for a sensational picture and AQUOS LED 120Hz technology for brighter, sharper images. Built-in W-iFi lets you access popular apps, stream movies or listen to Internet radio stations right from your Sharp 70\" television.<br><br><b>Note:</b> You must have a source of HD programming in order to take full advantage of the Sharp 70\" LED TV. Contact your local cable or satellite TV service provider for details on how to upgrade.","longDescription":"<br><b>Sharp 70\" 1080p HDTV, 120Hz, LC70LE640U:</b><ul><li>70\" LED panel<br>With 1920 x 1080 full HD resolution<li>True 16:9 aspect ratio<br>View your movies as the director intended<li>Built-in digital tuner<br>Watch digital broadcasts, including HDTV programs where available on this Sharp 70\" LED TV<li>HDMI Inputs: 4<br>Enjoy a superior HD experience with the HDMI one-cable solution<li>70\" screen is measured diagonally from corner to corner<li>Built-in Wi-Fi<br>Access popular apps or stream movies and music from your TV</ul><br><b>ENERGY STAR<sup>&reg;</sup></b><br>Products that are ENERGY STAR-qualified prevent greenhouse gas emissions by meeting strict energy efficiency guidelines set by the U.S. Environmental Protection Agency and the U.S. Department of Energy. The ENERGY STAR name and marks are registered marks owned by the U.S. government, as part of their energy efficiency and environmental activities.","shelfDescription":"<li>70\" diagonal screen size<li>HDMI Inputs: 4<li>Built-in WiFi","mfgNo":"LC70LE640U","modelNum":"LC70LE640U","dimensionX":39.73,"dimensionY":63.6,"dimensionZ":13.13,"platform":null,"supplierWarranty":"1 Year Limited Warranty","warrantyLength":null,"assembledCountryOfOrigin":"Imported","componentsCountryOfOrigin":"Imported","accessoriesIncluded":null,"accessoriesNotIncluded":null,"ageRange":null,"gender":null,"rating":null,"attributeValue1":null,"attributeValue2":null,"attributeValue3":null,"attributeName1":null,"attributeName2":null,"attributeName3":null,"brandName":"Sharp","manufacturerName":"Sharp","alternateViews":"2","imageId":-9223372036854775808,"addlWarnMsgA":null,"addlWarnMsgB":null,"altWarnMsg":"N","panZoomId":2,"hasMatureContent":false,"attributeType1":null,"attributeUISetting1":null,"attributeRanking1":1,"attributeType2":null,"attributeUISetting2":null,"attributeRanking2":1,"attributeType3":null,"attributeUISetting3":null,"attributeRanking3":1,"attribute1_order":3,"attribute2_order":3,"attribute3_order":3,"partnerId":-1,"originalBaseUPC":"0007400037348","variantAttrData":null,"logoImage":"http://i.walmartimages.com/i/icon/-9/22/33/72/03/-9223372036854775808_100X60.gif","attributeData":[]},"alternateImageData":[{"imageSrc":"http://i.walmartimages.com/i/p/00/07/40/00/37/0007400037348_60X60.gif","lgImageSrc":"http://i.walmartimages.com/i/p/00/07/40/00/37/0007400037348_500X500.jpg","name":null},{"imageSrc":"http://i.walmartimages.com/i/p/00/07/40/00/37/0007400037348_AV_60X60.gif","lgImageSrc":"http://i.walmartimages.com/i/p/00/07/40/00/37/0007400037348_AV_500X500.jpg","name":null},{"imageSrc":"http://i.walmartimages.com/i/p/00/07/40/00/37/0007400037348_AV1_60X60.gif","lgImageSrc":"http://i.walmartimages.com/i/p/00/07/40/00/37/0007400037348_AV1_500X500.jpg","name":null}],"id":20452169,"comparable":true,"upc":"0007400037348","customerRatingUrl":"http://www.walmart.com/i/CustRating/4_8.gif","partnerId":-1,"itemAttributes":[{"itemID":20452169,"groupName":"Display","groupDisplayOrder":1,"contentProviderId":3,"attributeName":"Image Aspect Ratio","attributeDisplayOrder":1,"attributeValue":"16:9","glossaryId":0,"attrDisplayName":"Image Aspect Ratio"},{"itemID":20452169,"groupName":"Display","groupDisplayOrder":1,"contentProviderId":3,"attributeName":"Display Menu Language","attributeDisplayOrder":4,"attributeValue":"English, French, Spanish","glossaryId":0,"attrDisplayName":"Display Menu Language"},{"itemID":20452169,"groupName":"Display","groupDisplayOrder":1,"contentProviderId":3,"attributeName":"Additional Features","attributeDisplayOrder":7,"attributeValue":"AQUOS LINK, X-GEN panel, Digital Still Picture Display, Wi-Fi CERTIFIED, AQUOS Advantage LIVE, SmartCentral interface, progressive scan","glossaryId":0,"attrDisplayName":"Additional Features"},{"itemID":20452169,"groupName":"Display","groupDisplayOrder":1,"contentProviderId":3,"attributeName":"Display Format","attributeDisplayOrder":11,"attributeValue":"1080p (FullHD)","glossaryId":0,"attrDisplayName":"Display Format"},{"itemID":20452169,"groupName":"Display","groupDisplayOrder":1,"contentProviderId":3,"attributeName":"Resolution","attributeDisplayOrder":12,"attributeValue":"1920 x 1080","glossaryId":0,"attrDisplayName":"Resolution"},{"itemID":20452169,"groupName":"Display","groupDisplayOrder":1,"contentProviderId":3,"attributeName":"Viewing Angle","attributeDisplayOrder":13,"attributeValue":"176 degrees","glossaryId":0,"attrDisplayName":"Viewing Angle"},{"itemID":20452169,"groupName":"Display","groupDisplayOrder":1,"contentProviderId":3,"attributeName":"Viewing Angle (Vertical)","attributeDisplayOrder":14,"attributeValue":"176 degrees","glossaryId":0,"attrDisplayName":"Viewing Angle (Vertical)"},{"itemID":20452169,"groupName":"Display","groupDisplayOrder":1,"contentProviderId":3,"attributeName":"V-Chip Control","attributeDisplayOrder":15,"attributeValue":"Yes","glossaryId":0,"attrDisplayName":"V-Chip Control"},{"itemID":20452169,"groupName":"Display","groupDisplayOrder":1,"contentProviderId":3,"attributeName":"Color Depth","attributeDisplayOrder":19,"attributeValue":"10-bit color","glossaryId":0,"attrDisplayName":"Color Depth"},{"itemID":20452169,"groupName":"Display","groupDisplayOrder":1,"contentProviderId":3,"attributeName":"Total Pixels","attributeDisplayOrder":23,"attributeValue":"2,073,600","glossaryId":0,"attrDisplayName":"Total Pixels"},{"itemID":20452169,"groupName":"TV Tuner","groupDisplayOrder":2,"contentProviderId":3,"attributeName":"Stereo Reception System","attributeDisplayOrder":3,"attributeValue":"MTS","glossaryId":0,"attrDisplayName":"Stereo Reception System"},{"itemID":20452169,"groupName":"TV Tuner","groupDisplayOrder":2,"contentProviderId":3,"attributeName":"Channel Coverage","attributeDisplayOrder":4,"attributeValue":"DTV:2-69, VHF:2-13, UHF:14-69, Cable:1-135, DTV:1-135","glossaryId":0,"attrDisplayName":"Channel Coverage"},{"itemID":20452169,"groupName":"TV Tuner","groupDisplayOrder":2,"contentProviderId":3,"attributeName":"Secondary Audio Program (SAP)","attributeDisplayOrder":6,"attributeValue":"Yes","glossaryId":0,"attrDisplayName":"Secondary Audio Program (SAP)"},{"itemID":20452169,"groupName":"TV Tuner","groupDisplayOrder":2,"contentProviderId":3,"attributeName":"Analog TV Tuner","attributeDisplayOrder":8,"attributeValue":"NTSC","glossaryId":0,"attrDisplayName":"Analog TV Tuner"},{"itemID":20452169,"groupName":"Video Features","groupDisplayOrder":3,"contentProviderId":3,"attributeName":"Analog Video Input Signals","attributeDisplayOrder":2,"attributeValue":"NTSC","glossaryId":0,"attrDisplayName":"Analog Video Input Signals"},{"itemID":20452169,"groupName":"Video Features","groupDisplayOrder":3,"contentProviderId":3,"attributeName":"Closed Caption Capability","attributeDisplayOrder":3,"attributeValue":"Yes","glossaryId":0,"attrDisplayName":"Closed Caption Capability"},{"itemID":20452169,"groupName":"Video Features","groupDisplayOrder":3,"contentProviderId":3,"attributeName":"Input Video Formats","attributeDisplayOrder":4,"attributeValue":"480p, 720p, 1080p","glossaryId":0,"attrDisplayName":"Input Video Formats"},{"itemID":20452169,"groupName":"Video Features","groupDisplayOrder":3,"contentProviderId":3,"attributeName":"Parental Channel Lock","attributeDisplayOrder":6,"attributeValue":"Yes","glossaryId":0,"attrDisplayName":"Parental Channel Lock"},{"itemID":20452169,"groupName":"Remote Control","groupDisplayOrder":4,"contentProviderId":3,"attributeName":"Type","attributeDisplayOrder":1,"attributeValue":"Remote control","glossaryId":0,"attrDisplayName":"Type"},{"itemID":20452169,"groupName":"Audio System","groupDisplayOrder":5,"contentProviderId":3,"attributeName":"Sound Output Mode","attributeDisplayOrder":1,"attributeValue":"Stereo","glossaryId":0,"attrDisplayName":"Sound Output Mode"},{"itemID":20452169,"groupName":"Audio System","groupDisplayOrder":5,"contentProviderId":3,"attributeName":"Surround Mode","attributeDisplayOrder":2,"attributeValue":"Yes","glossaryId":0,"attrDisplayName":"Surround Mode"},{"itemID":20452169,"groupName":"Audio System","groupDisplayOrder":5,"contentProviderId":3,"attributeName":"Output Power / Total","attributeDisplayOrder":6,"attributeValue":"20 Watt","glossaryId":0,"attrDisplayName":"Output Power / Total"},{"itemID":20452169,"groupName":"Audio System","groupDisplayOrder":5,"contentProviderId":3,"attributeName":"Speaker(s)","attributeDisplayOrder":8,"attributeValue":"2 x right/left channel speaker - built-in - 10 Watt","glossaryId":0,"attrDisplayName":"Speaker(s)"},{"itemID":20452169,"groupName":"Connections","groupDisplayOrder":6,"contentProviderId":3,"attributeName":"Connector Type","attributeDisplayOrder":1,"attributeValue":"2 x USB ( 4 pin USB Type A ) - rear ¦ 4 x HDMI ( 19 pin HDMI Type A ) - rear ¦ 1 x component video input ( RCA phono x 3 ) - rear ¦ 2 x composite video input ( RCA phono ) - rear ¦ 3 x audio line-in ( RCA phono x 2 ) - rear ¦ 1 x serial ( 9 pin D-Sub ) - rear ¦ 1 x VGA input ( 15 pin HD D-Sub (HD-15) ) - rear ¦ 1 x network ( RJ-45 ) - rear ¦ 1 x digital audio output (optical) ( TOSLINK ) - rear ¦ 1 x audio line-in ( mini-phone stereo 3.5 mm ) - rear ¦ 1 x audio line-out ( mini-phone stereo 3.5 mm ) - rear","glossaryId":0,"attrDisplayName":"Connector Type"},{"itemID":20452169,"groupName":"Power","groupDisplayOrder":7,"contentProviderId":3,"attributeName":"Power Device","attributeDisplayOrder":1,"attributeValue":"Power supply - internal","glossaryId":0,"attrDisplayName":"Power Device"},{"itemID":20452169,"groupName":"Power","groupDisplayOrder":7,"contentProviderId":3,"attributeName":"Power Consumption Stand by / Sleep","attributeDisplayOrder":3,"attributeValue":"0.1 Watt","glossaryId":0,"attrDisplayName":"Power Consumption Stand by / Sleep"},{"itemID":20452169,"groupName":"General","groupDisplayOrder":9,"contentProviderId":3,"attributeName":"Product Type","attributeDisplayOrder":1,"attributeValue":"LED-backlit LCD TV - Smart TV","glossaryId":0,"attrDisplayName":"Product Type"},{"itemID":20452169,"groupName":"General","groupDisplayOrder":9,"contentProviderId":3,"attributeName":"PC Interface","attributeDisplayOrder":3,"attributeValue":"VGA (HD-15)","glossaryId":0,"attrDisplayName":"PC Interface"},{"itemID":20452169,"groupName":"General","groupDisplayOrder":9,"contentProviderId":3,"attributeName":"Width","attributeDisplayOrder":4,"attributeValue":"63.8 in","glossaryId":0,"attrDisplayName":"Width"},{"itemID":20452169,"groupName":"General","groupDisplayOrder":9,"contentProviderId":3,"attributeName":"Depth","attributeDisplayOrder":5,"attributeValue":"13.1 in","glossaryId":0,"attrDisplayName":"Depth"},{"itemID":20452169,"groupName":"General","groupDisplayOrder":9,"contentProviderId":3,"attributeName":"Height","attributeDisplayOrder":6,"attributeValue":"39.8 in","glossaryId":0,"attrDisplayName":"Height"},{"itemID":20452169,"groupName":"General","groupDisplayOrder":9,"contentProviderId":3,"attributeName":"Weight","attributeDisplayOrder":7,"attributeValue":"86 lbs","glossaryId":0,"attrDisplayName":"Weight"},{"itemID":20452169,"groupName":"General","groupDisplayOrder":9,"contentProviderId":3,"attributeName":"Series","attributeDisplayOrder":8,"attributeValue":"Aquos LED","glossaryId":0,"attrDisplayName":"Series"},{"itemID":20452169,"groupName":"General","groupDisplayOrder":9,"contentProviderId":3,"attributeName":"Enclosure Color","attributeDisplayOrder":11,"attributeValue":"Black","glossaryId":0,"attrDisplayName":"Enclosure Color"},{"itemID":20452169,"groupName":"General","groupDisplayOrder":9,"contentProviderId":3,"attributeName":"HDCP Compatible","attributeDisplayOrder":13,"attributeValue":"Yes","glossaryId":0,"attrDisplayName":"HDCP Compatible"},{"itemID":20452169,"groupName":"Environmental Parameters","groupDisplayOrder":18,"contentProviderId":3,"attributeName":"Min Operating Temperature","attributeDisplayOrder":1,"attributeValue":"32 °F","glossaryId":0,"attrDisplayName":"Min Operating Temperature"},{"itemID":20452169,"groupName":"Environmental Parameters","groupDisplayOrder":18,"contentProviderId":3,"attributeName":"Max Operating Temperature","attributeDisplayOrder":2,"attributeValue":"104 °F","glossaryId":0,"attrDisplayName":"Max Operating Temperature"},{"itemID":20452169,"groupName":"Dimensions & Weight Details","groupDisplayOrder":20,"contentProviderId":3,"attributeName":"Dimensions & Weight Details","attributeDisplayOrder":1,"attributeValue":"Panel without stand - 63.8 in x 3.5 in x 38.4 in x 79.4 lbs ¦ Panel with stand - 63.8 in x 13.1 in x 39.8 in x 86 lbs","glossaryId":0,"attrDisplayName":"Dimensions & Weight Details"},{"itemID":20452169,"groupName":"Network & Internet Multimedia","groupDisplayOrder":30,"contentProviderId":3,"attributeName":"Functionality","attributeDisplayOrder":1,"attributeValue":"Digital audio playback, digital photo playback, digital video playback, WEB browsing, Internet video playback","glossaryId":0,"attrDisplayName":"Functionality"},{"itemID":20452169,"groupName":"Network & Internet Multimedia","groupDisplayOrder":30,"contentProviderId":3,"attributeName":"Connectivity","attributeDisplayOrder":2,"attributeValue":"Wireless, wired","glossaryId":0,"attrDisplayName":"Connectivity"},{"itemID":20452169,"groupName":"Network & Internet Multimedia","groupDisplayOrder":30,"contentProviderId":3,"attributeName":"Connectivity Protocols","attributeDisplayOrder":3,"attributeValue":"IEEE 802.11b (Wi-Fi), IEEE 802.11a, IEEE 802.11g, IEEE 802.3 (Ethernet), IEEE 802.3u (Fast Ethernet), IEEE 802.11n","glossaryId":0,"attrDisplayName":"Connectivity Protocols"},{"itemID":20452169,"groupName":"Digital TV Tuner","groupDisplayOrder":32,"contentProviderId":3,"attributeName":"Digital TV Tuner","attributeDisplayOrder":1,"attributeValue":"ATSC, QAM","glossaryId":0,"attrDisplayName":"Digital TV Tuner"}],"sellers":{"0":{"itemId":20452169,"sellerId":0,"sellerTypeId":1,"sellerName":"Walmart.com","currentItemPrice":2298.0,"vendorItemNum":"LC70LE640U","weight":106.0,"wrapCode":0,"maximumItems":5,"baseItemPrice":2298.0,"stockWaterMark":0,"displayStatus":3,"tagCode":0,"baseSuggPrice":2799.99,"packingSlipCode":0,"minPrice":2298.0,"maxPrice":2298.0,"priceChangeCode":5,"productTaxCode":"PTG9","rebateAmount":-9.223372036854776E18,"rebateTargetURL":null,"shippingDimX":43.4,"shippingDimY":10.0,"shippingDimZ":69.5,"s2SE":false,"sellerItemFlags":null,"freeReturns":false,"shipAlone":false,"remapToItemId":-9223372036854775808,"remapAction":null,"promotionDiscount":-9.223372036854776E18,"promotionMessageType":"","minPromotionAmount":-9.223372036854776E18,"maxPromotionAmount":-9.223372036854776E18,"fedExEligible":false,"smallFormatEligible":false,"thresholdShippingEligible":false,"isS2SOnly":false,"tweTaxCode":"2042530","shippingTaxCode":"2038346","giftWrapTaxCode":"2038857","ppu":-9.223372036854776E18,"fromPPU":-9.223372036854776E18,"contributesToThreshold":false,"isPIPEligible":"Y","checksum":-1,"freeShipping":false,"itemEligibleForFedEx":false,"is97CentShipping":false,"hasRebateLink":false,"storePickupable":true,"submapCode":0,"97CentShipping":false,"shippingDimensionX":43.4,"shippingDimensionY":10.0,"shippingDimensionZ":69.5,"employeeDiscountable":true,"combinedThresholdEligible":false,"availableShippingOfferCodes":null,"isFreeShipping":false}},"ppueligible":false,"uom":null,"unitCount":"0","itemFlags":null,"originalBaseUpc":"0007400037348","imageThumbnailURL":"http://i.walmartimages.com/i/p/00/07/40/00/37/0007400037348_60X60.gif","electronicDelivery":false,"productImageUrl":"http://i.walmartimages.com/i/p/00/07/40/00/37/0007400037348_215X215.jpg","hazardMaterial":false,"media":false,"specialPricing":null,"rebate":false,"putEligible":true,"imagePostCardURL":"http://i.walmartimages.com/i/p/00/07/40/00/37/0007400037348_150X150.jpg"}]