[{"genericContent":{"itemId":20532183,"sourceId":3,"rank":1,"itemName":"HANNspree 19\" Class LCD 720p 60Hz HDTV, ST19BMUB, Giraffe","itemShortName":null,"shortDescription":"<p>Watch movies in a giraffe with the HANNspree ST19BMUB 19-Inch Class 720p 60Hz LCD HDTV. The unique HANNspree giraffe TV is a cute plush giraffe with an LCD panel inset in it's side. You can connect up to two HD devices to the HDMI ports on this HANNspree animal TV. It has a 1440 x 900 resolution for clear images. This HDTV with digital tuner has a 10000:1 dynamic contrast ratio to provide crisp brightness and contrast, and a true 16:10 aspect ratio. The HANNspree giraffe TV features built-in Dolby digital certified speakers for clear sound. </p>","longDescription":"<strong>HANNspree ST19BMUB 19-Inch Class 720p 60Hz LCD HDTV</strong><li>19\" LCD panel - With a 1440 x 900 resolution</li><li>True 16:10 aspect ratio - View your movies as the director intended</li><li>Wide 140-degree vertical and 150-degree horizontal angles - See a clear picture from anywhere in the room</li><li>Built-in digital tuner - Watch digital broadcasts, including HDTV programs where available</li><li>High brightness of 300 cd/m2 and 5 ms response time - Quick response time for a great picture</li><li>10,000:1 dynamic contrast ratio</li><li>HDMI Inputs: 2 - Enjoy a superior HD experience with HDMI one cable solution</li><li>19\" screen measured diagonally from corner to corner</li><li>Wall mountable - VESA standard 100mm x 100mm</li>","shelfDescription":"<li>19\" diagonal screen size<li>HDMI Inputs: 2<li>Wall mountable<li>Built-in digital tuner","mfgNo":"ST19BMUB","modelNum":"ST19BMUB","dimensionX":37.4,"dimensionY":31.1,"dimensionZ":8.47,"platform":null,"supplierWarranty":"1 Year Limited Warranty","warrantyLength":null,"assembledCountryOfOrigin":"USA and Imported","componentsCountryOfOrigin":"USA and Imported","accessoriesIncluded":null,"accessoriesNotIncluded":null,"ageRange":null,"gender":null,"rating":null,"attributeValue1":null,"attributeValue2":null,"attributeValue3":null,"attributeName1":null,"attributeName2":null,"attributeName3":null,"brandName":"HANNSPREE","manufacturerName":"Hannspree","alternateViews":"8","imageId":-9223372036854775808,"addlWarnMsgA":null,"addlWarnMsgB":null,"altWarnMsg":"N","panZoomId":2,"hasMatureContent":false,"attributeType1":null,"attributeUISetting1":null,"attributeRanking1":1,"attributeType2":null,"attributeUISetting2":null,"attributeRanking2":1,"attributeType3":null,"attributeUISetting3":null,"attributeRanking3":1,"attribute1_order":3,"attribute2_order":3,"attribute3_order":3,"partnerId":-1,"originalBaseUPC":"0084265100438","variantAttrData":null,"logoImage":"http://i.walmartimages.com/i/icon/-9/22/33/72/03/-9223372036854775808_100X60.gif","attributeData":[]},"alternateImageData":[{"imageSrc":"http://i.walmartimages.com/i/p/00/84/26/51/00/0084265100438_60X60.gif","lgImageSrc":"http://i.walmartimages.com/i/p/00/84/26/51/00/0084265100438_500X500.jpg","name":null},{"imageSrc":"http://i.walmartimages.com/i/p/00/84/26/51/00/0084265100438_AV_60X60.gif","lgImageSrc":"http://i.walmartimages.com/i/p/00/84/26/51/00/0084265100438_AV_500X500.jpg","name":null},{"imageSrc":"http://i.walmartimages.com/i/p/00/84/26/51/00/0084265100438_AV1_60X60.gif","lgImageSrc":"http://i.walmartimages.com/i/p/00/84/26/51/00/0084265100438_AV1_500X500.jpg","name":null},{"imageSrc":"http://i.walmartimages.com/i/p/00/84/26/51/00/0084265100438_AV2_60X60.gif","lgImageSrc":"http://i.walmartimages.com/i/p/00/84/26/51/00/0084265100438_AV2_500X500.jpg","name":null},{"imageSrc":"http://i.walmartimages.com/i/p/00/84/26/51/00/0084265100438_AV3_60X60.gif","lgImageSrc":"http://i.walmartimages.com/i/p/00/84/26/51/00/0084265100438_AV3_500X500.jpg","name":null},{"imageSrc":"http://i.walmartimages.com/i/p/00/84/26/51/00/0084265100438_AV4_60X60.gif","lgImageSrc":"http://i.walmartimages.com/i/p/00/84/26/51/00/0084265100438_AV4_500X500.jpg","name":null},{"imageSrc":"http://i.walmartimages.com/i/p/00/84/26/51/00/0084265100438_AV5_60X60.gif","lgImageSrc":"http://i.walmartimages.com/i/p/00/84/26/51/00/0084265100438_AV5_500X500.jpg","name":null},{"imageSrc":"http://i.walmartimages.com/i/p/00/84/26/51/00/0084265100438_AV6_60X60.gif","lgImageSrc":"http://i.walmartimages.com/i/p/00/84/26/51/00/0084265100438_AV6_500X500.jpg","name":null},{"imageSrc":"http://i.walmartimages.com/i/p/00/84/26/51/00/0084265100438_AV7_60X60.gif","lgImageSrc":"http://i.walmartimages.com/i/p/00/84/26/51/00/0084265100438_AV7_500X500.jpg","name":null}],"id":20532183,"comparable":true,"upc":"0084265100438","customerRatingUrl":"http://www.walmart.com/i/CustRating/4_7.gif","partnerId":-1,"itemAttributes":[{"itemID":20532183,"groupName":"Display","groupDisplayOrder":1,"contentProviderId":3,"attributeName":"Image Aspect Ratio","attributeDisplayOrder":1,"attributeValue":"16:10","glossaryId":0,"attrDisplayName":"Image Aspect Ratio"},{"itemID":20532183,"groupName":"Display","groupDisplayOrder":1,"contentProviderId":3,"attributeName":"Widescreen Modes","attributeDisplayOrder":3,"attributeValue":"Full, Zoom, Normal, Cinema, Subtitle","glossaryId":0,"attrDisplayName":"Widescreen Modes"},{"itemID":20532183,"groupName":"Display","groupDisplayOrder":1,"contentProviderId":3,"attributeName":"Comb Filter","attributeDisplayOrder":5,"attributeValue":"3D digital","glossaryId":0,"attrDisplayName":"Comb Filter"},{"itemID":20532183,"groupName":"Display","groupDisplayOrder":1,"contentProviderId":3,"attributeName":"Color Temperature Control","attributeDisplayOrder":6,"attributeValue":"Yes","glossaryId":0,"attrDisplayName":"Color Temperature Control"},{"itemID":20532183,"groupName":"Display","groupDisplayOrder":1,"contentProviderId":3,"attributeName":"Additional Features","attributeDisplayOrder":7,"attributeValue":"V-Chip, parental control, on-screen menu, 3:2 pull down compensation, 2:2 pull down compensation, anti-glare coating, X-Celerate Overdrive Technology, X-Contrast Technology, Digital Noise Reduction (DNR), progressive scan","glossaryId":0,"attrDisplayName":"Additional Features"},{"itemID":20532183,"groupName":"Display","groupDisplayOrder":1,"contentProviderId":3,"attributeName":"Display Format","attributeDisplayOrder":11,"attributeValue":"720p","glossaryId":0,"attrDisplayName":"Display Format"},{"itemID":20532183,"groupName":"Display","groupDisplayOrder":1,"contentProviderId":3,"attributeName":"Resolution","attributeDisplayOrder":12,"attributeValue":"1440 x 900","glossaryId":0,"attrDisplayName":"Resolution"},{"itemID":20532183,"groupName":"Display","groupDisplayOrder":1,"contentProviderId":3,"attributeName":"Viewing Angle","attributeDisplayOrder":13,"attributeValue":"150 degrees","glossaryId":0,"attrDisplayName":"Viewing Angle"},{"itemID":20532183,"groupName":"Display","groupDisplayOrder":1,"contentProviderId":3,"attributeName":"Viewing Angle (Vertical)","attributeDisplayOrder":14,"attributeValue":"140 degrees","glossaryId":0,"attrDisplayName":"Viewing Angle (Vertical)"},{"itemID":20532183,"groupName":"Display","groupDisplayOrder":1,"contentProviderId":3,"attributeName":"V-Chip Control","attributeDisplayOrder":15,"attributeValue":"Yes","glossaryId":0,"attrDisplayName":"V-Chip Control"},{"itemID":20532183,"groupName":"Display","groupDisplayOrder":1,"contentProviderId":3,"attributeName":"Image Contrast Ratio","attributeDisplayOrder":17,"attributeValue":"700:1","glossaryId":0,"attrDisplayName":"Image Contrast Ratio"},{"itemID":20532183,"groupName":"Display","groupDisplayOrder":1,"contentProviderId":3,"attributeName":"Brightness","attributeDisplayOrder":18,"attributeValue":"300 cd/m2","glossaryId":0,"attrDisplayName":"Brightness"},{"itemID":20532183,"groupName":"Display","groupDisplayOrder":1,"contentProviderId":3,"attributeName":"Color Depth","attributeDisplayOrder":19,"attributeValue":"16.7 million colors","glossaryId":0,"attrDisplayName":"Color Depth"},{"itemID":20532183,"groupName":"TV Tuner","groupDisplayOrder":2,"contentProviderId":3,"attributeName":"Analog TV Tuner","attributeDisplayOrder":8,"attributeValue":"NTSC","glossaryId":0,"attrDisplayName":"Analog TV Tuner"},{"itemID":20532183,"groupName":"Video Features","groupDisplayOrder":3,"contentProviderId":3,"attributeName":"Parental Channel Lock","attributeDisplayOrder":6,"attributeValue":"Yes","glossaryId":0,"attrDisplayName":"Parental Channel Lock"},{"itemID":20532183,"groupName":"Remote Control","groupDisplayOrder":4,"contentProviderId":3,"attributeName":"Type","attributeDisplayOrder":1,"attributeValue":"Universal remote control","glossaryId":0,"attrDisplayName":"Type"},{"itemID":20532183,"groupName":"Audio System","groupDisplayOrder":5,"contentProviderId":3,"attributeName":"Sound Output Mode","attributeDisplayOrder":1,"attributeValue":"Stereo","glossaryId":0,"attrDisplayName":"Sound Output Mode"},{"itemID":20532183,"groupName":"Audio System","groupDisplayOrder":5,"contentProviderId":3,"attributeName":"Output Power / Total","attributeDisplayOrder":6,"attributeValue":"5 Watt","glossaryId":0,"attrDisplayName":"Output Power / Total"},{"itemID":20532183,"groupName":"Audio System","groupDisplayOrder":5,"contentProviderId":3,"attributeName":"Speaker(s)","attributeDisplayOrder":8,"attributeValue":"2 x main channel speaker - built-in - 2.5 Watt","glossaryId":0,"attrDisplayName":"Speaker(s)"},{"itemID":20532183,"groupName":"Audio System","groupDisplayOrder":5,"contentProviderId":3,"attributeName":"Equalizer","attributeDisplayOrder":9,"attributeValue":"Yes (4-band)","glossaryId":0,"attrDisplayName":"Equalizer"},{"itemID":20532183,"groupName":"Audio System","groupDisplayOrder":5,"contentProviderId":3,"attributeName":"Built-in Decoders","attributeDisplayOrder":12,"attributeValue":"Dolby Digital","glossaryId":0,"attrDisplayName":"Built-in Decoders"},{"itemID":20532183,"groupName":"Connections","groupDisplayOrder":6,"contentProviderId":3,"attributeName":"Connector Type","attributeDisplayOrder":1,"attributeValue":"1 x composite video input ( RCA phono ) ¦ 1 x component video input ( RCA phono x 3 ) ¦ 2 x HDMI input ( 19 pin HDMI Type A ) ¦ 1 x VGA input ( 15 pin HD D-Sub (HD-15) ) ¦ Audio line-in ( RCA phono x 2 ) ¦ 1 x audio line-in ( mini-phone stereo 3.5 mm ) ¦ 1 x headphones ( mini-phone stereo 3.5 mm ) ¦ 1 x S-Video input ( 4 pin mini-DIN ) ¦ 1 x Hi-Speed USB ( 4 pin USB Type A )","glossaryId":0,"attrDisplayName":"Connector Type"},{"itemID":20532183,"groupName":"Power","groupDisplayOrder":7,"contentProviderId":3,"attributeName":"Power Device","attributeDisplayOrder":1,"attributeValue":"Power supply","glossaryId":0,"attrDisplayName":"Power Device"},{"itemID":20532183,"groupName":"Power","groupDisplayOrder":7,"contentProviderId":3,"attributeName":"Power Consumption Stand by / Sleep","attributeDisplayOrder":3,"attributeValue":"1 Watt","glossaryId":0,"attrDisplayName":"Power Consumption Stand by / Sleep"},{"itemID":20532183,"groupName":"General","groupDisplayOrder":9,"contentProviderId":3,"attributeName":"Product Type","attributeDisplayOrder":1,"attributeValue":"LCD TV","glossaryId":0,"attrDisplayName":"Product Type"},{"itemID":20532183,"groupName":"General","groupDisplayOrder":9,"contentProviderId":3,"attributeName":"PC Interface","attributeDisplayOrder":3,"attributeValue":"VGA (HD-15), HDMI","glossaryId":0,"attrDisplayName":"PC Interface"},{"itemID":20532183,"groupName":"General","groupDisplayOrder":9,"contentProviderId":3,"attributeName":"Width","attributeDisplayOrder":4,"attributeValue":"29.1 in","glossaryId":0,"attrDisplayName":"Width"},{"itemID":20532183,"groupName":"General","groupDisplayOrder":9,"contentProviderId":3,"attributeName":"Depth","attributeDisplayOrder":5,"attributeValue":"6.3 in","glossaryId":0,"attrDisplayName":"Depth"},{"itemID":20532183,"groupName":"General","groupDisplayOrder":9,"contentProviderId":3,"attributeName":"Height","attributeDisplayOrder":6,"attributeValue":"34.7 in","glossaryId":0,"attrDisplayName":"Height"},{"itemID":20532183,"groupName":"General","groupDisplayOrder":9,"contentProviderId":3,"attributeName":"Weight","attributeDisplayOrder":7,"attributeValue":"19.8 lbs","glossaryId":0,"attrDisplayName":"Weight"},{"itemID":20532183,"groupName":"General","groupDisplayOrder":9,"contentProviderId":3,"attributeName":"HDCP Compatible","attributeDisplayOrder":13,"attributeValue":"Yes","glossaryId":0,"attrDisplayName":"HDCP Compatible"},{"itemID":20532183,"groupName":"Miscellaneous","groupDisplayOrder":11,"contentProviderId":3,"attributeName":"Cables Included","attributeDisplayOrder":3,"attributeValue":"1 x HDMI cable","glossaryId":0,"attrDisplayName":"Cables Included"},{"itemID":20532183,"groupName":"Miscellaneous","groupDisplayOrder":11,"contentProviderId":3,"attributeName":"Compliant Standards","attributeDisplayOrder":4,"attributeValue":"FCC, RoHS","glossaryId":0,"attrDisplayName":"Compliant Standards"},{"itemID":20532183,"groupName":"Digital TV Tuner","groupDisplayOrder":32,"contentProviderId":3,"attributeName":"Digital TV Tuner","attributeDisplayOrder":1,"attributeValue":"ATSC, QAM","glossaryId":0,"attrDisplayName":"Digital TV Tuner"}],"sellers":{"0":{"itemId":20532183,"sellerId":0,"sellerTypeId":1,"sellerName":"Walmart.com","currentItemPrice":99.98,"vendorItemNum":"ST19BMUB","weight":24.2,"wrapCode":0,"maximumItems":5,"baseItemPrice":89.98,"stockWaterMark":1,"displayStatus":3,"tagCode":0,"baseSuggPrice":149.98,"packingSlipCode":0,"minPrice":99.98,"maxPrice":99.98,"priceChangeCode":8,"productTaxCode":"PTG8","rebateAmount":-9.223372036854776E18,"rebateTargetURL":null,"shippingDimX":40.55,"shippingDimY":33.07,"shippingDimZ":11.02,"s2SE":true,"sellerItemFlags":null,"freeReturns":false,"shipAlone":false,"remapToItemId":-9223372036854775808,"remapAction":null,"promotionDiscount":-9.223372036854776E18,"promotionMessageType":"","minPromotionAmount":-9.223372036854776E18,"maxPromotionAmount":-9.223372036854776E18,"fedExEligible":false,"smallFormatEligible":false,"thresholdShippingEligible":false,"isS2SOnly":false,"tweTaxCode":"2042529","shippingTaxCode":"2038346","giftWrapTaxCode":"2038857","ppu":-9.223372036854776E18,"fromPPU":-9.223372036854776E18,"contributesToThreshold":false,"isPIPEligible":"Y","checksum":-1,"freeShipping":false,"itemEligibleForFedEx":false,"is97CentShipping":false,"hasRebateLink":false,"storePickupable":true,"submapCode":0,"97CentShipping":false,"shippingDimensionX":40.55,"shippingDimensionY":33.07,"shippingDimensionZ":11.02,"employeeDiscountable":true,"combinedThresholdEligible":false,"availableShippingOfferCodes":null,"isFreeShipping":false}},"ppueligible":false,"uom":null,"unitCount":"0","itemFlags":"1,","originalBaseUpc":"0084265100438","imageThumbnailURL":"http://i.walmartimages.com/i/p/00/84/26/51/00/0084265100438_60X60.gif","electronicDelivery":false,"productImageUrl":"http://i.walmartimages.com/i/p/00/84/26/51/00/0084265100438_215X215.jpg","hazardMaterial":false,"media":false,"specialPricing":null,"rebate":false,"putEligible":false,"imagePostCardURL":"http://i.walmartimages.com/i/p/00/84/26/51/00/0084265100438_150X150.jpg"}]