[{"genericContent":{"itemId":19793560,"sourceId":2,"rank":1,"itemName":"Sceptre 32\" Class LCD 1080p 60Hz HDTV, X325BV-FHD","itemShortName":null,"shortDescription":"<p>The Sceptre 32-Inch Class LCD HDTV features a crystal clear LCD display that emits bright and robust colors. Three HDMI ports allow you to connect your high-definition components all at once. The Sceptre LCD TV offers an ultra fast response time of 6.5ms for a crisp, flicker-free image at 1080p Full HD resolution. The additional feature of a USB port helps further expand the functionality of your TV, allowing you to listen to music and view digital pictures quickly and conveniently. The ultra-slim design and eye-catching finish complements stainless steel electronics for a high-end, modern look.</p>","longDescription":"<strong>Sceptre 32\" Class LCD HDTV</strong><li>32\" LCD panel</li><li>With a 1920 x 1080 Full HD resolution</li><li>True 16:9 aspect ratio</li><li>View your movies as the director intended</li><li>Built-in digital tuner</li><li>Watch digital broadcasts, including HDTV programs where available</li><li>6.5 ms response time</li><li>Quick response time for a great picture</li><li>Contrast Ratio: 5,000:1</li><li>HDMI Inputs: 3</li><li>Enjoy a superior HD experience with HDMI one cable solution</li><li>31.5\" screen measured diagonally from corner to corner</li><li>Wall mountable</li><li>USB port</li><li>Allows you to play your music and view photos</li>","shelfDescription":"<li>31.5\" diagonal screen size<li>HDMI Inputs: 3<li>Wall mountable","mfgNo":"X325BV-FHD","modelNum":"X325BV-FHD","dimensionX":22.13,"dimensionY":31.26,"dimensionZ":7.88,"platform":null,"supplierWarranty":"1 Year Limited Warranty - Parts and Labor","warrantyLength":null,"assembledCountryOfOrigin":"Imported","componentsCountryOfOrigin":"Imported","accessoriesIncluded":null,"accessoriesNotIncluded":null,"ageRange":null,"gender":null,"rating":null,"attributeValue1":null,"attributeValue2":null,"attributeValue3":null,"attributeName1":null,"attributeName2":null,"attributeName3":null,"brandName":"Sceptre","manufacturerName":"Sceptre Inc","alternateViews":"2","imageId":-9223372036854775808,"addlWarnMsgA":null,"addlWarnMsgB":null,"altWarnMsg":"N","panZoomId":-9223372036854775808,"hasMatureContent":false,"attributeType1":null,"attributeUISetting1":null,"attributeRanking1":1,"attributeType2":null,"attributeUISetting2":null,"attributeRanking2":1,"attributeType3":null,"attributeUISetting3":null,"attributeRanking3":1,"attribute1_order":3,"attribute2_order":3,"attribute3_order":3,"partnerId":-1,"originalBaseUPC":"0079234323253","variantAttrData":null,"logoImage":"http://i.walmartimages.com/i/icon/-9/22/33/72/03/-9223372036854775808_100X60.gif","attributeData":[]},"alternateImageData":[{"imageSrc":"http://i.walmartimages.com/i/p/00/79/23/43/23/0079234323253_60X60.gif","lgImageSrc":"http://i.walmartimages.com/i/p/00/79/23/43/23/0079234323253_500X500.jpg","name":null},{"imageSrc":"http://i.walmartimages.com/i/p/00/79/23/43/23/0079234323253_AV_60X60.gif","lgImageSrc":"http://i.walmartimages.com/i/p/00/79/23/43/23/0079234323253_AV_500X500.jpg","name":null},{"imageSrc":"http://i.walmartimages.com/i/p/00/79/23/43/23/0079234323253_AV1_60X60.gif","lgImageSrc":"http://i.walmartimages.com/i/p/00/79/23/43/23/0079234323253_AV1_500X500.jpg","name":null}],"id":19793560,"comparable":true,"upc":"0079234323253","customerRatingUrl":"http://www.walmart.com/i/CustRating/4_2.gif","partnerId":-1,"itemAttributes":[{"itemID":19793560,"groupName":"Additional Specifications","groupDisplayOrder":34,"contentProviderId":2,"attributeName":"Contrast Ratio","attributeDisplayOrder":37,"attributeValue":"5,000:1","glossaryId":0,"attrDisplayName":"Contrast Ratio"},{"itemID":19793560,"groupName":"Additional Specifications","groupDisplayOrder":34,"contentProviderId":2,"attributeName":"Remote Included","attributeDisplayOrder":40,"attributeValue":"Yes","glossaryId":0,"attrDisplayName":"Remote Included"},{"itemID":19793560,"groupName":"Additional Specifications","groupDisplayOrder":34,"contentProviderId":2,"attributeName":"Resolution","attributeDisplayOrder":41,"attributeValue":"1080p (HDTV)","glossaryId":0,"attrDisplayName":"Resolution"},{"itemID":19793560,"groupName":"Additional Specifications","groupDisplayOrder":34,"contentProviderId":2,"attributeName":"Response Time","attributeDisplayOrder":42,"attributeValue":"6.5ms","glossaryId":0,"attrDisplayName":"Response Time"},{"itemID":19793560,"groupName":"Additional Specifications","groupDisplayOrder":34,"contentProviderId":2,"attributeName":"Tv Definition","attributeDisplayOrder":44,"attributeValue":"HDTV","glossaryId":0,"attrDisplayName":"Tv Definition"},{"itemID":19793560,"groupName":"Additional Specifications","groupDisplayOrder":34,"contentProviderId":2,"attributeName":"Tv Technology","attributeDisplayOrder":45,"attributeValue":"LCD","glossaryId":0,"attrDisplayName":"Tv Technology"},{"itemID":19793560,"groupName":"Additional Specifications","groupDisplayOrder":34,"contentProviderId":2,"attributeName":"Primary Color","attributeDisplayOrder":171,"attributeValue":"Black","glossaryId":0,"attrDisplayName":"Primary Color"},{"itemID":19793560,"groupName":"Additional Specifications","groupDisplayOrder":34,"contentProviderId":2,"attributeName":"Multi Pack Indicator","attributeDisplayOrder":180,"attributeValue":"No","glossaryId":0,"attrDisplayName":"Multi Pack Indicator"},{"itemID":19793560,"groupName":"Additional Specifications","groupDisplayOrder":34,"contentProviderId":2,"attributeName":"Battery Type","attributeDisplayOrder":184,"attributeValue":"Alkaline","glossaryId":0,"attrDisplayName":"Battery Type"}],"sellers":{"0":{"itemId":19793560,"sellerId":0,"sellerTypeId":1,"sellerName":"Walmart.com","currentItemPrice":209.0,"vendorItemNum":"X325BV-FHD","weight":28.67,"wrapCode":0,"maximumItems":5,"baseItemPrice":218.0,"stockWaterMark":0,"displayStatus":3,"tagCode":0,"baseSuggPrice":299.99,"packingSlipCode":0,"minPrice":209.0,"maxPrice":209.0,"priceChangeCode":8,"productTaxCode":"PTG8","rebateAmount":-9.223372036854776E18,"rebateTargetURL":null,"shippingDimX":25.79,"shippingDimY":35.04,"shippingDimZ":6.1,"s2SE":true,"sellerItemFlags":null,"freeReturns":false,"shipAlone":false,"remapToItemId":-9223372036854775808,"remapAction":null,"promotionDiscount":-9.223372036854776E18,"promotionMessageType":"","minPromotionAmount":-9.223372036854776E18,"maxPromotionAmount":-9.223372036854776E18,"fedExEligible":false,"smallFormatEligible":true,"thresholdShippingEligible":false,"isS2SOnly":false,"tweTaxCode":"2042529","shippingTaxCode":"2038346","giftWrapTaxCode":"2038857","ppu":-9.223372036854776E18,"fromPPU":-9.223372036854776E18,"contributesToThreshold":false,"isPIPEligible":"Y","checksum":-1,"freeShipping":false,"itemEligibleForFedEx":false,"is97CentShipping":false,"hasRebateLink":false,"storePickupable":true,"submapCode":0,"97CentShipping":false,"shippingDimensionX":25.79,"shippingDimensionY":35.04,"shippingDimensionZ":6.1,"employeeDiscountable":true,"combinedThresholdEligible":false,"availableShippingOfferCodes":null,"isFreeShipping":false}},"ppueligible":false,"uom":null,"unitCount":"0","itemFlags":null,"originalBaseUpc":"0079234323253","imageThumbnailURL":"http://i.walmartimages.com/i/p/00/79/23/43/23/0079234323253_60X60.gif","electronicDelivery":false,"productImageUrl":"http://i.walmartimages.com/i/p/00/79/23/43/23/0079234323253_215X215.jpg","hazardMaterial":false,"media":false,"specialPricing":null,"rebate":false,"putEligible":false,"imagePostCardURL":"http://i.walmartimages.com/i/p/00/79/23/43/23/0079234323253_150X150.jpg"}]