[{"genericContent":{"itemId":16617615,"sourceId":3,"rank":1,"itemName":"Toshiba 24\" Class LED 1080p 60Hz HDTV, 1.85\" ultra slim, 24SL410U","itemShortName":null,"shortDescription":"<p>Step up to LED and enjoy true-to-life images, by bringing home Toshiba 24SL410U 24-Inch 1080p 60 Hz LED LCD HDTV. Infused with legendary Toshiba quality and reliability, this versatile television offers excellent sound and images in clear 1080p full HD resolution. With 60Hz refresh rate, you can enjoy greater picture quality. Even the highlights are delivered with excellent character. With the LED backlight technology, this ultra thin LED TV display images through liquid crystal illumination similar to LCD models but here, images break out in vivid colors, deeper blacks and brighter whites. It features also DynaLight technology for crisp, crystal clear and deep images. Featuring a sleek, minimalist design, the Toshiba LED TV looks just as great on a pedestal as it does in a kitchen, bedroom or kids' room. You can use the USB to connect your favorite music, while the PC input allows you to connect your Ultra Thin LED TV to a PC.</p>","longDescription":"<br><p><strong>Note:</strong> You must have a source of HD programming in order to take full advantage of the Toshiba 24\" HDTV. Contact your local cable or satellite TV provider for details on how to upgrade.</p><strong>ENERGY STAR</strong><p>Products that are ENERGY STAR-qualified prevent greenhouse gas emissions by meeting strict energy efficiency guidelines set by the U.S. Environmental Protection Agency and the U.S. Department of Energy. The ENERGY STAR name and marks are registered marks owned by the U.S. government, as part of their energy efficiency and environmental activities.</p><br><strong>Toshiba 24\" Class LED 1080p 60Hz HDTV, 24SL410U:</strong><li>16:9 LED panel With a 1920 x 1080 Full HD resolution</li><li>24\" class screen size 23.5\" screen measured diagonally from corner to corner</li><li>Built-in digital tuner Watch digital broadcasts, including HDTV programs where available</li><li>HDMI Inputs: 2 Enjoy a superior HD experience with HDMI one cable solution</li><li>DynaLight technology Increase detail and depth of images on your screen</li><li>USB connection Connect your favorite tunes and photos, create slideshows or listen to personal playlists</li><li>Wall mountable VESA standard 100mm x 100mm</li>","shelfDescription":"<li>23.5\" diagonal screen size<li>HDMI Inputs: 2<li>Wall mountable<li>DynaLight technology","mfgNo":"24SL410U","modelNum":"24SL410U","dimensionX":14.57,"dimensionY":1.85,"dimensionZ":22.98,"platform":null,"supplierWarranty":null,"warrantyLength":null,"assembledCountryOfOrigin":"USA or Imported","componentsCountryOfOrigin":"USA or Imported","accessoriesIncluded":null,"accessoriesNotIncluded":null,"ageRange":null,"gender":null,"rating":null,"attributeValue1":null,"attributeValue2":null,"attributeValue3":null,"attributeName1":null,"attributeName2":null,"attributeName3":null,"brandName":"Toshiba","manufacturerName":"Toshiba","alternateViews":null,"imageId":-9223372036854775808,"addlWarnMsgA":null,"addlWarnMsgB":null,"altWarnMsg":"N","panZoomId":2,"hasMatureContent":false,"attributeType1":null,"attributeUISetting1":null,"attributeRanking1":1,"attributeType2":null,"attributeUISetting2":null,"attributeRanking2":1,"attributeType3":null,"attributeUISetting3":null,"attributeRanking3":1,"attribute1_order":3,"attribute2_order":3,"attribute3_order":3,"partnerId":-1,"originalBaseUPC":"0002226500423","variantAttrData":null,"logoImage":"http://i.walmartimages.com/i/icon/-9/22/33/72/03/-9223372036854775808_100X60.gif","attributeData":[]},"alternateImageData":[],"id":16617615,"comparable":true,"upc":"0002226500423","customerRatingUrl":null,"partnerId":-1,"itemAttributes":[{"itemID":16617615,"groupName":"Display","groupDisplayOrder":1,"contentProviderId":3,"attributeName":"Additional Features","attributeDisplayOrder":7,"attributeValue":"DynaLight, game mode, Native Mode","glossaryId":0,"attrDisplayName":"Additional Features"},{"itemID":16617615,"groupName":"Display","groupDisplayOrder":1,"contentProviderId":3,"attributeName":"Display Format","attributeDisplayOrder":11,"attributeValue":"1080p (FullHD)","glossaryId":0,"attrDisplayName":"Display Format"},{"itemID":16617615,"groupName":"Display","groupDisplayOrder":1,"contentProviderId":3,"attributeName":"Resolution","attributeDisplayOrder":12,"attributeValue":"1920 x 1080","glossaryId":0,"attrDisplayName":"Resolution"},{"itemID":16617615,"groupName":"Remote Control","groupDisplayOrder":4,"contentProviderId":3,"attributeName":"Type","attributeDisplayOrder":1,"attributeValue":"Remote control","glossaryId":0,"attrDisplayName":"Type"},{"itemID":16617615,"groupName":"Audio System","groupDisplayOrder":5,"contentProviderId":3,"attributeName":"Sound Output Mode","attributeDisplayOrder":1,"attributeValue":"Stereo","glossaryId":0,"attrDisplayName":"Sound Output Mode"},{"itemID":16617615,"groupName":"Audio System","groupDisplayOrder":5,"contentProviderId":3,"attributeName":"Output Power / Total","attributeDisplayOrder":6,"attributeValue":"6 Watt","glossaryId":0,"attrDisplayName":"Output Power / Total"},{"itemID":16617615,"groupName":"Audio System","groupDisplayOrder":5,"contentProviderId":3,"attributeName":"Additional Features","attributeDisplayOrder":7,"attributeValue":"Mute button","glossaryId":0,"attrDisplayName":"Additional Features"},{"itemID":16617615,"groupName":"Audio System","groupDisplayOrder":5,"contentProviderId":3,"attributeName":"Speaker(s)","attributeDisplayOrder":8,"attributeValue":"2 x main channel speaker - built-in - 3 Watt","glossaryId":0,"attrDisplayName":"Speaker(s)"},{"itemID":16617615,"groupName":"Connections","groupDisplayOrder":6,"contentProviderId":3,"attributeName":"Connector Type","attributeDisplayOrder":1,"attributeValue":"2 x HDMI ( 19 pin HDMI Type A ) ¦ 1 x USB ( 4 pin USB Type A ) ¦ 1 x component video input ( RCA phono x 3 ) ¦ 1 x composite video input ( RCA phono x 3 ) ¦ 1 x VGA input ( 15 pin HD D-Sub (HD-15) ) ¦ 1 x audio input ( mini-phone stereo 3.5 mm ) ¦ 1 x audio output ( RCA phono x 2 ) ¦ 1 x digital audio input (optical) ¦ 1 x antenna","glossaryId":0,"attrDisplayName":"Connector Type"},{"itemID":16617615,"groupName":"Power","groupDisplayOrder":7,"contentProviderId":3,"attributeName":"Power Device","attributeDisplayOrder":1,"attributeValue":"Power supply - internal","glossaryId":0,"attrDisplayName":"Power Device"},{"itemID":16617615,"groupName":"General","groupDisplayOrder":9,"contentProviderId":3,"attributeName":"Product Type","attributeDisplayOrder":1,"attributeValue":"LED-backlit LCD TV","glossaryId":0,"attrDisplayName":"Product Type"},{"itemID":16617615,"groupName":"General","groupDisplayOrder":9,"contentProviderId":3,"attributeName":"PC Interface","attributeDisplayOrder":3,"attributeValue":"VGA (HD-15), HDMI","glossaryId":0,"attrDisplayName":"PC Interface"},{"itemID":16617615,"groupName":"General","groupDisplayOrder":9,"contentProviderId":3,"attributeName":"Width","attributeDisplayOrder":4,"attributeValue":"23 in","glossaryId":0,"attrDisplayName":"Width"},{"itemID":16617615,"groupName":"General","groupDisplayOrder":9,"contentProviderId":3,"attributeName":"Depth","attributeDisplayOrder":5,"attributeValue":"8.7 in","glossaryId":0,"attrDisplayName":"Depth"},{"itemID":16617615,"groupName":"General","groupDisplayOrder":9,"contentProviderId":3,"attributeName":"Height","attributeDisplayOrder":6,"attributeValue":"16.3 in","glossaryId":0,"attrDisplayName":"Height"},{"itemID":16617615,"groupName":"General","groupDisplayOrder":9,"contentProviderId":3,"attributeName":"Weight","attributeDisplayOrder":7,"attributeValue":"9.7 lbs","glossaryId":0,"attrDisplayName":"Weight"},{"itemID":16617615,"groupName":"General","groupDisplayOrder":9,"contentProviderId":3,"attributeName":"Series","attributeDisplayOrder":8,"attributeValue":"REGZA SL Series","glossaryId":0,"attrDisplayName":"Series"},{"itemID":16617615,"groupName":"Dimensions & Weight Details","groupDisplayOrder":20,"contentProviderId":3,"attributeName":"Dimensions & Weight Details","attributeDisplayOrder":1,"attributeValue":"Panel without stand - 23 in x 1.9 in x 14.6 in x 9.7 lbs ¦ Panel with stand - 23 in x 8.7 in x 16.3 in x 8.6 lbs","glossaryId":0,"attrDisplayName":"Dimensions & Weight Details"}],"sellers":{"0":{"itemId":16617615,"sellerId":0,"sellerTypeId":1,"sellerName":"Walmart.com","currentItemPrice":179.98,"vendorItemNum":"24SL410U","weight":12.13,"wrapCode":0,"maximumItems":1,"baseItemPrice":169.98,"stockWaterMark":1,"displayStatus":-10,"tagCode":0,"baseSuggPrice":249.98,"packingSlipCode":0,"minPrice":179.98,"maxPrice":179.98,"priceChangeCode":8,"productTaxCode":"PTG8","rebateAmount":-9.223372036854776E18,"rebateTargetURL":null,"shippingDimX":18.7,"shippingDimY":4.96,"shippingDimZ":25.71,"s2SE":true,"sellerItemFlags":null,"freeReturns":false,"shipAlone":false,"remapToItemId":-9223372036854775808,"remapAction":null,"promotionDiscount":-9.223372036854776E18,"promotionMessageType":"","minPromotionAmount":-9.223372036854776E18,"maxPromotionAmount":-9.223372036854776E18,"fedExEligible":true,"smallFormatEligible":true,"thresholdShippingEligible":false,"isS2SOnly":false,"tweTaxCode":"2042545","shippingTaxCode":"2038346","giftWrapTaxCode":"2038857","ppu":-9.223372036854776E18,"fromPPU":-9.223372036854776E18,"contributesToThreshold":false,"isPIPEligible":"Y","checksum":-1,"freeShipping":false,"itemEligibleForFedEx":true,"is97CentShipping":false,"hasRebateLink":false,"storePickupable":true,"submapCode":0,"97CentShipping":false,"shippingDimensionX":18.7,"shippingDimensionY":4.96,"shippingDimensionZ":25.71,"employeeDiscountable":true,"combinedThresholdEligible":false,"availableShippingOfferCodes":null,"isFreeShipping":false}},"ppueligible":false,"uom":null,"unitCount":"0","itemFlags":null,"originalBaseUpc":"0002226500423","imageThumbnailURL":"http://i.walmartimages.com/i/p/00/02/22/65/00/0002226500423_60X60.gif","electronicDelivery":false,"productImageUrl":"http://i.walmartimages.com/i/p/00/02/22/65/00/0002226500423_215X215.jpg","hazardMaterial":false,"media":false,"specialPricing":null,"rebate":false,"putEligible":false,"imagePostCardURL":"http://i.walmartimages.com/i/p/00/02/22/65/00/0002226500423_150X150.jpg"}]