[{"genericContent":{"itemId":20461465,"sourceId":2,"rank":1,"itemName":"Vizio E321VL 32\" Class LCD 720p 60Hz HDTV, Refurbished","itemShortName":null,"shortDescription":"High definition entertainment has never been so amazing. The 32\" Class LCD HDTV delivers 720p high definition for remarkable detail and striking 100,000:1 Dynamic Contrast Ratio for truly deep blacks and brighter whites.<p><b>Note:</b> You must have a source of HD programming in order to take full advantage of the Vizio 32\" HDTV. Contact your local cable or satellite TV provider for details on how to upgrade.","longDescription":"<br><b>Vizio 32\" Class LCD 720p 60Hz HDTV, E321VL Refurbished :</b><ul><li>32\" LCD panel<br>With a 1366 x 768 Full HD resolution<li>True 16:9 aspect ratio<br>View your movies as the director intended<li>Wide 178-degree vertical and 178-degree horizontal angles<br>See a clear picture from anywhere in the room<li>Built-in digital tuner<br>Watch digital broadcasts, including HDTV programs where available<li>High brightness of 500 cd/m2 and 8 ms response time<br>Quick response time for a great picture<li>100,000:1 dynamic contrast ratio<li>HDMI Inputs: 2<br>Enjoy a superior HD experience with HDMI one cable solution<li>32\" screen measured diagonally from corner to corner</ul><br><b>ENERGY STAR<sup>&reg;</sup></b><br>Products that are ENERGY STAR-qualified prevent greenhouse gas emissions by meeting strict energy efficiency guidelines set by the U.S. Environmental Protection Agency and the U.S. Department of Energy. The ENERGY STAR name and marks are registered marks owned by the U.S. government, as part of their energy efficiency and environmental activities.","shelfDescription":"<li>32\" diagonal screen size<li>HDMI Inputs: 2<li>Wall mountable<li>Built-in digital tuner","mfgNo":"RBE321VL","modelNum":"RBE321VL","dimensionX":22.45,"dimensionY":31.19,"dimensionZ":8.28,"platform":null,"supplierWarranty":"90 Day Limited Warranty","warrantyLength":null,"assembledCountryOfOrigin":"Imported","componentsCountryOfOrigin":"Imported","accessoriesIncluded":null,"accessoriesNotIncluded":null,"ageRange":null,"gender":null,"rating":null,"attributeValue1":null,"attributeValue2":null,"attributeValue3":null,"attributeName1":null,"attributeName2":null,"attributeName3":null,"brandName":"Vizio","manufacturerName":"Vizio","alternateViews":"5","imageId":-9223372036854775808,"addlWarnMsgA":null,"addlWarnMsgB":null,"altWarnMsg":"N","panZoomId":2,"hasMatureContent":false,"attributeType1":null,"attributeUISetting1":null,"attributeRanking1":1,"attributeType2":null,"attributeUISetting2":null,"attributeRanking2":1,"attributeType3":null,"attributeUISetting3":null,"attributeRanking3":1,"attribute1_order":3,"attribute2_order":3,"attribute3_order":3,"partnerId":-1,"originalBaseUPC":"0073621179296","variantAttrData":null,"logoImage":"http://i.walmartimages.com/i/icon/-9/22/33/72/03/-9223372036854775808_100X60.gif","attributeData":[]},"alternateImageData":[{"imageSrc":"http://i.walmartimages.com/i/p/00/73/62/11/79/0073621179296_60X60.gif","lgImageSrc":"http://i.walmartimages.com/i/p/00/73/62/11/79/0073621179296_500X500.jpg","name":null},{"imageSrc":"http://i.walmartimages.com/i/p/00/73/62/11/79/0073621179296_AV_60X60.gif","lgImageSrc":"http://i.walmartimages.com/i/p/00/73/62/11/79/0073621179296_AV_500X500.jpg","name":null},{"imageSrc":"http://i.walmartimages.com/i/p/00/73/62/11/79/0073621179296_AV1_60X60.gif","lgImageSrc":"http://i.walmartimages.com/i/p/00/73/62/11/79/0073621179296_AV1_500X500.jpg","name":null},{"imageSrc":"http://i.walmartimages.com/i/p/00/73/62/11/79/0073621179296_AV2_60X60.gif","lgImageSrc":"http://i.walmartimages.com/i/p/00/73/62/11/79/0073621179296_AV2_500X500.jpg","name":null},{"imageSrc":"http://i.walmartimages.com/i/p/00/73/62/11/79/0073621179296_AV3_60X60.gif","lgImageSrc":"http://i.walmartimages.com/i/p/00/73/62/11/79/0073621179296_AV3_500X500.jpg","name":null},{"imageSrc":"http://i.walmartimages.com/i/p/00/73/62/11/79/0073621179296_AV4_60X60.gif","lgImageSrc":"http://i.walmartimages.com/i/p/00/73/62/11/79/0073621179296_AV4_500X500.jpg","name":null}],"id":20461465,"comparable":true,"upc":"0073621179296","customerRatingUrl":"http://www.walmart.com/i/CustRating/3_9.gif","partnerId":-1,"itemAttributes":[{"itemID":20461465,"groupName":"Additional Specifications","groupDisplayOrder":34,"contentProviderId":2,"attributeName":"Brightness","attributeDisplayOrder":36,"attributeValue":"500 cd/m2","glossaryId":0,"attrDisplayName":"Brightness"},{"itemID":20461465,"groupName":"Additional Specifications","groupDisplayOrder":34,"contentProviderId":2,"attributeName":"Contrast Ratio","attributeDisplayOrder":37,"attributeValue":"1,000,000:1","glossaryId":0,"attrDisplayName":"Contrast Ratio"},{"itemID":20461465,"groupName":"Additional Specifications","groupDisplayOrder":34,"contentProviderId":2,"attributeName":"Remote Included","attributeDisplayOrder":40,"attributeValue":"Yes","glossaryId":0,"attrDisplayName":"Remote Included"},{"itemID":20461465,"groupName":"Additional Specifications","groupDisplayOrder":34,"contentProviderId":2,"attributeName":"Resolution","attributeDisplayOrder":41,"attributeValue":"720p (HDTV)","glossaryId":0,"attrDisplayName":"Resolution"},{"itemID":20461465,"groupName":"Additional Specifications","groupDisplayOrder":34,"contentProviderId":2,"attributeName":"Response Time","attributeDisplayOrder":42,"attributeValue":"8 ms","glossaryId":0,"attrDisplayName":"Response Time"},{"itemID":20461465,"groupName":"Additional Specifications","groupDisplayOrder":34,"contentProviderId":2,"attributeName":"Tv Definition","attributeDisplayOrder":44,"attributeValue":"HDTV","glossaryId":0,"attrDisplayName":"Tv Definition"},{"itemID":20461465,"groupName":"Additional Specifications","groupDisplayOrder":34,"contentProviderId":2,"attributeName":"Tv Technology","attributeDisplayOrder":45,"attributeValue":"LCD","glossaryId":0,"attrDisplayName":"Tv Technology"},{"itemID":20461465,"groupName":"Additional Specifications","groupDisplayOrder":34,"contentProviderId":2,"attributeName":"Primary Color","attributeDisplayOrder":171,"attributeValue":"Black","glossaryId":0,"attrDisplayName":"Primary Color"},{"itemID":20461465,"groupName":"Additional Specifications","groupDisplayOrder":34,"contentProviderId":2,"attributeName":"Multi Pack Indicator","attributeDisplayOrder":180,"attributeValue":"No","glossaryId":0,"attrDisplayName":"Multi Pack Indicator"},{"itemID":20461465,"groupName":"Additional Specifications","groupDisplayOrder":34,"contentProviderId":2,"attributeName":"Battery Type","attributeDisplayOrder":184,"attributeValue":"Does Not Contain a Battery","glossaryId":0,"attrDisplayName":"Battery Type"}],"sellers":{"0":{"itemId":20461465,"sellerId":0,"sellerTypeId":1,"sellerName":"Walmart.com","currentItemPrice":229.98,"vendorItemNum":"E321VLB","weight":25.55,"wrapCode":0,"maximumItems":2,"baseItemPrice":209.98,"stockWaterMark":1,"displayStatus":3,"tagCode":0,"baseSuggPrice":299.99,"packingSlipCode":0,"minPrice":229.98,"maxPrice":229.98,"priceChangeCode":5,"productTaxCode":"PTG9","rebateAmount":-9.223372036854776E18,"rebateTargetURL":null,"shippingDimX":24.2,"shippingDimY":7.4,"shippingDimZ":40.8,"s2SE":true,"sellerItemFlags":null,"freeReturns":false,"shipAlone":false,"remapToItemId":-9223372036854775808,"remapAction":null,"promotionDiscount":-9.223372036854776E18,"promotionMessageType":"","minPromotionAmount":-9.223372036854776E18,"maxPromotionAmount":-9.223372036854776E18,"fedExEligible":false,"smallFormatEligible":true,"thresholdShippingEligible":false,"isS2SOnly":false,"tweTaxCode":"2043778","shippingTaxCode":"2038346","giftWrapTaxCode":"2038857","ppu":-9.223372036854776E18,"fromPPU":-9.223372036854776E18,"contributesToThreshold":false,"isPIPEligible":"Y","checksum":-1,"freeShipping":false,"itemEligibleForFedEx":false,"is97CentShipping":false,"hasRebateLink":false,"storePickupable":true,"submapCode":0,"97CentShipping":false,"shippingDimensionX":24.2,"shippingDimensionY":7.4,"shippingDimensionZ":40.8,"employeeDiscountable":true,"combinedThresholdEligible":false,"availableShippingOfferCodes":null,"isFreeShipping":false}},"ppueligible":false,"uom":null,"unitCount":"0","itemFlags":"1,","originalBaseUpc":"0073621179296","imageThumbnailURL":"http://i.walmartimages.com/i/p/00/73/62/11/79/0073621179296_60X60.gif","electronicDelivery":false,"productImageUrl":"http://i.walmartimages.com/i/p/00/73/62/11/79/0073621179296_215X215.jpg","hazardMaterial":false,"media":false,"specialPricing":null,"rebate":false,"putEligible":false,"imagePostCardURL":"http://i.walmartimages.com/i/p/00/73/62/11/79/0073621179296_150X150.jpg"}]