[{"genericContent":{"itemId":20606870,"sourceId":2,"rank":1,"itemName":"Proscan 24\" Class LED 1080p 60Hz HDTV, PLED2435A","itemShortName":null,"shortDescription":"<p>The Proscan 24 inch Class LED 1080p 60Hz HDTV features a brilliant Full HD 1080p picture for your viewing pleasure. This built-in digital tuner enables you to watch digital broadcasts, including HDTV programs. Catch your favorite shows on this Proscan HDTV and view movies just as the director intended, with the true 16:9 aspect ratio. The 24 inch LED panel of the built-in digital tuner HDTV, quick response time of 5 ms, and the amazing 500:1 contrast ratio provides clear and crisp pictures. Now you can enjoy superior HD quality with the HDMI one cable solution that this LED TV features. The Proscan HDTV is also ENERGY STAR qualified. </p>","longDescription":"<strong>Proscan 24-inch Class LED 1080p 60Hz HDTV:</strong><li>24-inch LED panel - With a 1920 x 1080 Full HD resolution</li><li>True 16:9 aspect ratio - View your movies as the director intended</li><li>Built-in digital tuner - Watch digital broadcasts, including HDTV programs where available</li><li>High brightness of 250 cd/m2 and 5 ms response time - Quick response time for a great picture</li><li>500:1 contrast ratio</li><li>HDMI Inputs: 2 - Enjoy a superior HD experience with HDMI one cable solution</li><li>24-inch screen measured diagonally from corner to corner</li>","shelfDescription":"<li>24\" diagonal screen size<li>HDMI Inputs: 2<li>Wall mountable<li>Built-in digital tuner","mfgNo":"PLED2435A","modelNum":"PLED2435A","dimensionX":18.1,"dimensionY":24.7,"dimensionZ":6.0,"platform":null,"supplierWarranty":"1 Year Limited Warranty","warrantyLength":null,"assembledCountryOfOrigin":"Imported","componentsCountryOfOrigin":"Imported","accessoriesIncluded":null,"accessoriesNotIncluded":null,"ageRange":null,"gender":null,"rating":null,"attributeValue1":null,"attributeValue2":null,"attributeValue3":null,"attributeName1":null,"attributeName2":null,"attributeName3":null,"brandName":"ProScan","manufacturerName":"Curtis Computer Products","alternateViews":null,"imageId":-9223372036854775808,"addlWarnMsgA":null,"addlWarnMsgB":null,"altWarnMsg":"N","panZoomId":2,"hasMatureContent":false,"attributeType1":null,"attributeUISetting1":null,"attributeRanking1":1,"attributeType2":null,"attributeUISetting2":null,"attributeRanking2":1,"attributeType3":null,"attributeUISetting3":null,"attributeRanking3":1,"attribute1_order":3,"attribute2_order":3,"attribute3_order":3,"partnerId":-1,"originalBaseUPC":"0005846577959","variantAttrData":null,"logoImage":"http://i.walmartimages.com/i/icon/-9/22/33/72/03/-9223372036854775808_100X60.gif","attributeData":[]},"alternateImageData":[],"id":20606870,"comparable":true,"upc":"0005846577959","customerRatingUrl":null,"partnerId":-1,"itemAttributes":[{"itemID":20606870,"groupName":"Additional Specifications","groupDisplayOrder":34,"contentProviderId":2,"attributeName":"Brightness","attributeDisplayOrder":36,"attributeValue":"250 cd/m2","glossaryId":0,"attrDisplayName":"Brightness"},{"itemID":20606870,"groupName":"Additional Specifications","groupDisplayOrder":34,"contentProviderId":2,"attributeName":"Contrast Ratio","attributeDisplayOrder":37,"attributeValue":"500:1","glossaryId":0,"attrDisplayName":"Contrast Ratio"},{"itemID":20606870,"groupName":"Additional Specifications","groupDisplayOrder":34,"contentProviderId":2,"attributeName":"Remote Included","attributeDisplayOrder":40,"attributeValue":"Yes","glossaryId":0,"attrDisplayName":"Remote Included"},{"itemID":20606870,"groupName":"Additional Specifications","groupDisplayOrder":34,"contentProviderId":2,"attributeName":"Resolution","attributeDisplayOrder":41,"attributeValue":"1080p (HDTV)","glossaryId":0,"attrDisplayName":"Resolution"},{"itemID":20606870,"groupName":"Additional Specifications","groupDisplayOrder":34,"contentProviderId":2,"attributeName":"Response Time","attributeDisplayOrder":42,"attributeValue":"5 ms","glossaryId":0,"attrDisplayName":"Response Time"},{"itemID":20606870,"groupName":"Additional Specifications","groupDisplayOrder":34,"contentProviderId":2,"attributeName":"Tv Definition","attributeDisplayOrder":44,"attributeValue":"HDTV","glossaryId":0,"attrDisplayName":"Tv Definition"},{"itemID":20606870,"groupName":"Additional Specifications","groupDisplayOrder":34,"contentProviderId":2,"attributeName":"Tv Technology","attributeDisplayOrder":45,"attributeValue":"LED","glossaryId":0,"attrDisplayName":"Tv Technology"},{"itemID":20606870,"groupName":"Additional Specifications","groupDisplayOrder":34,"contentProviderId":2,"attributeName":"Primary Color","attributeDisplayOrder":171,"attributeValue":"Black","glossaryId":0,"attrDisplayName":"Primary Color"},{"itemID":20606870,"groupName":"Additional Specifications","groupDisplayOrder":34,"contentProviderId":2,"attributeName":"Multi Pack Indicator","attributeDisplayOrder":180,"attributeValue":"No","glossaryId":0,"attrDisplayName":"Multi Pack Indicator"},{"itemID":20606870,"groupName":"Additional Specifications","groupDisplayOrder":34,"contentProviderId":2,"attributeName":"Battery Type","attributeDisplayOrder":184,"attributeValue":"Does Not Contain a Battery","glossaryId":0,"attrDisplayName":"Battery Type"}],"sellers":{"0":{"itemId":20606870,"sellerId":0,"sellerTypeId":1,"sellerName":"Walmart.com","currentItemPrice":139.98,"vendorItemNum":"PLED2435A","weight":16.53,"wrapCode":0,"maximumItems":5,"baseItemPrice":149.99,"stockWaterMark":1,"displayStatus":2,"tagCode":0,"baseSuggPrice":179.99,"packingSlipCode":0,"minPrice":139.98,"maxPrice":139.98,"priceChangeCode":5,"productTaxCode":"PTG8","rebateAmount":-9.223372036854776E18,"rebateTargetURL":null,"shippingDimX":19.3,"shippingDimY":25.7,"shippingDimZ":10.19,"s2SE":true,"sellerItemFlags":null,"freeReturns":false,"shipAlone":false,"remapToItemId":-9223372036854775808,"remapAction":null,"promotionDiscount":-9.223372036854776E18,"promotionMessageType":"","minPromotionAmount":-9.223372036854776E18,"maxPromotionAmount":-9.223372036854776E18,"fedExEligible":true,"smallFormatEligible":true,"thresholdShippingEligible":false,"isS2SOnly":false,"tweTaxCode":"2042532","shippingTaxCode":"2038346","giftWrapTaxCode":"2038857","ppu":-9.223372036854776E18,"fromPPU":-9.223372036854776E18,"contributesToThreshold":false,"isPIPEligible":"Y","checksum":-1,"freeShipping":false,"itemEligibleForFedEx":true,"is97CentShipping":false,"hasRebateLink":false,"storePickupable":true,"submapCode":0,"97CentShipping":false,"shippingDimensionX":19.3,"shippingDimensionY":25.7,"shippingDimensionZ":10.19,"employeeDiscountable":true,"combinedThresholdEligible":false,"availableShippingOfferCodes":null,"isFreeShipping":false}},"ppueligible":false,"uom":null,"unitCount":"0","itemFlags":null,"originalBaseUpc":"0005846577959","imageThumbnailURL":"http://i.walmartimages.com/i/p/00/05/84/65/77/0005846577959_60X60.gif","electronicDelivery":false,"productImageUrl":"http://i.walmartimages.com/i/p/00/05/84/65/77/0005846577959_215X215.jpg","hazardMaterial":false,"media":false,"specialPricing":null,"rebate":false,"putEligible":false,"imagePostCardURL":"http://i.walmartimages.com/i/p/00/05/84/65/77/0005846577959_150X150.jpg"}]