[{"genericContent":{"itemId":19854259,"sourceId":2,"rank":1,"itemName":"Westinghouse 37\" Class LCD 1080p 60Hz HDTV, VR-3730","itemShortName":null,"shortDescription":"<p>The Westinghouse 37\" Class LCD 60Hz HDTV provides you with a brilliant Full HD 1080p picture. Connect up to three HD devices with the provided HDMI ports. </p>\n<p><strong>Note:</strong>You must have a source of HD programming in order to take full advantage of the Westinghouse 37\" HDTV. Contact your local cable or satellite TV provider for details on how to upgrade.</p>","longDescription":"<strong>Westinghouse 37\" Class LCD 1080p Wall Mountable 60Hz HDTV:</strong><li>37\" LCD panel - With a 1920 x 1080 Full HD resolution</li><li>True 16:9 aspect ratio - View your movies as the director intended</li><li>Wide 176-degree vertical and 170-degree horizontal angles - See a clear picture from anywhere in the room</li><li>Built-in digital tuner - Watch digital broadcasts, including HDTV programs where available</li><li>High brightness of 450 cd/m2 and 6.5 ms response time - Quick response time for a great picture</li><li>100,000:1 dynamic contrast ratio</li><li>HDMI Inputs: 3 - Enjoy a superior HD experience with HDMI one cable solution</li><li>37\" screen measured diagonally from corner to corner</li><li>Wall mountable - VESA standard 400mm x 400mm</li><strong>ENERGY STAR<sup>&reg</sup></strong><p>Products that are ENERGY STAR-qualified prevent greenhouse gas emissions by meeting strict energy efficiency guidelines set by the U.S. Environmental Protection Agency and the U.S. Department of Energy. The ENERGY STAR name and marks are registered marks owned by the U.S. government, as part of their energy efficiency and environmental activities.</p>","shelfDescription":"<li>37\" diagonal screen size<li>HDMI Inputs: 3<li>Wall mountable<li>Built-in digital tuner","mfgNo":"VR-3730","modelNum":"VR-3730","dimensionX":24.0,"dimensionY":35.7,"dimensionZ":10.0,"platform":null,"supplierWarranty":"1 Year Limited Warranty","warrantyLength":null,"assembledCountryOfOrigin":"Imported","componentsCountryOfOrigin":"Imported","accessoriesIncluded":null,"accessoriesNotIncluded":null,"ageRange":null,"gender":null,"rating":null,"attributeValue1":null,"attributeValue2":null,"attributeValue3":null,"attributeName1":null,"attributeName2":null,"attributeName3":null,"brandName":"Westinghouse","manufacturerName":"Apex","alternateViews":"7","imageId":-9223372036854775808,"addlWarnMsgA":null,"addlWarnMsgB":null,"altWarnMsg":"N","panZoomId":2,"hasMatureContent":false,"attributeType1":null,"attributeUISetting1":null,"attributeRanking1":1,"attributeType2":null,"attributeUISetting2":null,"attributeRanking2":1,"attributeType3":null,"attributeUISetting3":null,"attributeRanking3":1,"attribute1_order":3,"attribute2_order":3,"attribute3_order":3,"partnerId":-1,"originalBaseUPC":"0088277706560","variantAttrData":null,"logoImage":"http://i.walmartimages.com/i/icon/-9/22/33/72/03/-9223372036854775808_100X60.gif","attributeData":[]},"alternateImageData":[{"imageSrc":"http://i.walmartimages.com/i/p/00/88/27/77/06/0088277706560_60X60.gif","lgImageSrc":"http://i.walmartimages.com/i/p/00/88/27/77/06/0088277706560_500X500.jpg","name":null},{"imageSrc":"http://i.walmartimages.com/i/p/00/88/27/77/06/0088277706560_AV_60X60.gif","lgImageSrc":"http://i.walmartimages.com/i/p/00/88/27/77/06/0088277706560_AV_500X500.jpg","name":null},{"imageSrc":"http://i.walmartimages.com/i/p/00/88/27/77/06/0088277706560_AV1_60X60.gif","lgImageSrc":"http://i.walmartimages.com/i/p/00/88/27/77/06/0088277706560_AV1_500X500.jpg","name":null},{"imageSrc":"http://i.walmartimages.com/i/p/00/88/27/77/06/0088277706560_AV2_60X60.gif","lgImageSrc":"http://i.walmartimages.com/i/p/00/88/27/77/06/0088277706560_AV2_500X500.jpg","name":null},{"imageSrc":"http://i.walmartimages.com/i/p/00/88/27/77/06/0088277706560_AV3_60X60.gif","lgImageSrc":"http://i.walmartimages.com/i/p/00/88/27/77/06/0088277706560_AV3_500X500.jpg","name":null},{"imageSrc":"http://i.walmartimages.com/i/p/00/88/27/77/06/0088277706560_AV4_60X60.gif","lgImageSrc":"http://i.walmartimages.com/i/p/00/88/27/77/06/0088277706560_AV4_500X500.jpg","name":null},{"imageSrc":"http://i.walmartimages.com/i/p/00/88/27/77/06/0088277706560_AV5_60X60.gif","lgImageSrc":"http://i.walmartimages.com/i/p/00/88/27/77/06/0088277706560_AV5_500X500.jpg","name":null},{"imageSrc":"http://i.walmartimages.com/i/p/00/88/27/77/06/0088277706560_AV6_60X60.gif","lgImageSrc":"http://i.walmartimages.com/i/p/00/88/27/77/06/0088277706560_AV6_500X500.jpg","name":null}],"id":19854259,"comparable":true,"upc":"0088277706560","customerRatingUrl":"http://www.walmart.com/i/CustRating/3_8.gif","partnerId":-1,"itemAttributes":[{"itemID":19854259,"groupName":"Additional Specifications","groupDisplayOrder":34,"contentProviderId":2,"attributeName":"Brightness","attributeDisplayOrder":36,"attributeValue":"450 cd/m2","glossaryId":0,"attrDisplayName":"Brightness"},{"itemID":19854259,"groupName":"Additional Specifications","groupDisplayOrder":34,"contentProviderId":2,"attributeName":"Contrast Ratio","attributeDisplayOrder":37,"attributeValue":"100,000:1","glossaryId":0,"attrDisplayName":"Contrast Ratio"},{"itemID":19854259,"groupName":"Additional Specifications","groupDisplayOrder":34,"contentProviderId":2,"attributeName":"Remote Included","attributeDisplayOrder":40,"attributeValue":"Yes","glossaryId":0,"attrDisplayName":"Remote Included"},{"itemID":19854259,"groupName":"Additional Specifications","groupDisplayOrder":34,"contentProviderId":2,"attributeName":"Resolution","attributeDisplayOrder":41,"attributeValue":"1080p (HDTV)","glossaryId":0,"attrDisplayName":"Resolution"},{"itemID":19854259,"groupName":"Additional Specifications","groupDisplayOrder":34,"contentProviderId":2,"attributeName":"Response Time","attributeDisplayOrder":42,"attributeValue":"6.5ms","glossaryId":0,"attrDisplayName":"Response Time"},{"itemID":19854259,"groupName":"Additional Specifications","groupDisplayOrder":34,"contentProviderId":2,"attributeName":"Tv Definition","attributeDisplayOrder":44,"attributeValue":"HDTV","glossaryId":0,"attrDisplayName":"Tv Definition"},{"itemID":19854259,"groupName":"Additional Specifications","groupDisplayOrder":34,"contentProviderId":2,"attributeName":"Tv Technology","attributeDisplayOrder":45,"attributeValue":"LCD","glossaryId":0,"attrDisplayName":"Tv Technology"},{"itemID":19854259,"groupName":"Additional Specifications","groupDisplayOrder":34,"contentProviderId":2,"attributeName":"Primary Color","attributeDisplayOrder":171,"attributeValue":"Black","glossaryId":0,"attrDisplayName":"Primary Color"},{"itemID":19854259,"groupName":"Additional Specifications","groupDisplayOrder":34,"contentProviderId":2,"attributeName":"Multi Pack Indicator","attributeDisplayOrder":180,"attributeValue":"No","glossaryId":0,"attrDisplayName":"Multi Pack Indicator"},{"itemID":19854259,"groupName":"Additional Specifications","groupDisplayOrder":34,"contentProviderId":2,"attributeName":"Battery Type","attributeDisplayOrder":184,"attributeValue":"Does Not Contain a Battery","glossaryId":0,"attrDisplayName":"Battery Type"}],"sellers":{"0":{"itemId":19854259,"sellerId":0,"sellerTypeId":1,"sellerName":"Walmart.com","currentItemPrice":309.98,"vendorItemNum":"VR-3730","weight":39.1,"wrapCode":0,"maximumItems":5,"baseItemPrice":299.98,"stockWaterMark":0,"displayStatus":3,"tagCode":0,"baseSuggPrice":399.99,"packingSlipCode":0,"minPrice":309.98,"maxPrice":309.98,"priceChangeCode":8,"productTaxCode":"PTG9","rebateAmount":-9.223372036854776E18,"rebateTargetURL":null,"shippingDimX":24.7,"shippingDimY":7.1,"shippingDimZ":46.5,"s2SE":true,"sellerItemFlags":null,"freeReturns":false,"shipAlone":false,"remapToItemId":-9223372036854775808,"remapAction":null,"promotionDiscount":-9.223372036854776E18,"promotionMessageType":"","minPromotionAmount":-9.223372036854776E18,"maxPromotionAmount":-9.223372036854776E18,"fedExEligible":false,"smallFormatEligible":true,"thresholdShippingEligible":false,"isS2SOnly":false,"tweTaxCode":"2042534","shippingTaxCode":"2038346","giftWrapTaxCode":"2038857","ppu":-9.223372036854776E18,"fromPPU":-9.223372036854776E18,"contributesToThreshold":false,"isPIPEligible":"Y","checksum":-1,"freeShipping":false,"itemEligibleForFedEx":false,"is97CentShipping":false,"hasRebateLink":false,"storePickupable":true,"submapCode":0,"97CentShipping":false,"shippingDimensionX":24.7,"shippingDimensionY":7.1,"shippingDimensionZ":46.5,"employeeDiscountable":true,"combinedThresholdEligible":false,"availableShippingOfferCodes":null,"isFreeShipping":false}},"ppueligible":false,"uom":null,"unitCount":"0","itemFlags":"1,","originalBaseUpc":"0088277706560","imageThumbnailURL":"http://i.walmartimages.com/i/p/00/88/27/77/06/0088277706560_60X60.gif","electronicDelivery":false,"productImageUrl":"http://i.walmartimages.com/i/p/00/88/27/77/06/0088277706560_215X215.jpg","hazardMaterial":false,"media":false,"specialPricing":null,"rebate":false,"putEligible":false,"imagePostCardURL":"http://i.walmartimages.com/i/p/00/88/27/77/06/0088277706560_150X150.jpg"}]