[{"genericContent":{"itemId":19793598,"sourceId":2,"rank":1,"itemName":"Apex 19\" Class LED-LCD 720p 60Hz HDTV,(1.9\" ultra-slim) LE1912","itemShortName":null,"shortDescription":"<p>The Apex LE1912 19\" 720p High Definition LCD Television provides you with an excellent 720p HD picture for your viewing pleasure. Connect up to three HD devices with the provided HDMI ports.</p>\n<strong>Note: </strong>\n<p>You must have a source of HD programming in order to take full advantage of the Apex 19\" HDTV. Contact your local cable or satellite TV provider for details on how to upgrade. </p>\n\n<strong>ENERGY STAR<sup>&reg</sup></strong>\n<p>Products that are ENERGY STAR-qualified prevent greenhouse gas emissions by meeting strict energy efficiency guidelines set by the U.S. Environmental Protection Agency and the U.S. Department of Energy. The ENERGY STAR name and marks are registered marks owned by the U.S. government, as part of their energy efficiency and environmental activities.</p>","longDescription":"<strong>Apex 19-inch Class LED-LCD 720p 60Hz HDTV, LE1912:</strong>\n<li>19\" LED panel</li>\n<li>With a 1366 x 768 resolution</li>\n<li>True 16:9 aspect ratio</li>\n<li>View your movies as the director intended</li>\n<li>Wide 176-degree vertical and 176-degree horizontal angles</li>\n<li>See a clear picture from anywhere in the room</li>\n<li>Built-in digital tuner</li>\n<li>Watch digital broadcasts, including HDTV programs where available</li>\n<li>70,000:1 dynamic contrast ratio</li>\n<li>HDMI Inputs: 1</li>\n<li>Enjoy a superior HD experience with HDMI one cable solution</li>\n<li>19\" screen measured diagonally from corner to corner</li>","shelfDescription":"<li>19\" diagonal screen size<li>HDMI Inputs: 1<li>Not wall mountable<li>Built-in digital tuner","mfgNo":"LE1912","modelNum":"LE1912","dimensionX":18.2,"dimensionY":18.2,"dimensionZ":7.1,"platform":null,"supplierWarranty":"1 Year Limited Warranty","warrantyLength":null,"assembledCountryOfOrigin":"USA or Imported","componentsCountryOfOrigin":"USA or Imported","accessoriesIncluded":null,"accessoriesNotIncluded":null,"ageRange":null,"gender":null,"rating":null,"attributeValue1":null,"attributeValue2":null,"attributeValue3":null,"attributeName1":null,"attributeName2":null,"attributeName3":null,"brandName":"Apex","manufacturerName":"Apex","alternateViews":"7","imageId":-9223372036854775808,"addlWarnMsgA":null,"addlWarnMsgB":null,"altWarnMsg":"N","panZoomId":2,"hasMatureContent":false,"attributeType1":null,"attributeUISetting1":null,"attributeRanking1":1,"attributeType2":null,"attributeUISetting2":null,"attributeRanking2":1,"attributeType3":null,"attributeUISetting3":null,"attributeRanking3":1,"attribute1_order":3,"attribute2_order":3,"attribute3_order":3,"partnerId":-1,"originalBaseUPC":"0084774281912","variantAttrData":null,"logoImage":"http://i.walmartimages.com/i/icon/-9/22/33/72/03/-9223372036854775808_100X60.gif","attributeData":[]},"alternateImageData":[{"imageSrc":"http://i.walmartimages.com/i/p/00/84/77/42/81/0084774281912_60X60.gif","lgImageSrc":"http://i.walmartimages.com/i/p/00/84/77/42/81/0084774281912_500X500.jpg","name":null},{"imageSrc":"http://i.walmartimages.com/i/p/00/84/77/42/81/0084774281912_AV_60X60.gif","lgImageSrc":"http://i.walmartimages.com/i/p/00/84/77/42/81/0084774281912_AV_500X500.jpg","name":null},{"imageSrc":"http://i.walmartimages.com/i/p/00/84/77/42/81/0084774281912_AV1_60X60.gif","lgImageSrc":"http://i.walmartimages.com/i/p/00/84/77/42/81/0084774281912_AV1_500X500.jpg","name":null},{"imageSrc":"http://i.walmartimages.com/i/p/00/84/77/42/81/0084774281912_AV2_60X60.gif","lgImageSrc":"http://i.walmartimages.com/i/p/00/84/77/42/81/0084774281912_AV2_500X500.jpg","name":null},{"imageSrc":"http://i.walmartimages.com/i/p/00/84/77/42/81/0084774281912_AV3_60X60.gif","lgImageSrc":"http://i.walmartimages.com/i/p/00/84/77/42/81/0084774281912_AV3_500X500.jpg","name":null},{"imageSrc":"http://i.walmartimages.com/i/p/00/84/77/42/81/0084774281912_AV4_60X60.gif","lgImageSrc":"http://i.walmartimages.com/i/p/00/84/77/42/81/0084774281912_AV4_500X500.jpg","name":null},{"imageSrc":"http://i.walmartimages.com/i/p/00/84/77/42/81/0084774281912_AV5_60X60.gif","lgImageSrc":"http://i.walmartimages.com/i/p/00/84/77/42/81/0084774281912_AV5_500X500.jpg","name":null},{"imageSrc":"http://i.walmartimages.com/i/p/00/84/77/42/81/0084774281912_AV6_60X60.gif","lgImageSrc":"http://i.walmartimages.com/i/p/00/84/77/42/81/0084774281912_AV6_500X500.jpg","name":null}],"id":19793598,"comparable":true,"upc":"0084774281912","customerRatingUrl":"http://www.walmart.com/i/CustRating/3_9.gif","partnerId":-1,"itemAttributes":[{"itemID":19793598,"groupName":"Additional Specifications","groupDisplayOrder":34,"contentProviderId":2,"attributeName":"Contrast Ratio","attributeDisplayOrder":37,"attributeValue":"70,000:1","glossaryId":0,"attrDisplayName":"Contrast Ratio"},{"itemID":19793598,"groupName":"Additional Specifications","groupDisplayOrder":34,"contentProviderId":2,"attributeName":"Remote Included","attributeDisplayOrder":40,"attributeValue":"Yes","glossaryId":0,"attrDisplayName":"Remote Included"},{"itemID":19793598,"groupName":"Additional Specifications","groupDisplayOrder":34,"contentProviderId":2,"attributeName":"Resolution","attributeDisplayOrder":41,"attributeValue":"720p (HDTV)","glossaryId":0,"attrDisplayName":"Resolution"},{"itemID":19793598,"groupName":"Additional Specifications","groupDisplayOrder":34,"contentProviderId":2,"attributeName":"Tv Definition","attributeDisplayOrder":44,"attributeValue":"HDTV","glossaryId":0,"attrDisplayName":"Tv Definition"},{"itemID":19793598,"groupName":"Additional Specifications","groupDisplayOrder":34,"contentProviderId":2,"attributeName":"Tv Technology","attributeDisplayOrder":45,"attributeValue":"LED","glossaryId":0,"attrDisplayName":"Tv Technology"},{"itemID":19793598,"groupName":"Additional Specifications","groupDisplayOrder":34,"contentProviderId":2,"attributeName":"Primary Color","attributeDisplayOrder":171,"attributeValue":"Black","glossaryId":0,"attrDisplayName":"Primary Color"},{"itemID":19793598,"groupName":"Additional Specifications","groupDisplayOrder":34,"contentProviderId":2,"attributeName":"Multi Pack Indicator","attributeDisplayOrder":180,"attributeValue":"No","glossaryId":0,"attrDisplayName":"Multi Pack Indicator"},{"itemID":19793598,"groupName":"Additional Specifications","groupDisplayOrder":34,"contentProviderId":2,"attributeName":"Battery Type","attributeDisplayOrder":184,"attributeValue":"Does Not Contain a Battery","glossaryId":0,"attrDisplayName":"Battery Type"}],"sellers":{"0":{"itemId":19793598,"sellerId":0,"sellerTypeId":1,"sellerName":"Walmart.com","currentItemPrice":98.0,"vendorItemNum":"LE1912","weight":8.65,"wrapCode":0,"maximumItems":5,"baseItemPrice":99.0,"stockWaterMark":0,"displayStatus":3,"tagCode":0,"baseSuggPrice":149.98,"packingSlipCode":0,"minPrice":98.0,"maxPrice":98.0,"priceChangeCode":8,"productTaxCode":"PTG8","rebateAmount":-9.223372036854776E18,"rebateTargetURL":null,"shippingDimX":5.4,"shippingDimY":15.9,"shippingDimZ":21.4,"s2SE":true,"sellerItemFlags":null,"freeReturns":false,"shipAlone":false,"remapToItemId":-9223372036854775808,"remapAction":null,"promotionDiscount":-9.223372036854776E18,"promotionMessageType":"","minPromotionAmount":-9.223372036854776E18,"maxPromotionAmount":-9.223372036854776E18,"fedExEligible":true,"smallFormatEligible":true,"thresholdShippingEligible":false,"isS2SOnly":false,"tweTaxCode":"2042529","shippingTaxCode":"2038346","giftWrapTaxCode":"2038857","ppu":-9.223372036854776E18,"fromPPU":-9.223372036854776E18,"contributesToThreshold":false,"isPIPEligible":"Y","checksum":-1,"freeShipping":false,"itemEligibleForFedEx":true,"is97CentShipping":false,"hasRebateLink":false,"storePickupable":true,"submapCode":0,"97CentShipping":false,"shippingDimensionX":5.4,"shippingDimensionY":15.9,"shippingDimensionZ":21.4,"employeeDiscountable":true,"combinedThresholdEligible":false,"availableShippingOfferCodes":null,"isFreeShipping":false}},"ppueligible":false,"uom":null,"unitCount":"0","itemFlags":null,"originalBaseUpc":"0084774281912","imageThumbnailURL":"http://i.walmartimages.com/i/p/00/84/77/42/81/0084774281912_60X60.gif","electronicDelivery":false,"productImageUrl":"http://i.walmartimages.com/i/p/00/84/77/42/81/0084774281912_215X215.jpg","hazardMaterial":false,"media":false,"specialPricing":null,"rebate":false,"putEligible":false,"imagePostCardURL":"http://i.walmartimages.com/i/p/00/84/77/42/81/0084774281912_150X150.jpg"}]