[{"genericContent":{"itemId":15739136,"sourceId":2,"rank":1,"itemName":"Sceptre 32\" Class LCD 720p 60Hz HDTV, X322BV-HD","itemShortName":null,"shortDescription":"<p>The sleek Sceptre X322BV-HD HDTV delivers crystal-clear pictures and brings out the best in HD programming. Featuring a 3,000:1 dynamic contrast ratio, this LCD HDTV produces vivid pictures in a widescreen aspect ratio, so you can enjoy the picture from anywhere in your room. It can also be used as a computer monitor via the VGA port. It features three HDMI ports and boasts a competent 6.5ms response time, which makes it popular with avid console gamers. The digital broadcast HDTV can render a maximum resolution of 1366 x 768 pixels. The Sceptre 32\" class LCD 720p 60 Hz HDTV comes with a built-in ATSC digital/ NTSC analog/Clear QAM tuner that allows for a wide array of possible input formats. Unlike older audio-video formats, the single cable HDMI port transmits high definition video and audio together without using multiple cables. The TV features a neat, intuitive interface that helps you operate it easily without the bundled remote.</p>","longDescription":"<strong>Sceptre 32\" X322BV-HD LCD HDTV:</strong><li>16:9 LCD panel</li><li>With 1366 x 768 resolution</li><li>Wide 178-degree vertical and 178-degree horizontal angles</li><li>See a clear picture from anywhere in the room on the Sceptre 32\" LCD HDTV </li><li>Built-in ATSC digital/NTSC analog/Clear QAM tuner</li><li>Watch digital broadcasts, including HDTV programs where available</li><li>High brightness of 420 cd/m2 with 6.5 ms response time</li><li>Place your Sceptre 32\" LCD HDTV anywhere</li><li>3000:1 dynamic contrast ratio</li><li>HDMI Inputs: 3</li><li>Enjoy a superior HD experience on this 720p 60Hz model with the HDMI one-cable solution</li><li>31.5\" screen of this 720p model is measured diagonally from corner to corner </li>","shelfDescription":"<li>31.5\" screen measured diagonally from corner to corner <LI>HDMI inputs: 3<li>Wall-mountable, detachable base<li>High brightness of 420 cd/m2 with 6.5 ms response time","mfgNo":"X322BV-HD","modelNum":"X322BV-HD","dimensionX":22.13,"dimensionY":31.26,"dimensionZ":7.88,"platform":null,"supplierWarranty":null,"warrantyLength":"1 Year","assembledCountryOfOrigin":"Imported","componentsCountryOfOrigin":"Imported","accessoriesIncluded":null,"accessoriesNotIncluded":null,"ageRange":null,"gender":null,"rating":null,"attributeValue1":null,"attributeValue2":null,"attributeValue3":null,"attributeName1":null,"attributeName2":null,"attributeName3":null,"brandName":"Sceptre","manufacturerName":null,"alternateViews":"3","imageId":-9223372036854775808,"addlWarnMsgA":null,"addlWarnMsgB":null,"altWarnMsg":"N","panZoomId":2,"hasMatureContent":false,"attributeType1":null,"attributeUISetting1":null,"attributeRanking1":1,"attributeType2":null,"attributeUISetting2":null,"attributeRanking2":1,"attributeType3":null,"attributeUISetting3":null,"attributeRanking3":1,"attribute1_order":3,"attribute2_order":3,"attribute3_order":3,"partnerId":-1,"originalBaseUPC":"0079234323252","variantAttrData":null,"logoImage":"http://i.walmartimages.com/i/icon/-9/22/33/72/03/-9223372036854775808_100X60.gif","attributeData":[]},"alternateImageData":[{"imageSrc":"http://i.walmartimages.com/i/p/00/79/23/43/23/0079234323252_60X60.gif","lgImageSrc":"http://i.walmartimages.com/i/p/00/79/23/43/23/0079234323252_500X500.jpg","name":null},{"imageSrc":"http://i.walmartimages.com/i/p/00/79/23/43/23/0079234323252_AV_60X60.gif","lgImageSrc":"http://i.walmartimages.com/i/p/00/79/23/43/23/0079234323252_AV_500X500.jpg","name":null},{"imageSrc":"http://i.walmartimages.com/i/p/00/79/23/43/23/0079234323252_AV1_60X60.gif","lgImageSrc":"http://i.walmartimages.com/i/p/00/79/23/43/23/0079234323252_AV1_500X500.jpg","name":null},{"imageSrc":"http://i.walmartimages.com/i/p/00/79/23/43/23/0079234323252_AV2_60X60.gif","lgImageSrc":"http://i.walmartimages.com/i/p/00/79/23/43/23/0079234323252_AV2_500X500.jpg","name":null}],"id":15739136,"comparable":true,"upc":"0079234323252","customerRatingUrl":"http://www.walmart.com/i/CustRating/4_1.gif","partnerId":-1,"itemAttributes":[{"itemID":15739136,"groupName":"Additional Specifications","groupDisplayOrder":23,"contentProviderId":2,"attributeName":"Brightness","attributeDisplayOrder":4,"attributeValue":"420cd/m2","glossaryId":0,"attrDisplayName":"Brightness"},{"itemID":15739136,"groupName":"Additional Specifications","groupDisplayOrder":23,"contentProviderId":2,"attributeName":"Response Time","attributeDisplayOrder":6,"attributeValue":"6.5ms","glossaryId":0,"attrDisplayName":"Response Time"},{"itemID":15739136,"groupName":"Additional Specifications","groupDisplayOrder":23,"contentProviderId":2,"attributeName":"Remote Included","attributeDisplayOrder":21,"attributeValue":"Yes","glossaryId":0,"attrDisplayName":"Remote Included"},{"itemID":15739136,"groupName":"Additional Specifications","groupDisplayOrder":23,"contentProviderId":2,"attributeName":"Resolution","attributeDisplayOrder":22,"attributeValue":"720p (HDTV)","glossaryId":0,"attrDisplayName":"Resolution"},{"itemID":15739136,"groupName":"Additional Specifications","groupDisplayOrder":23,"contentProviderId":2,"attributeName":"Ships In Original Packaging","attributeDisplayOrder":23,"attributeValue":"Yes","glossaryId":0,"attrDisplayName":"Ships In Original Packaging"},{"itemID":15739136,"groupName":"Additional Specifications","groupDisplayOrder":23,"contentProviderId":2,"attributeName":"Tv Definition","attributeDisplayOrder":24,"attributeValue":"HDTV","glossaryId":0,"attrDisplayName":"Tv Definition"},{"itemID":15739136,"groupName":"Additional Specifications","groupDisplayOrder":23,"contentProviderId":2,"attributeName":"Tv Technology","attributeDisplayOrder":25,"attributeValue":"LCD","glossaryId":0,"attrDisplayName":"Tv Technology"},{"itemID":15739136,"groupName":"Additional Specifications","groupDisplayOrder":23,"contentProviderId":2,"attributeName":"Primary Color","attributeDisplayOrder":108,"attributeValue":"Black","glossaryId":0,"attrDisplayName":"Primary Color"},{"itemID":15739136,"groupName":"Additional Specifications","groupDisplayOrder":23,"contentProviderId":2,"attributeName":"Multi Pack Indicator","attributeDisplayOrder":145,"attributeValue":"No","glossaryId":0,"attrDisplayName":"Multi Pack Indicator"},{"itemID":15739136,"groupName":"Additional Specifications","groupDisplayOrder":23,"contentProviderId":2,"attributeName":"Battery Type","attributeDisplayOrder":146,"attributeValue":"Does Not Contain a Battery","glossaryId":0,"attrDisplayName":"Battery Type"}],"sellers":{"0":{"itemId":15739136,"sellerId":0,"sellerTypeId":1,"sellerName":"Walmart.com","currentItemPrice":189.0,"vendorItemNum":"X322BV-HD","weight":26.55,"wrapCode":0,"maximumItems":1,"baseItemPrice":197.0,"stockWaterMark":44,"displayStatus":3,"tagCode":0,"baseSuggPrice":249.99,"packingSlipCode":0,"minPrice":189.0,"maxPrice":189.0,"priceChangeCode":5,"productTaxCode":"PTG8","rebateAmount":-9.223372036854776E18,"rebateTargetURL":null,"shippingDimX":25.6,"shippingDimY":6.2,"shippingDimZ":35.3,"s2SE":true,"sellerItemFlags":"8,","freeReturns":false,"shipAlone":true,"remapToItemId":-9223372036854775808,"remapAction":null,"promotionDiscount":-9.223372036854776E18,"promotionMessageType":"","minPromotionAmount":-9.223372036854776E18,"maxPromotionAmount":-9.223372036854776E18,"fedExEligible":false,"smallFormatEligible":true,"thresholdShippingEligible":false,"isS2SOnly":false,"tweTaxCode":"2042533","shippingTaxCode":"2038346","giftWrapTaxCode":"2038857","ppu":-9.223372036854776E18,"fromPPU":-9.223372036854776E18,"contributesToThreshold":false,"isPIPEligible":"Y","checksum":-1,"freeShipping":false,"itemEligibleForFedEx":false,"is97CentShipping":false,"hasRebateLink":false,"storePickupable":true,"submapCode":0,"97CentShipping":false,"shippingDimensionX":25.6,"shippingDimensionY":6.2,"shippingDimensionZ":35.3,"employeeDiscountable":true,"combinedThresholdEligible":false,"availableShippingOfferCodes":null,"isFreeShipping":false}},"ppueligible":false,"uom":null,"unitCount":"0","itemFlags":"1,","originalBaseUpc":"0079234323252","imageThumbnailURL":"http://i.walmartimages.com/i/p/00/79/23/43/23/0079234323252_60X60.gif","electronicDelivery":false,"productImageUrl":"http://i.walmartimages.com/i/p/00/79/23/43/23/0079234323252_215X215.jpg","hazardMaterial":false,"media":false,"specialPricing":null,"rebate":false,"putEligible":false,"imagePostCardURL":"http://i.walmartimages.com/i/p/00/79/23/43/23/0079234323252_150X150.jpg"}]