[{"genericContent":{"itemId":16878627,"sourceId":2,"rank":1,"itemName":"Sceptre 42\" Class LCD 1080p 60Hz HDTV, X425BV-FHD","itemShortName":null,"shortDescription":"The Sceptre 42\" Class LCD 1080p 60Hz HDTV delivers top-of-the-line picture and audio quality. This Sceptre 42\" LCD HDTV features a sleek and slim look that will give your home a new feeling with its eye-catching glossy black housing that shines elegantly throughout the room. The built-in ATSC/NTSC/QAM and TruSurround HD help provide you with vivid images and sound. The high-quality and superieor HD experience make the 42\" 1080p HDTV a wise investment for any home.<p><b>Note:</b> You must have a source of HD programming in order to take full advantage of the Sceptre LCD HDTV. Contact your local cable or satellite TV service provider for details on how to upgrade.<p>","longDescription":"<p><b>Sceptre 42\" Class LCD 1080p 60Hz HDTV, X425BV-FHD:</b><ul><li>16:9 LCD panel<br>With 1920 x 1080 Full-HD resolution<li>42\" class screen size<br>42\" screen of this Sceptre LCD HDTV is measured diagonally from corner to corner<li>Built-in digital tuner<br>Watch digital broadcasts, including HDTV programs where available on this Sceptre 42\" LCD HDTV<li>High brightness of 400 cd/m2 with 5-ms. response time<br>Place your Sceptre LCD HDTV anywhere<li>50,000:1dynamic contrast ratio<li>HDMI Inputs: 3<br>Enjoy a superior HD experience with the HDMI one-cable solution</ul>","shelfDescription":"<li>42\" diagonal screen size<li>HDMI Inputs: 3<li>Wall mountable<li>Built-in digital tuner<li>50,000:1 Dynamic Contrast Ratio<li>SRS TruSurround HD<li>1920x1080/1080P","mfgNo":"X425BV-FHD","modelNum":"X425BV-FHD","dimensionX":27.4,"dimensionY":40.1,"dimensionZ":11.3,"platform":null,"supplierWarranty":"1 Year Limited Warranty","warrantyLength":"1 Year Limited Warranty","assembledCountryOfOrigin":"Imported","componentsCountryOfOrigin":"Imported","accessoriesIncluded":null,"accessoriesNotIncluded":null,"ageRange":null,"gender":null,"rating":null,"attributeValue1":null,"attributeValue2":null,"attributeValue3":null,"attributeName1":null,"attributeName2":null,"attributeName3":null,"brandName":"Sceptre","manufacturerName":"Sceptre Inc","alternateViews":"5","imageId":-9223372036854775808,"addlWarnMsgA":null,"addlWarnMsgB":null,"altWarnMsg":"N","panZoomId":2,"hasMatureContent":false,"attributeType1":null,"attributeUISetting1":null,"attributeRanking1":1,"attributeType2":null,"attributeUISetting2":null,"attributeRanking2":1,"attributeType3":null,"attributeUISetting3":null,"attributeRanking3":1,"attribute1_order":3,"attribute2_order":3,"attribute3_order":3,"partnerId":-1,"originalBaseUPC":"0079234324265","variantAttrData":null,"logoImage":"http://i.walmartimages.com/i/icon/-9/22/33/72/03/-9223372036854775808_100X60.gif","attributeData":[]},"alternateImageData":[{"imageSrc":"http://i.walmartimages.com/i/p/00/79/23/43/24/0079234324265_60X60.gif","lgImageSrc":"http://i.walmartimages.com/i/p/00/79/23/43/24/0079234324265_500X500.jpg","name":null},{"imageSrc":"http://i.walmartimages.com/i/p/00/79/23/43/24/0079234324265_AV_60X60.gif","lgImageSrc":"http://i.walmartimages.com/i/p/00/79/23/43/24/0079234324265_AV_500X500.jpg","name":null},{"imageSrc":"http://i.walmartimages.com/i/p/00/79/23/43/24/0079234324265_AV1_60X60.gif","lgImageSrc":"http://i.walmartimages.com/i/p/00/79/23/43/24/0079234324265_AV1_500X500.jpg","name":null},{"imageSrc":"http://i.walmartimages.com/i/p/00/79/23/43/24/0079234324265_AV2_60X60.gif","lgImageSrc":"http://i.walmartimages.com/i/p/00/79/23/43/24/0079234324265_AV2_500X500.jpg","name":null},{"imageSrc":"http://i.walmartimages.com/i/p/00/79/23/43/24/0079234324265_AV3_60X60.gif","lgImageSrc":"http://i.walmartimages.com/i/p/00/79/23/43/24/0079234324265_AV3_500X500.jpg","name":null},{"imageSrc":"http://i.walmartimages.com/i/p/00/79/23/43/24/0079234324265_AV4_60X60.gif","lgImageSrc":"http://i.walmartimages.com/i/p/00/79/23/43/24/0079234324265_AV4_500X500.jpg","name":null}],"id":16878627,"comparable":true,"upc":"0079234324265","customerRatingUrl":null,"partnerId":-1,"itemAttributes":[{"itemID":16878627,"groupName":"Additional Specifications","groupDisplayOrder":34,"contentProviderId":2,"attributeName":"Brightness","attributeDisplayOrder":36,"attributeValue":"400 cd/m2","glossaryId":0,"attrDisplayName":"Brightness"},{"itemID":16878627,"groupName":"Additional Specifications","groupDisplayOrder":34,"contentProviderId":2,"attributeName":"Contrast Ratio","attributeDisplayOrder":37,"attributeValue":"50,000:1","glossaryId":0,"attrDisplayName":"Contrast Ratio"},{"itemID":16878627,"groupName":"Additional Specifications","groupDisplayOrder":34,"contentProviderId":2,"attributeName":"Remote Included","attributeDisplayOrder":40,"attributeValue":"Yes","glossaryId":0,"attrDisplayName":"Remote Included"},{"itemID":16878627,"groupName":"Additional Specifications","groupDisplayOrder":34,"contentProviderId":2,"attributeName":"Resolution","attributeDisplayOrder":41,"attributeValue":"1080p (HDTV)","glossaryId":0,"attrDisplayName":"Resolution"},{"itemID":16878627,"groupName":"Additional Specifications","groupDisplayOrder":34,"contentProviderId":2,"attributeName":"Response Time","attributeDisplayOrder":42,"attributeValue":"5ms","glossaryId":0,"attrDisplayName":"Response Time"},{"itemID":16878627,"groupName":"Additional Specifications","groupDisplayOrder":34,"contentProviderId":2,"attributeName":"Tv Definition","attributeDisplayOrder":44,"attributeValue":"HDTV","glossaryId":0,"attrDisplayName":"Tv Definition"},{"itemID":16878627,"groupName":"Additional Specifications","groupDisplayOrder":34,"contentProviderId":2,"attributeName":"Tv Technology","attributeDisplayOrder":45,"attributeValue":"LCD","glossaryId":0,"attrDisplayName":"Tv Technology"},{"itemID":16878627,"groupName":"Additional Specifications","groupDisplayOrder":34,"contentProviderId":2,"attributeName":"Primary Color","attributeDisplayOrder":171,"attributeValue":"Black","glossaryId":0,"attrDisplayName":"Primary Color"},{"itemID":16878627,"groupName":"Additional Specifications","groupDisplayOrder":34,"contentProviderId":2,"attributeName":"Multi Pack Indicator","attributeDisplayOrder":180,"attributeValue":"No","glossaryId":0,"attrDisplayName":"Multi Pack Indicator"},{"itemID":16878627,"groupName":"Additional Specifications","groupDisplayOrder":34,"contentProviderId":2,"attributeName":"Battery Type","attributeDisplayOrder":184,"attributeValue":"Does Not Contain a Battery","glossaryId":0,"attrDisplayName":"Battery Type"}],"sellers":{"0":{"itemId":16878627,"sellerId":0,"sellerTypeId":1,"sellerName":"Walmart.com","currentItemPrice":328.0,"vendorItemNum":"X425BV-FHD","weight":46.3,"wrapCode":0,"maximumItems":1,"baseItemPrice":299.98,"stockWaterMark":1,"displayStatus":2,"tagCode":0,"baseSuggPrice":399.99,"packingSlipCode":0,"minPrice":328.0,"maxPrice":328.0,"priceChangeCode":5,"productTaxCode":"PTG9","rebateAmount":-9.223372036854776E18,"rebateTargetURL":null,"shippingDimX":31.1,"shippingDimY":46.0,"shippingDimZ":6.61,"s2SE":true,"sellerItemFlags":null,"freeReturns":false,"shipAlone":false,"remapToItemId":-9223372036854775808,"remapAction":null,"promotionDiscount":-9.223372036854776E18,"promotionMessageType":"","minPromotionAmount":-9.223372036854776E18,"maxPromotionAmount":-9.223372036854776E18,"fedExEligible":false,"smallFormatEligible":false,"thresholdShippingEligible":false,"isS2SOnly":false,"tweTaxCode":"2042534","shippingTaxCode":"2038346","giftWrapTaxCode":"2038857","ppu":-9.223372036854776E18,"fromPPU":-9.223372036854776E18,"contributesToThreshold":false,"isPIPEligible":"Y","checksum":-1,"freeShipping":false,"itemEligibleForFedEx":false,"is97CentShipping":false,"hasRebateLink":false,"storePickupable":true,"submapCode":0,"97CentShipping":false,"shippingDimensionX":31.1,"shippingDimensionY":46.0,"shippingDimensionZ":6.61,"employeeDiscountable":true,"combinedThresholdEligible":false,"availableShippingOfferCodes":null,"isFreeShipping":false}},"ppueligible":false,"uom":null,"unitCount":"0","itemFlags":null,"originalBaseUpc":"0079234324265","imageThumbnailURL":"http://i.walmartimages.com/i/p/00/79/23/43/24/0079234324265_60X60.gif","electronicDelivery":false,"productImageUrl":"http://i.walmartimages.com/i/p/00/79/23/43/24/0079234324265_215X215.jpg","hazardMaterial":false,"media":false,"specialPricing":null,"rebate":false,"putEligible":false,"imagePostCardURL":"http://i.walmartimages.com/i/p/00/79/23/43/24/0079234324265_150X150.jpg"}]