[{"genericContent":{"itemId":20510631,"sourceId":2,"rank":1,"itemName":"Proscan 24\" Class LED 1080p 60Hz HDTV and DVD Combo,  (1.8\" ultra-slim) PLEDV2488A","itemShortName":null,"shortDescription":"<p>The Proscan 24-inch Class LED 1080p 60Hz HDTV and DVD Combo features a brilliant full 1080p HD picture for your viewing pleasure. With a built-in digital tuner, you can watch all available digital broadcasts, including HDTV programs. You can connect one HD device with the supplied HDMI port. Featuring an aspect ratio of 16:9, the Proscan HDTV lets you watch movies in high definition. The HDTV with built-in DVD player features a quick response time for you to enjoy non-stop action without any pauses. You can get a clear view from anywhere in the room with 178 degree vertical and horizontal angles. </p>","longDescription":"<strong>Proscan 24-inch Class LED 1080p 60Hz HDTV and DVD Combo</strong><li>24-inch LCD panel - With a 1920 x 1080 Full HD resolution</li><li>True 16:9 aspect ratio - View your movies as the director intended</li><li>Wide 178-degree vertical and 178-degree horizontal angles - See a clear picture from anywhere in the room</li><li>Built-in digital tuner - Watch digital broadcasts, including HDTV programs where available</li><li>High brightness of 250 cd/m2 and 8 ms response time - Quick response time for a great picture</li><li>1,000:1 dynamic contrast ratio</li><li>HDMI Inputs: 1 - Enjoy a superior HD experience with HDMI one cable solution</li><li>24-inch screen measured diagonally from corner to corner</li><li>Built-in DVD player - Watch DVDs conveniently</li><strong>ENERGY STARÂ®</strong><p>Products that are ENERGY STAR-qualified prevent greenhouse gas emissions by meeting strict energy efficiency guidelines set by the U.S. Environmental Protection Agency and the U.S. Department of Energy. The ENERGY STAR name and marks are registered marks owned by the U.S. government, as part of their energy efficiency and environmental activities.</p>","shelfDescription":"<li>24\" diagonal screen size<li>HDMI Inputs: 1<li>Wall mountable<li>Built-in DVD player","mfgNo":"PLEDV2488A","modelNum":"PLEDV2488A","dimensionX":16.1,"dimensionY":23.8,"dimensionZ":3.0,"platform":null,"supplierWarranty":"1 Year Limited Warranty","warrantyLength":null,"assembledCountryOfOrigin":"Imported","componentsCountryOfOrigin":"Imported","accessoriesIncluded":null,"accessoriesNotIncluded":null,"ageRange":null,"gender":null,"rating":null,"attributeValue1":null,"attributeValue2":null,"attributeValue3":null,"attributeName1":null,"attributeName2":null,"attributeName3":null,"brandName":"ProScan","manufacturerName":"CURTIS INTERNATIONAL LTD.","alternateViews":"1","imageId":-9223372036854775808,"addlWarnMsgA":null,"addlWarnMsgB":null,"altWarnMsg":"N","panZoomId":2,"hasMatureContent":false,"attributeType1":null,"attributeUISetting1":null,"attributeRanking1":1,"attributeType2":null,"attributeUISetting2":null,"attributeRanking2":1,"attributeType3":null,"attributeUISetting3":null,"attributeRanking3":1,"attribute1_order":3,"attribute2_order":3,"attribute3_order":3,"partnerId":-1,"originalBaseUPC":"0005846577897","variantAttrData":null,"logoImage":"http://i.walmartimages.com/i/icon/-9/22/33/72/03/-9223372036854775808_100X60.gif","attributeData":[]},"alternateImageData":[{"imageSrc":"http://i.walmartimages.com/i/p/00/05/84/65/77/0005846577897_60X60.gif","lgImageSrc":"http://i.walmartimages.com/i/p/00/05/84/65/77/0005846577897_500X500.jpg","name":null},{"imageSrc":"http://i.walmartimages.com/i/p/00/05/84/65/77/0005846577897_AV_60X60.gif","lgImageSrc":"http://i.walmartimages.com/i/p/00/05/84/65/77/0005846577897_AV_500X500.jpg","name":null}],"id":20510631,"comparable":true,"upc":"0005846577897","customerRatingUrl":"http://www.walmart.com/i/CustRating/3_8.gif","partnerId":-1,"itemAttributes":[{"itemID":20510631,"groupName":"Additional Specifications","groupDisplayOrder":34,"contentProviderId":2,"attributeName":"Brightness","attributeDisplayOrder":36,"attributeValue":"250 cd/m2","glossaryId":0,"attrDisplayName":"Brightness"},{"itemID":20510631,"groupName":"Additional Specifications","groupDisplayOrder":34,"contentProviderId":2,"attributeName":"Contrast Ratio","attributeDisplayOrder":37,"attributeValue":"1,000:1","glossaryId":0,"attrDisplayName":"Contrast Ratio"},{"itemID":20510631,"groupName":"Additional Specifications","groupDisplayOrder":34,"contentProviderId":2,"attributeName":"Remote Included","attributeDisplayOrder":40,"attributeValue":"Yes","glossaryId":0,"attrDisplayName":"Remote Included"},{"itemID":20510631,"groupName":"Additional Specifications","groupDisplayOrder":34,"contentProviderId":2,"attributeName":"Resolution","attributeDisplayOrder":41,"attributeValue":"1080p (HDTV)","glossaryId":0,"attrDisplayName":"Resolution"},{"itemID":20510631,"groupName":"Additional Specifications","groupDisplayOrder":34,"contentProviderId":2,"attributeName":"Response Time","attributeDisplayOrder":42,"attributeValue":"8 ms","glossaryId":0,"attrDisplayName":"Response Time"},{"itemID":20510631,"groupName":"Additional Specifications","groupDisplayOrder":34,"contentProviderId":2,"attributeName":"Tv Definition","attributeDisplayOrder":44,"attributeValue":"HDTV","glossaryId":0,"attrDisplayName":"Tv Definition"},{"itemID":20510631,"groupName":"Additional Specifications","groupDisplayOrder":34,"contentProviderId":2,"attributeName":"Tv Technology","attributeDisplayOrder":45,"attributeValue":"LED","glossaryId":0,"attrDisplayName":"Tv Technology"},{"itemID":20510631,"groupName":"Additional Specifications","groupDisplayOrder":34,"contentProviderId":2,"attributeName":"Primary Color","attributeDisplayOrder":171,"attributeValue":"Black","glossaryId":0,"attrDisplayName":"Primary Color"},{"itemID":20510631,"groupName":"Additional Specifications","groupDisplayOrder":34,"contentProviderId":2,"attributeName":"Multi Pack Indicator","attributeDisplayOrder":180,"attributeValue":"No","glossaryId":0,"attrDisplayName":"Multi Pack Indicator"},{"itemID":20510631,"groupName":"Additional Specifications","groupDisplayOrder":34,"contentProviderId":2,"attributeName":"Battery Type","attributeDisplayOrder":184,"attributeValue":"Does Not Contain a Battery","glossaryId":0,"attrDisplayName":"Battery Type"}],"sellers":{"0":{"itemId":20510631,"sellerId":0,"sellerTypeId":1,"sellerName":"Walmart.com","currentItemPrice":179.98,"vendorItemNum":"PLEDV2488A","weight":13.9,"wrapCode":0,"maximumItems":5,"baseItemPrice":169.98,"stockWaterMark":0,"displayStatus":3,"tagCode":0,"baseSuggPrice":209.99,"packingSlipCode":0,"minPrice":179.98,"maxPrice":179.98,"priceChangeCode":5,"productTaxCode":"PTG8","rebateAmount":-9.223372036854776E18,"rebateTargetURL":null,"shippingDimX":18.9,"shippingDimY":6.0,"shippingDimZ":25.7,"s2SE":true,"sellerItemFlags":null,"freeReturns":false,"shipAlone":false,"remapToItemId":-9223372036854775808,"remapAction":null,"promotionDiscount":-9.223372036854776E18,"promotionMessageType":"","minPromotionAmount":-9.223372036854776E18,"maxPromotionAmount":-9.223372036854776E18,"fedExEligible":true,"smallFormatEligible":true,"thresholdShippingEligible":false,"isS2SOnly":false,"tweTaxCode":"2042529","shippingTaxCode":"2038346","giftWrapTaxCode":"2038857","ppu":-9.223372036854776E18,"fromPPU":-9.223372036854776E18,"contributesToThreshold":false,"isPIPEligible":"Y","checksum":-1,"freeShipping":false,"itemEligibleForFedEx":true,"is97CentShipping":false,"hasRebateLink":false,"storePickupable":true,"submapCode":0,"97CentShipping":false,"shippingDimensionX":18.9,"shippingDimensionY":6.0,"shippingDimensionZ":25.7,"employeeDiscountable":true,"combinedThresholdEligible":false,"availableShippingOfferCodes":null,"isFreeShipping":false}},"ppueligible":false,"uom":null,"unitCount":"0","itemFlags":"1,","originalBaseUpc":"0005846577897","imageThumbnailURL":"http://i.walmartimages.com/i/p/00/05/84/65/77/0005846577897_60X60.gif","electronicDelivery":false,"productImageUrl":"http://i.walmartimages.com/i/p/00/05/84/65/77/0005846577897_215X215.jpg","hazardMaterial":false,"media":false,"specialPricing":null,"rebate":false,"putEligible":false,"imagePostCardURL":"http://i.walmartimages.com/i/p/00/05/84/65/77/0005846577897_150X150.jpg"}]