[{"genericContent":{"itemId":20452134,"sourceId":3,"rank":1,"itemName":"HANNspree 28\" Class LCD 1080p 60Hz HDTV, ST285MUB","itemShortName":null,"shortDescription":"<p>The HANNspree 28\" Class LCD 1080p 60Hz HDTV features a brilliant full HD 1080p picture for your viewing pleasure. You may connect up to two HD devices via the included HDMI ports. Soccer fans will love the one-of-a-kind design of this HANNspree LCD TV. With 160-degree vertical and 170-degree horizontal angles, you can view a clear picture when you sit anywhere in the room. It features a 5ms response time for uninterrupted action. You can also watch digital programs with the built-in digital tuner HDTV.</p>","longDescription":"<strong>HANNspree 28\" Class LCD 1080p 60Hz HDTV</strong><li>28\" LCD panel - With a 1920 x 1080 Full HD resolution</li><li>True 16:9 aspect ratio - View your movies as the director intended</li><li>Wide 160-degree vertical and 170-degree horizontal angles - See a clear picture from anywhere in the room</li><li>Built-in digital tuner - Watch digital broadcasts, including HDTV programs where available</li><li>High brightness of 400 cd/m2 and 5 ms response time - Quick response time for a great picture</li><li>10,000:1 dynamic contrast ratio</li><li>HDMI Inputs: 2 - Enjoy a superior HD experience with HDMI one cable solution</li><li>27.5\" screen measured diagonally from corner to corner</li><li>Wall mountable - VESA standard 200mm x 100mm</li><strong>ENERGY STARÂ®</strong><p>Products that are ENERGY STAR-qualified prevent greenhouse gas emissions by meeting strict energy efficiency guidelines set by the U.S. Environmental Protection Agency and the U.S. Department of Energy. The ENERGY STAR name and marks are registered marks owned by the U.S. government, as part of their energy efficiency and environmental activities.</p>","shelfDescription":"<li>27.5\" diagonal screen size<li>HDMI Inputs: 2<li>Wall mountable<li>Built-in digital tuner","mfgNo":"ST285MUB","modelNum":"ST285MUB","dimensionX":32.8,"dimensionY":32.8,"dimensionZ":10.5,"platform":null,"supplierWarranty":"1 Year Limited Warranty","warrantyLength":null,"assembledCountryOfOrigin":"Imported","componentsCountryOfOrigin":"Imported","accessoriesIncluded":null,"accessoriesNotIncluded":null,"ageRange":null,"gender":null,"rating":null,"attributeValue1":null,"attributeValue2":null,"attributeValue3":null,"attributeName1":null,"attributeName2":null,"attributeName3":null,"brandName":"HANNSPREE","manufacturerName":"Hannspree","alternateViews":"7","imageId":-9223372036854775808,"addlWarnMsgA":null,"addlWarnMsgB":null,"altWarnMsg":"N","panZoomId":2,"hasMatureContent":false,"attributeType1":null,"attributeUISetting1":null,"attributeRanking1":1,"attributeType2":null,"attributeUISetting2":null,"attributeRanking2":1,"attributeType3":null,"attributeUISetting3":null,"attributeRanking3":1,"attribute1_order":3,"attribute2_order":3,"attribute3_order":3,"partnerId":-1,"originalBaseUPC":"0084265100526","variantAttrData":null,"logoImage":"http://i.walmartimages.com/i/icon/-9/22/33/72/03/-9223372036854775808_100X60.gif","attributeData":[]},"alternateImageData":[{"imageSrc":"http://i.walmartimages.com/i/p/00/84/26/51/00/0084265100526_60X60.gif","lgImageSrc":"http://i.walmartimages.com/i/p/00/84/26/51/00/0084265100526_500X500.jpg","name":null},{"imageSrc":"http://i.walmartimages.com/i/p/00/84/26/51/00/0084265100526_AV_60X60.gif","lgImageSrc":"http://i.walmartimages.com/i/p/00/84/26/51/00/0084265100526_AV_500X500.jpg","name":null},{"imageSrc":"http://i.walmartimages.com/i/p/00/84/26/51/00/0084265100526_AV1_60X60.gif","lgImageSrc":"http://i.walmartimages.com/i/p/00/84/26/51/00/0084265100526_AV1_500X500.jpg","name":null},{"imageSrc":"http://i.walmartimages.com/i/p/00/84/26/51/00/0084265100526_AV2_60X60.gif","lgImageSrc":"http://i.walmartimages.com/i/p/00/84/26/51/00/0084265100526_AV2_500X500.jpg","name":null},{"imageSrc":"http://i.walmartimages.com/i/p/00/84/26/51/00/0084265100526_AV3_60X60.gif","lgImageSrc":"http://i.walmartimages.com/i/p/00/84/26/51/00/0084265100526_AV3_500X500.jpg","name":null},{"imageSrc":"http://i.walmartimages.com/i/p/00/84/26/51/00/0084265100526_AV4_60X60.gif","lgImageSrc":"http://i.walmartimages.com/i/p/00/84/26/51/00/0084265100526_AV4_500X500.jpg","name":null},{"imageSrc":"http://i.walmartimages.com/i/p/00/84/26/51/00/0084265100526_AV5_60X60.gif","lgImageSrc":"http://i.walmartimages.com/i/p/00/84/26/51/00/0084265100526_AV5_500X500.jpg","name":null},{"imageSrc":"http://i.walmartimages.com/i/p/00/84/26/51/00/0084265100526_AV6_60X60.gif","lgImageSrc":"http://i.walmartimages.com/i/p/00/84/26/51/00/0084265100526_AV6_500X500.jpg","name":null}],"id":20452134,"comparable":true,"upc":"0084265100526","customerRatingUrl":"http://www.walmart.com/i/CustRating/4_6.gif","partnerId":-1,"itemAttributes":[{"itemID":20452134,"groupName":"Display","groupDisplayOrder":1,"contentProviderId":3,"attributeName":"Image Aspect Ratio","attributeDisplayOrder":1,"attributeValue":"16:10","glossaryId":0,"attrDisplayName":"Image Aspect Ratio"},{"itemID":20452134,"groupName":"Display","groupDisplayOrder":1,"contentProviderId":3,"attributeName":"Widescreen Modes","attributeDisplayOrder":3,"attributeValue":"Full, Zoom, Normal, Subtitle","glossaryId":0,"attrDisplayName":"Widescreen Modes"},{"itemID":20452134,"groupName":"Display","groupDisplayOrder":1,"contentProviderId":3,"attributeName":"Comb Filter","attributeDisplayOrder":5,"attributeValue":"3D digital","glossaryId":0,"attrDisplayName":"Comb Filter"},{"itemID":20452134,"groupName":"Display","groupDisplayOrder":1,"contentProviderId":3,"attributeName":"Color Temperature Control","attributeDisplayOrder":6,"attributeValue":"Yes (Standard/Cool/Warm)","glossaryId":0,"attrDisplayName":"Color Temperature Control"},{"itemID":20452134,"groupName":"Display","groupDisplayOrder":1,"contentProviderId":3,"attributeName":"Additional Features","attributeDisplayOrder":7,"attributeValue":"On-screen menu, 3:2 pull down compensation, 2:2 pull down compensation, X-Celerate Overdrive Technology, X-Contrast Technology, Digital Noise Reduction (DNR), progressive scan","glossaryId":0,"attrDisplayName":"Additional Features"},{"itemID":20452134,"groupName":"Display","groupDisplayOrder":1,"contentProviderId":3,"attributeName":"Display Format","attributeDisplayOrder":11,"attributeValue":"1080p (FullHD)","glossaryId":0,"attrDisplayName":"Display Format"},{"itemID":20452134,"groupName":"Display","groupDisplayOrder":1,"contentProviderId":3,"attributeName":"Resolution","attributeDisplayOrder":12,"attributeValue":"1920 x 1200","glossaryId":0,"attrDisplayName":"Resolution"},{"itemID":20452134,"groupName":"Display","groupDisplayOrder":1,"contentProviderId":3,"attributeName":"Viewing Angle","attributeDisplayOrder":13,"attributeValue":"170 degrees","glossaryId":0,"attrDisplayName":"Viewing Angle"},{"itemID":20452134,"groupName":"Display","groupDisplayOrder":1,"contentProviderId":3,"attributeName":"Viewing Angle (Vertical)","attributeDisplayOrder":14,"attributeValue":"160 degrees","glossaryId":0,"attrDisplayName":"Viewing Angle (Vertical)"},{"itemID":20452134,"groupName":"Display","groupDisplayOrder":1,"contentProviderId":3,"attributeName":"V-Chip Control","attributeDisplayOrder":15,"attributeValue":"Yes","glossaryId":0,"attrDisplayName":"V-Chip Control"},{"itemID":20452134,"groupName":"Display","groupDisplayOrder":1,"contentProviderId":3,"attributeName":"Image Contrast Ratio","attributeDisplayOrder":17,"attributeValue":"800:1","glossaryId":0,"attrDisplayName":"Image Contrast Ratio"},{"itemID":20452134,"groupName":"Display","groupDisplayOrder":1,"contentProviderId":3,"attributeName":"Brightness","attributeDisplayOrder":18,"attributeValue":"400 cd/m2","glossaryId":0,"attrDisplayName":"Brightness"},{"itemID":20452134,"groupName":"Display","groupDisplayOrder":1,"contentProviderId":3,"attributeName":"Color Depth","attributeDisplayOrder":19,"attributeValue":"16.7 million colors","glossaryId":0,"attrDisplayName":"Color Depth"},{"itemID":20452134,"groupName":"TV Tuner","groupDisplayOrder":2,"contentProviderId":3,"attributeName":"Analog TV Tuner","attributeDisplayOrder":8,"attributeValue":"NTSC","glossaryId":0,"attrDisplayName":"Analog TV Tuner"},{"itemID":20452134,"groupName":"Video Features","groupDisplayOrder":3,"contentProviderId":3,"attributeName":"Parental Channel Lock","attributeDisplayOrder":6,"attributeValue":"Yes","glossaryId":0,"attrDisplayName":"Parental Channel Lock"},{"itemID":20452134,"groupName":"Remote Control","groupDisplayOrder":4,"contentProviderId":3,"attributeName":"Type","attributeDisplayOrder":1,"attributeValue":"Universal remote control","glossaryId":0,"attrDisplayName":"Type"},{"itemID":20452134,"groupName":"Audio System","groupDisplayOrder":5,"contentProviderId":3,"attributeName":"Sound Output Mode","attributeDisplayOrder":1,"attributeValue":"Stereo","glossaryId":0,"attrDisplayName":"Sound Output Mode"},{"itemID":20452134,"groupName":"Audio System","groupDisplayOrder":5,"contentProviderId":3,"attributeName":"Output Power / Total","attributeDisplayOrder":6,"attributeValue":"20 Watt","glossaryId":0,"attrDisplayName":"Output Power / Total"},{"itemID":20452134,"groupName":"Audio System","groupDisplayOrder":5,"contentProviderId":3,"attributeName":"Speaker(s)","attributeDisplayOrder":8,"attributeValue":"2 x right/left channel speaker - built-in - 10 Watt","glossaryId":0,"attrDisplayName":"Speaker(s)"},{"itemID":20452134,"groupName":"Audio System","groupDisplayOrder":5,"contentProviderId":3,"attributeName":"Built-in Decoders","attributeDisplayOrder":12,"attributeValue":"Dolby Digital","glossaryId":0,"attrDisplayName":"Built-in Decoders"},{"itemID":20452134,"groupName":"Connections","groupDisplayOrder":6,"contentProviderId":3,"attributeName":"Connector Type","attributeDisplayOrder":1,"attributeValue":"2 x HDMI input ( 19 pin HDMI Type A ) ¦ 1 x VGA input ( 15 pin HD D-Sub (HD-15) ) ¦ 1 x audio line-in ( mini-phone stereo 3.5 mm ) ¦ 1 x composite video/audio input ( RCA phono x 3 ) ¦ 1 x component video input ( RCA phono x 3 ) ¦ 1 x S-Video input ( 4 pin mini-DIN ) ¦ 1 x audio line-in ( RCA phono x 2 ) ¦ 1 x headphones ( mini-phone stereo 3.5 mm )","glossaryId":0,"attrDisplayName":"Connector Type"},{"itemID":20452134,"groupName":"Power","groupDisplayOrder":7,"contentProviderId":3,"attributeName":"Power Device","attributeDisplayOrder":1,"attributeValue":"Power supply - internal","glossaryId":0,"attrDisplayName":"Power Device"},{"itemID":20452134,"groupName":"Power","groupDisplayOrder":7,"contentProviderId":3,"attributeName":"Power Consumption Stand by / Sleep","attributeDisplayOrder":3,"attributeValue":"1 Watt","glossaryId":0,"attrDisplayName":"Power Consumption Stand by / Sleep"},{"itemID":20452134,"groupName":"General","groupDisplayOrder":9,"contentProviderId":3,"attributeName":"Product Type","attributeDisplayOrder":1,"attributeValue":"LCD TV","glossaryId":0,"attrDisplayName":"Product Type"},{"itemID":20452134,"groupName":"General","groupDisplayOrder":9,"contentProviderId":3,"attributeName":"PC Interface","attributeDisplayOrder":3,"attributeValue":"VGA (HD-15), HDMI","glossaryId":0,"attrDisplayName":"PC Interface"},{"itemID":20452134,"groupName":"General","groupDisplayOrder":9,"contentProviderId":3,"attributeName":"Width","attributeDisplayOrder":4,"attributeValue":"32.8 in","glossaryId":0,"attrDisplayName":"Width"},{"itemID":20452134,"groupName":"General","groupDisplayOrder":9,"contentProviderId":3,"attributeName":"Depth","attributeDisplayOrder":5,"attributeValue":"10.5 in","glossaryId":0,"attrDisplayName":"Depth"},{"itemID":20452134,"groupName":"General","groupDisplayOrder":9,"contentProviderId":3,"attributeName":"Height","attributeDisplayOrder":6,"attributeValue":"32.8 in","glossaryId":0,"attrDisplayName":"Height"},{"itemID":20452134,"groupName":"General","groupDisplayOrder":9,"contentProviderId":3,"attributeName":"Weight","attributeDisplayOrder":7,"attributeValue":"34.2 lbs","glossaryId":0,"attrDisplayName":"Weight"},{"itemID":20452134,"groupName":"General","groupDisplayOrder":9,"contentProviderId":3,"attributeName":"HDCP Compatible","attributeDisplayOrder":13,"attributeValue":"Yes","glossaryId":0,"attrDisplayName":"HDCP Compatible"},{"itemID":20452134,"groupName":"Miscellaneous","groupDisplayOrder":11,"contentProviderId":3,"attributeName":"Cables Included","attributeDisplayOrder":3,"attributeValue":"1 x HDMI cable","glossaryId":0,"attrDisplayName":"Cables Included"},{"itemID":20452134,"groupName":"Miscellaneous","groupDisplayOrder":11,"contentProviderId":3,"attributeName":"Compliant Standards","attributeDisplayOrder":4,"attributeValue":"FCC, RoHS","glossaryId":0,"attrDisplayName":"Compliant Standards"},{"itemID":20452134,"groupName":"Environmental Parameters","groupDisplayOrder":18,"contentProviderId":3,"attributeName":"Min Operating Temperature","attributeDisplayOrder":1,"attributeValue":"32 °F","glossaryId":0,"attrDisplayName":"Min Operating Temperature"},{"itemID":20452134,"groupName":"Environmental Parameters","groupDisplayOrder":18,"contentProviderId":3,"attributeName":"Max Operating Temperature","attributeDisplayOrder":2,"attributeValue":"104 °F","glossaryId":0,"attrDisplayName":"Max Operating Temperature"},{"itemID":20452134,"groupName":"Environmental Parameters","groupDisplayOrder":18,"contentProviderId":3,"attributeName":"Humidity Range Operating","attributeDisplayOrder":3,"attributeValue":"20 - 90%","glossaryId":0,"attrDisplayName":"Humidity Range Operating"},{"itemID":20452134,"groupName":"Digital TV Tuner","groupDisplayOrder":32,"contentProviderId":3,"attributeName":"Digital TV Tuner","attributeDisplayOrder":1,"attributeValue":"ATSC, QAM","glossaryId":0,"attrDisplayName":"Digital TV Tuner"}],"sellers":{"0":{"itemId":20452134,"sellerId":0,"sellerTypeId":1,"sellerName":"Walmart.com","currentItemPrice":198.0,"vendorItemNum":"ST285MUB","weight":40.8,"wrapCode":0,"maximumItems":5,"baseItemPrice":189.98,"stockWaterMark":0,"displayStatus":3,"tagCode":0,"baseSuggPrice":249.99,"packingSlipCode":0,"minPrice":198.0,"maxPrice":198.0,"priceChangeCode":5,"productTaxCode":"PTG8","rebateAmount":-9.223372036854776E18,"rebateTargetURL":null,"shippingDimX":38.2,"shippingDimY":36.7,"shippingDimZ":9.4,"s2SE":true,"sellerItemFlags":null,"freeReturns":false,"shipAlone":false,"remapToItemId":-9223372036854775808,"remapAction":null,"promotionDiscount":-9.223372036854776E18,"promotionMessageType":"","minPromotionAmount":-9.223372036854776E18,"maxPromotionAmount":-9.223372036854776E18,"fedExEligible":false,"smallFormatEligible":false,"thresholdShippingEligible":false,"isS2SOnly":false,"tweTaxCode":"2042529","shippingTaxCode":"2038346","giftWrapTaxCode":"2038857","ppu":-9.223372036854776E18,"fromPPU":-9.223372036854776E18,"contributesToThreshold":false,"isPIPEligible":"Y","checksum":-1,"freeShipping":false,"itemEligibleForFedEx":false,"is97CentShipping":false,"hasRebateLink":false,"storePickupable":true,"submapCode":0,"97CentShipping":false,"shippingDimensionX":38.2,"shippingDimensionY":36.7,"shippingDimensionZ":9.4,"employeeDiscountable":true,"combinedThresholdEligible":false,"availableShippingOfferCodes":null,"isFreeShipping":false}},"ppueligible":false,"uom":null,"unitCount":"0","itemFlags":"1,","originalBaseUpc":"0084265100526","imageThumbnailURL":"http://i.walmartimages.com/i/p/00/84/26/51/00/0084265100526_60X60.gif","electronicDelivery":false,"productImageUrl":"http://i.walmartimages.com/i/p/00/84/26/51/00/0084265100526_215X215.jpg","hazardMaterial":false,"media":false,"specialPricing":null,"rebate":false,"putEligible":false,"imagePostCardURL":"http://i.walmartimages.com/i/p/00/84/26/51/00/0084265100526_150X150.jpg"}]