[{"genericContent":{"itemId":20701138,"sourceId":2,"rank":1,"itemName":"RCA 42\" LED 1080p 60Hz, LED42A45RQ, RCA Home Theater System, 6ft HDMI Cable, TV Bundle","itemShortName":null,"shortDescription":"<p>Enjoy watching movies and your favorite shows in high-definition with the RCA 42\" LED HDTV. This widescreen LED 1080p 60Hz HDTV uses LED backlit technology to produce images with extremely vivid colors. The brilliant 1080p full HD resolution gives you a sharp picture. A wide 42-inch screen and broad 168-degree vertical and horizontal angles allow you to view the pictures from anywhere in the room with absolute clarity.  This 2.0\" Ultra-Slim HDTV LED42A45RQ is wall mountable and comes with three HDMI inputs. The RCA 42\" LED HDTV also comes with an Energy Star certification that marks its energy saving capacity and eco-friendliness.</p>","longDescription":"<p><strong>RCA LED42A45RQ 42\" 1080p LED LCD HDTV:</strong></p>\n\n<ul>\n\n<li>42\" LED panel - With a 1920 x 1080 Full HD resolution</li>\n\n<li>True 16:9 aspect ratio - View your movies as the director intended</li>\n\n<li>Wide 168-degree vertical and 168-degree horizontal angles - See a clear picture from anywhere in the room</li>\n\n<li>This 1080p 60Hz HDTV features a built-in digital tuner - Watch digital broadcasts, including HDTV programs where available</li>\n\n<li>High brightness of 450 cd/m2 and 4 ms response time - Quick response time for a great picture</li>\n\n<li>4,000:1 dynamic contrast ratio</li>\n\n<li>HDMI Inputs: 4 - Enjoy a superior HD experience with HDMI one cable solution</li>\n\n<li>42\" screen measured diagonally from corner to corner</li>\n\n<li>Wall mountable - VESA standard mounting</li>\n\n</ul>","shelfDescription":"<li>42\" diagonal screen size<li>HDMI Inputs: 4<li>Wall mountable<li>Built-in digital tuner","mfgNo":null,"modelNum":null,"dimensionX":-9.223372036854776E18,"dimensionY":-9.223372036854776E18,"dimensionZ":-9.223372036854776E18,"platform":null,"supplierWarranty":null,"warrantyLength":null,"assembledCountryOfOrigin":null,"componentsCountryOfOrigin":null,"accessoriesIncluded":null,"accessoriesNotIncluded":null,"ageRange":null,"gender":null,"rating":null,"attributeValue1":null,"attributeValue2":null,"attributeValue3":null,"attributeName1":null,"attributeName2":null,"attributeName3":null,"brandName":null,"manufacturerName":null,"alternateViews":null,"imageId":-9223372036854775808,"addlWarnMsgA":null,"addlWarnMsgB":null,"altWarnMsg":"N","panZoomId":-9223372036854775808,"hasMatureContent":false,"attributeType1":null,"attributeUISetting1":null,"attributeRanking1":1,"attributeType2":null,"attributeUISetting2":null,"attributeRanking2":1,"attributeType3":null,"attributeUISetting3":null,"attributeRanking3":1,"attribute1_order":3,"attribute2_order":3,"attribute3_order":3,"partnerId":-1,"originalBaseUPC":"1113007391368","variantAttrData":null,"logoImage":"http://i.walmartimages.com/i/icon/-9/22/33/72/03/-9223372036854775808_100X60.gif","attributeData":[]},"alternateImageData":[],"id":20701138,"comparable":false,"upc":"1113007391368","customerRatingUrl":null,"partnerId":-1,"itemAttributes":[],"sellers":{"0":{"itemId":20701138,"sellerId":0,"sellerTypeId":1,"sellerName":"Walmart.com","currentItemPrice":499.0,"vendorItemNum":null,"weight":45.2,"wrapCode":0,"maximumItems":5,"baseItemPrice":0.0,"stockWaterMark":0,"displayStatus":3,"tagCode":0,"baseSuggPrice":599.99,"packingSlipCode":0,"minPrice":499.0,"maxPrice":499.0,"priceChangeCode":5,"productTaxCode":null,"rebateAmount":-9.223372036854776E18,"rebateTargetURL":null,"shippingDimX":29.5,"shippingDimY":43.3,"shippingDimZ":36.2,"s2SE":false,"sellerItemFlags":null,"freeReturns":false,"shipAlone":false,"remapToItemId":-9223372036854775808,"remapAction":null,"promotionDiscount":-9.223372036854776E18,"promotionMessageType":"","minPromotionAmount":-9.223372036854776E18,"maxPromotionAmount":-9.223372036854776E18,"fedExEligible":false,"smallFormatEligible":false,"thresholdShippingEligible":false,"isS2SOnly":false,"tweTaxCode":null,"shippingTaxCode":"2038346","giftWrapTaxCode":"2038857","ppu":-9.223372036854776E18,"fromPPU":-9.223372036854776E18,"contributesToThreshold":false,"isPIPEligible":"Y","checksum":-1,"freeShipping":false,"itemEligibleForFedEx":false,"is97CentShipping":false,"hasRebateLink":false,"storePickupable":true,"submapCode":0,"97CentShipping":false,"shippingDimensionX":29.5,"shippingDimensionY":43.3,"shippingDimensionZ":36.2,"employeeDiscountable":true,"combinedThresholdEligible":false,"availableShippingOfferCodes":null,"isFreeShipping":false}},"ppueligible":false,"uom":null,"unitCount":"0","itemFlags":null,"originalBaseUpc":"1113007391368","imageThumbnailURL":"http://i.walmartimages.com/i/p/11/13/00/73/91/1113007391368_60X60.gif","electronicDelivery":false,"productImageUrl":"http://i.walmartimages.com/i/p/11/13/00/73/91/1113007391368_215X215.jpg","hazardMaterial":false,"media":false,"specialPricing":null,"rebate":false,"putEligible":false,"imagePostCardURL":"http://i.walmartimages.com/i/p/11/13/00/73/91/1113007391368_150X150.jpg"}]