[{"genericContent":{"itemId":20441032,"sourceId":2,"rank":1,"itemName":"RCA 39\" Class LCD 1080p 60Hz HDTV, 39LB45RQ","itemShortName":null,"shortDescription":"<p>The RCA 39\" Class LCD 1080P 60Hz HDTV provides you with a brilliant full HD 1080p picture for your viewing pleasure. The wide 178-degree vertical and 178-degree horizontal angles enable optimal views from anywhere in the room, and its ultra-slim design allows you to set it up on a stand or mount it on a wall. The wall-mountable LCD TV delivers 3-D surround sound for a realistic movie experience. It also has a PC video input to connect your computer so you can enjoy high-definition images. The Energy Star-qualified LCD HDTV doesn't consume much power and is eco-friendly.</p>","longDescription":"<strong>RCA 39\" Class LCD 1080p 60Hz HDTV:</strong><li>39\" LCD panel</li><li>With a 1920 x 1080 Full HD resolution</li><li>True 16:9 aspect ratio</li><li>View your movies as the director intended</li><li>Wide 178-degree vertical and 178-degree horizontal angles</li><li>See a clear picture from anywhere in the room</li><li>Built-in digital tuner</li><li>Watch digital broadcasts, including HDTV programs where available</li><li>High brightness of 350 cd/m2</li><li>Brightness provides a great picture</li><li>5,000:1 dynamic contrast ratio</li><li>HDMI Inputs: 2</li><li></li><li>39\" screen measured diagonally from corner to corner</li><li>Wall mountable</li><li>VESA standard</li><strong>ENERGY STAR<sup>&reg</sup></strong><p>Products that are ENERGY STAR-qualified prevent greenhouse gas emissions by meeting strict energy efficiency guidelines set by the U.S. Environmental Protection Agency and the U.S. Department of Energy. The ENERGY STAR name and marks are registered marks owned by the U.S. government, as part of their energy efficiency and environmental activities.</p>","shelfDescription":"<li>39\" diagonal screen size<li>HDMI Inputs: 2<li>Wall mountable<li>Built-in digital tuner","mfgNo":"39LB45RQ","modelNum":"39LB45RQ","dimensionX":24.8,"dimensionY":36.3,"dimensionZ":8.3,"platform":null,"supplierWarranty":"1 Year Limited Warranty","warrantyLength":null,"assembledCountryOfOrigin":"Imported","componentsCountryOfOrigin":"Imported","accessoriesIncluded":null,"accessoriesNotIncluded":null,"ageRange":null,"gender":null,"rating":null,"attributeValue1":null,"attributeValue2":null,"attributeValue3":null,"attributeName1":null,"attributeName2":null,"attributeName3":null,"brandName":"RCA","manufacturerName":"ON Corp US, Inc.","alternateViews":"3","imageId":-9223372036854775808,"addlWarnMsgA":null,"addlWarnMsgB":null,"altWarnMsg":"N","panZoomId":2,"hasMatureContent":false,"attributeType1":null,"attributeUISetting1":null,"attributeRanking1":1,"attributeType2":null,"attributeUISetting2":null,"attributeRanking2":1,"attributeType3":null,"attributeUISetting3":null,"attributeRanking3":1,"attribute1_order":3,"attribute2_order":3,"attribute3_order":3,"partnerId":-1,"originalBaseUPC":"0088339300260","variantAttrData":null,"logoImage":"http://i.walmartimages.com/i/icon/-9/22/33/72/03/-9223372036854775808_100X60.gif","attributeData":[]},"alternateImageData":[{"imageSrc":"http://i.walmartimages.com/i/p/00/88/33/93/00/0088339300260_60X60.gif","lgImageSrc":"http://i.walmartimages.com/i/p/00/88/33/93/00/0088339300260_500X500.jpg","name":null},{"imageSrc":"http://i.walmartimages.com/i/p/00/88/33/93/00/0088339300260_AV_60X60.gif","lgImageSrc":"http://i.walmartimages.com/i/p/00/88/33/93/00/0088339300260_AV_500X500.jpg","name":null},{"imageSrc":"http://i.walmartimages.com/i/p/00/88/33/93/00/0088339300260_AV1_60X60.gif","lgImageSrc":"http://i.walmartimages.com/i/p/00/88/33/93/00/0088339300260_AV1_500X500.jpg","name":null},{"imageSrc":"http://i.walmartimages.com/i/p/00/88/33/93/00/0088339300260_AV2_60X60.gif","lgImageSrc":"http://i.walmartimages.com/i/p/00/88/33/93/00/0088339300260_AV2_500X500.jpg","name":null}],"id":20441032,"comparable":true,"upc":"0088339300260","customerRatingUrl":null,"partnerId":-1,"itemAttributes":[{"itemID":20441032,"groupName":"Additional Specifications","groupDisplayOrder":34,"contentProviderId":2,"attributeName":"Brightness","attributeDisplayOrder":36,"attributeValue":"350cd/m2","glossaryId":0,"attrDisplayName":"Brightness"},{"itemID":20441032,"groupName":"Additional Specifications","groupDisplayOrder":34,"contentProviderId":2,"attributeName":"Contrast Ratio","attributeDisplayOrder":37,"attributeValue":"5,000:1","glossaryId":0,"attrDisplayName":"Contrast Ratio"},{"itemID":20441032,"groupName":"Additional Specifications","groupDisplayOrder":34,"contentProviderId":2,"attributeName":"Remote Included","attributeDisplayOrder":40,"attributeValue":"Yes","glossaryId":0,"attrDisplayName":"Remote Included"},{"itemID":20441032,"groupName":"Additional Specifications","groupDisplayOrder":34,"contentProviderId":2,"attributeName":"Resolution","attributeDisplayOrder":41,"attributeValue":"1080p","glossaryId":0,"attrDisplayName":"Resolution"},{"itemID":20441032,"groupName":"Additional Specifications","groupDisplayOrder":34,"contentProviderId":2,"attributeName":"Tv Definition","attributeDisplayOrder":44,"attributeValue":"HDTV","glossaryId":0,"attrDisplayName":"Tv Definition"},{"itemID":20441032,"groupName":"Additional Specifications","groupDisplayOrder":34,"contentProviderId":2,"attributeName":"Tv Technology","attributeDisplayOrder":45,"attributeValue":"LCD","glossaryId":0,"attrDisplayName":"Tv Technology"},{"itemID":20441032,"groupName":"Additional Specifications","groupDisplayOrder":34,"contentProviderId":2,"attributeName":"Primary Color","attributeDisplayOrder":171,"attributeValue":"Black","glossaryId":0,"attrDisplayName":"Primary Color"},{"itemID":20441032,"groupName":"Additional Specifications","groupDisplayOrder":34,"contentProviderId":2,"attributeName":"Multi Pack Indicator","attributeDisplayOrder":180,"attributeValue":"No","glossaryId":0,"attrDisplayName":"Multi Pack Indicator"},{"itemID":20441032,"groupName":"Additional Specifications","groupDisplayOrder":34,"contentProviderId":2,"attributeName":"Battery Type","attributeDisplayOrder":184,"attributeValue":"Does Not Contain a Battery","glossaryId":0,"attrDisplayName":"Battery Type"}],"sellers":{"0":{"itemId":20441032,"sellerId":0,"sellerTypeId":1,"sellerName":"Walmart.com","currentItemPrice":319.0,"vendorItemNum":"39LB45RQ","weight":38.6,"wrapCode":0,"maximumItems":1,"baseItemPrice":288.0,"stockWaterMark":0,"displayStatus":1,"tagCode":0,"baseSuggPrice":399.99,"packingSlipCode":0,"minPrice":288.0,"maxPrice":288.0,"priceChangeCode":5,"productTaxCode":"PTG9","rebateAmount":-9.223372036854776E18,"rebateTargetURL":null,"shippingDimX":26.3,"shippingDimY":43.9,"shippingDimZ":8.2,"s2SE":true,"sellerItemFlags":null,"freeReturns":false,"shipAlone":false,"remapToItemId":-9223372036854775808,"remapAction":null,"promotionDiscount":-9.223372036854776E18,"promotionMessageType":"","minPromotionAmount":-9.223372036854776E18,"maxPromotionAmount":-9.223372036854776E18,"fedExEligible":false,"smallFormatEligible":false,"thresholdShippingEligible":false,"isS2SOnly":false,"tweTaxCode":"2042534","shippingTaxCode":"2038346","giftWrapTaxCode":"2038857","ppu":-9.223372036854776E18,"fromPPU":-9.223372036854776E18,"contributesToThreshold":false,"isPIPEligible":"Y","checksum":-1,"freeShipping":false,"itemEligibleForFedEx":false,"is97CentShipping":false,"hasRebateLink":false,"storePickupable":true,"submapCode":0,"97CentShipping":false,"shippingDimensionX":26.3,"shippingDimensionY":43.9,"shippingDimensionZ":8.2,"employeeDiscountable":true,"combinedThresholdEligible":false,"availableShippingOfferCodes":null,"isFreeShipping":false}},"ppueligible":false,"uom":null,"unitCount":"0","itemFlags":null,"originalBaseUpc":"0088339300260","imageThumbnailURL":"http://i.walmartimages.com/i/p/00/88/33/93/00/0088339300260_60X60.gif","electronicDelivery":false,"productImageUrl":"http://i.walmartimages.com/i/p/00/88/33/93/00/0088339300260_215X215.jpg","hazardMaterial":false,"media":false,"specialPricing":null,"rebate":false,"putEligible":false,"imagePostCardURL":"http://i.walmartimages.com/i/p/00/88/33/93/00/0088339300260_150X150.jpg"}]