[{"genericContent":{"itemId":20655849,"sourceId":2,"rank":1,"itemName":"Proscan 22\" Class LED 1080p 60Hz HDTV, (1.69\" ultra-slim) PLED2243A","itemShortName":null,"shortDescription":"<p>The Proscan 22 Class LED 1080P 60Hz HDTV provides amazing detail with full HD resolution. The wide viewing angles, high brightness and fast response time produces great pictures when you watch movies, TV shows or play games. The 16:9 aspect ratio and 1,000:1 contrast ratio produces rich, sharp images that are ideal for digital entertainment. This built-in digital tuner HDTV also features a 60Hz screen refresh rate and a 6.5ms response time that reduces image distortion, which delivers clear pictures. The HDMI and PC inputs of this Proscan HDTV can be used for device integration, which maximizes its full potential . You can easily mount this HDTV on the wall. </p>","longDescription":"<strong>Proscan 22 Class LED 1080P 60Hz HDTV</strong><li>22\" LED panel- With a 1920 x 1080 Full HD resolution</li><li>True 16:9 aspect ratio- View your movies as the director intended</li><li>Wide 178-degree vertical and 178-degree horizontal angles- See a clear picture from anywhere in the room</li><li>Built-in digital tuner- Watch digital broadcasts, including HDTV programs where available</li><li>High brightness of 365cd/m2 with 6.5 ms response time- Place your TV anywhere</li><li>1,000:1 contrast ratio</li><li>HDMI Inputs: 1- Enjoy a superior HD experience with HDMI, the one-cable audio/video solution</li><li>22\" screen measured diagonally from corner to corner</li><li>Wall mountable</li><li>Note: You must have a source of HD programming in order to take full advantage of the Proscan 22\" HDTV. Contact your local cable or satellite TV provider for details on how to upgrade. </li>","shelfDescription":"<li>22\" diagonal screen size<li>HDMI Inputs: 2<li>Wall mountable","mfgNo":"PLED2243A","modelNum":"PLED2243A","dimensionX":16.0,"dimensionY":22.7,"dimensionZ":3.75,"platform":null,"supplierWarranty":"1 Year Limited Warranty","warrantyLength":null,"assembledCountryOfOrigin":"Imported","componentsCountryOfOrigin":"Imported","accessoriesIncluded":null,"accessoriesNotIncluded":null,"ageRange":null,"gender":null,"rating":null,"attributeValue1":null,"attributeValue2":null,"attributeValue3":null,"attributeName1":null,"attributeName2":null,"attributeName3":null,"brandName":"ProScan","manufacturerName":"CURTIS INTERNATIONAL LTD.","alternateViews":null,"imageId":-9223372036854775808,"addlWarnMsgA":null,"addlWarnMsgB":null,"altWarnMsg":"N","panZoomId":-9223372036854775808,"hasMatureContent":false,"attributeType1":null,"attributeUISetting1":null,"attributeRanking1":1,"attributeType2":null,"attributeUISetting2":null,"attributeRanking2":1,"attributeType3":null,"attributeUISetting3":null,"attributeRanking3":1,"attribute1_order":3,"attribute2_order":3,"attribute3_order":3,"partnerId":-1,"originalBaseUPC":"0005846577895","variantAttrData":null,"logoImage":"http://i.walmartimages.com/i/icon/-9/22/33/72/03/-9223372036854775808_100X60.gif","attributeData":[]},"alternateImageData":[],"id":20655849,"comparable":true,"upc":"0005846577895","customerRatingUrl":"http://www.walmart.com/i/CustRating/3_6.gif","partnerId":-1,"itemAttributes":[{"itemID":20655849,"groupName":"Additional Specifications","groupDisplayOrder":34,"contentProviderId":2,"attributeName":"Brightness","attributeDisplayOrder":36,"attributeValue":"365cd/m2","glossaryId":0,"attrDisplayName":"Brightness"},{"itemID":20655849,"groupName":"Additional Specifications","groupDisplayOrder":34,"contentProviderId":2,"attributeName":"Contrast Ratio","attributeDisplayOrder":37,"attributeValue":"1,000:1","glossaryId":0,"attrDisplayName":"Contrast Ratio"},{"itemID":20655849,"groupName":"Additional Specifications","groupDisplayOrder":34,"contentProviderId":2,"attributeName":"Remote Included","attributeDisplayOrder":40,"attributeValue":"Yes","glossaryId":0,"attrDisplayName":"Remote Included"},{"itemID":20655849,"groupName":"Additional Specifications","groupDisplayOrder":34,"contentProviderId":2,"attributeName":"Resolution","attributeDisplayOrder":41,"attributeValue":"1080p (HDTV)","glossaryId":0,"attrDisplayName":"Resolution"},{"itemID":20655849,"groupName":"Additional Specifications","groupDisplayOrder":34,"contentProviderId":2,"attributeName":"Response Time","attributeDisplayOrder":42,"attributeValue":"6.5 ms","glossaryId":0,"attrDisplayName":"Response Time"},{"itemID":20655849,"groupName":"Additional Specifications","groupDisplayOrder":34,"contentProviderId":2,"attributeName":"Tv Definition","attributeDisplayOrder":44,"attributeValue":"HDTV","glossaryId":0,"attrDisplayName":"Tv Definition"},{"itemID":20655849,"groupName":"Additional Specifications","groupDisplayOrder":34,"contentProviderId":2,"attributeName":"Tv Technology","attributeDisplayOrder":45,"attributeValue":"LED","glossaryId":0,"attrDisplayName":"Tv Technology"},{"itemID":20655849,"groupName":"Additional Specifications","groupDisplayOrder":34,"contentProviderId":2,"attributeName":"Primary Color","attributeDisplayOrder":171,"attributeValue":"Black","glossaryId":0,"attrDisplayName":"Primary Color"},{"itemID":20655849,"groupName":"Additional Specifications","groupDisplayOrder":34,"contentProviderId":2,"attributeName":"Multi Pack Indicator","attributeDisplayOrder":180,"attributeValue":"No","glossaryId":0,"attrDisplayName":"Multi Pack Indicator"},{"itemID":20655849,"groupName":"Additional Specifications","groupDisplayOrder":34,"contentProviderId":2,"attributeName":"Battery Type","attributeDisplayOrder":184,"attributeValue":"Does Not Contain a Battery","glossaryId":0,"attrDisplayName":"Battery Type"}],"sellers":{"0":{"itemId":20655849,"sellerId":0,"sellerTypeId":1,"sellerName":"Walmart.com","currentItemPrice":119.98,"vendorItemNum":"PLED2243A","weight":10.3,"wrapCode":0,"maximumItems":5,"baseItemPrice":134.88,"stockWaterMark":0,"displayStatus":3,"tagCode":0,"baseSuggPrice":149.99,"packingSlipCode":0,"minPrice":119.98,"maxPrice":119.98,"priceChangeCode":8,"productTaxCode":"PTG8","rebateAmount":-9.223372036854776E18,"rebateTargetURL":null,"shippingDimX":16.5,"shippingDimY":4.0,"shippingDimZ":27.2,"s2SE":true,"sellerItemFlags":null,"freeReturns":false,"shipAlone":false,"remapToItemId":-9223372036854775808,"remapAction":null,"promotionDiscount":-9.223372036854776E18,"promotionMessageType":"","minPromotionAmount":-9.223372036854776E18,"maxPromotionAmount":-9.223372036854776E18,"fedExEligible":true,"smallFormatEligible":true,"thresholdShippingEligible":false,"isS2SOnly":false,"tweTaxCode":"2042275","shippingTaxCode":"2038346","giftWrapTaxCode":"2038857","ppu":-9.223372036854776E18,"fromPPU":-9.223372036854776E18,"contributesToThreshold":false,"isPIPEligible":"Y","checksum":-1,"freeShipping":false,"itemEligibleForFedEx":true,"is97CentShipping":false,"hasRebateLink":false,"storePickupable":true,"submapCode":0,"97CentShipping":false,"shippingDimensionX":16.5,"shippingDimensionY":4.0,"shippingDimensionZ":27.2,"employeeDiscountable":true,"combinedThresholdEligible":false,"availableShippingOfferCodes":null,"isFreeShipping":false}},"ppueligible":false,"uom":null,"unitCount":"0","itemFlags":"1,","originalBaseUpc":"0005846577895","imageThumbnailURL":"http://i.walmartimages.com/i/p/00/05/84/65/77/0005846577895_60X60.gif","electronicDelivery":false,"productImageUrl":"http://i.walmartimages.com/i/p/00/05/84/65/77/0005846577895_215X215.jpg","hazardMaterial":false,"media":false,"specialPricing":null,"rebate":false,"putEligible":false,"imagePostCardURL":"http://i.walmartimages.com/i/p/00/05/84/65/77/0005846577895_150X150.jpg"}]