[{"genericContent":{"itemId":20593826,"sourceId":3,"rank":1,"itemName":"Sony 46\" Class LED 1080p 120Hz HDTV, (2-3/8\" ultra-slim) KDL-46EX640","itemShortName":null,"shortDescription":"Enter a world of dazzling picture quality and unlimited entertainment. This elegantly slim LED TV boasts Full HD 1080p for incredible detail and Edge LED backlighting for boosted contrast. Internet connectivity is at your fingertips, so you can watch YouTube clips and access online HD movies, music and more.<br><br><b>Note:</b> You must have a source of HD programming in order to take full advantage of the Sony 46\" HDTV. Contact your local cable or satellite TV provider for details on how to upgrade.","longDescription":"<br><b>Sony 46\" Class LED 1080p 120Hz HDTV, KDL-46EX640:</b><ul><li>46\" LCD panel<br>With a 1920 x 1080 Full HD resolution<li>True 16:9 aspect ratio<br>View your movies as the director intended<li>Wide 178-degree vertical and 178-degree horizontal angles<br>See a clear picture from anywhere in the room<li>Built-in digital tuner<br>Watch digital broadcasts, including HDTV programs where available<li>HDMI Inputs: 4<br>Enjoy a superior HD experience with HDMI one cable solution<li>46\" screen measured diagonally from corner to corner<li>WiFi adaptor included<br>Connect your HDTV to the Internet and stream videos<li>BRAVIA Sync<br>Sync up all Sony devices<li>Wall mountable<br>VESA standard 300mm x 300mm</ul><br><b>ENERGY STAR<sup>&reg;</sup></b><br>Products that are ENERGY STAR-qualified prevent greenhouse gas emissions by meeting strict energy efficiency guidelines set by the U.S. Environmental Protection Agency and the U.S. Department of Energy. The ENERGY STAR name and marks are registered marks owned by the U.S. government, as part of their energy efficiency and environmental activities.","shelfDescription":"<li>46\" diagonal screen size<li>HDMI Inputs: 4<li>Wall mountable<li>WiFi adaptor included","mfgNo":"KDL46EX640","modelNum":"KDL46EX640","dimensionX":10.0,"dimensionY":42.375,"dimensionZ":27.125,"platform":null,"supplierWarranty":"1 Year Limited Warranty","warrantyLength":null,"assembledCountryOfOrigin":"Imported","componentsCountryOfOrigin":"Imported","accessoriesIncluded":null,"accessoriesNotIncluded":null,"ageRange":null,"gender":null,"rating":null,"attributeValue1":null,"attributeValue2":null,"attributeValue3":null,"attributeName1":null,"attributeName2":null,"attributeName3":null,"brandName":"Sony","manufacturerName":"Sony Electronics","alternateViews":"2","imageId":-9223372036854775808,"addlWarnMsgA":null,"addlWarnMsgB":null,"altWarnMsg":"N","panZoomId":2,"hasMatureContent":false,"attributeType1":null,"attributeUISetting1":null,"attributeRanking1":1,"attributeType2":null,"attributeUISetting2":null,"attributeRanking2":1,"attributeType3":null,"attributeUISetting3":null,"attributeRanking3":1,"attribute1_order":3,"attribute2_order":3,"attribute3_order":3,"partnerId":-1,"originalBaseUPC":"0002724283856","variantAttrData":null,"logoImage":"http://i.walmartimages.com/i/icon/-9/22/33/72/03/-9223372036854775808_100X60.gif","attributeData":[]},"alternateImageData":[{"imageSrc":"http://i.walmartimages.com/i/p/00/02/72/42/83/0002724283856_60X60.gif","lgImageSrc":"http://i.walmartimages.com/i/p/00/02/72/42/83/0002724283856_500X500.jpg","name":null},{"imageSrc":"http://i.walmartimages.com/i/p/00/02/72/42/83/0002724283856_AV_60X60.gif","lgImageSrc":"http://i.walmartimages.com/i/p/00/02/72/42/83/0002724283856_AV_500X500.jpg","name":null},{"imageSrc":"http://i.walmartimages.com/i/p/00/02/72/42/83/0002724283856_AV1_60X60.gif","lgImageSrc":"http://i.walmartimages.com/i/p/00/02/72/42/83/0002724283856_AV1_500X500.jpg","name":null}],"id":20593826,"comparable":true,"upc":"0002724283856","customerRatingUrl":null,"partnerId":-1,"itemAttributes":[{"itemID":20593826,"groupName":"Display","groupDisplayOrder":1,"contentProviderId":3,"attributeName":"Image Aspect Ratio","attributeDisplayOrder":1,"attributeValue":"16:9","glossaryId":0,"attrDisplayName":"Image Aspect Ratio"},{"itemID":20593826,"groupName":"Display","groupDisplayOrder":1,"contentProviderId":3,"attributeName":"Widescreen Modes","attributeDisplayOrder":3,"attributeValue":"Conventional 4:3, Auto Wide, Full, Wide Zoom, Zoom, Normal","glossaryId":0,"attrDisplayName":"Widescreen Modes"},{"itemID":20593826,"groupName":"Display","groupDisplayOrder":1,"contentProviderId":3,"attributeName":"Display Menu Language","attributeDisplayOrder":4,"attributeValue":"English, French, Spanish","glossaryId":0,"attrDisplayName":"Display Menu Language"},{"itemID":20593826,"groupName":"Display","groupDisplayOrder":1,"contentProviderId":3,"attributeName":"Comb Filter","attributeDisplayOrder":5,"attributeValue":"3D digital","glossaryId":0,"attrDisplayName":"Comb Filter"},{"itemID":20593826,"groupName":"Display","groupDisplayOrder":1,"contentProviderId":3,"attributeName":"Color Temperature Control","attributeDisplayOrder":6,"attributeValue":"Yes (Warm1/Warm2/Neutral/Cool)","glossaryId":0,"attrDisplayName":"Color Temperature Control"},{"itemID":20593826,"groupName":"Display","groupDisplayOrder":1,"contentProviderId":3,"attributeName":"Additional Features","attributeDisplayOrder":7,"attributeValue":"Clock, auto power off, parental control, on-screen menu, 3:2 pull down compensation, Advanced Contrast Enhancer circuit (ACE), LightSensor Technology, Live Colour, dynamic backlight, channel labeling, picture frame mode, BRAVIA Sync Function, Digital Noise Reduction (DNR), MPEG Noise Reduction, Wi-Fi CERTIFIED, infobanner, picture adjustments lock, Start Up Sony Logo Display, Resolution Enhancer, progressive scan","glossaryId":0,"attrDisplayName":"Additional Features"},{"itemID":20593826,"groupName":"Display","groupDisplayOrder":1,"contentProviderId":3,"attributeName":"Display Format","attributeDisplayOrder":11,"attributeValue":"1080p (FullHD)","glossaryId":0,"attrDisplayName":"Display Format"},{"itemID":20593826,"groupName":"Display","groupDisplayOrder":1,"contentProviderId":3,"attributeName":"Resolution","attributeDisplayOrder":12,"attributeValue":"1920 x 1080","glossaryId":0,"attrDisplayName":"Resolution"},{"itemID":20593826,"groupName":"Display","groupDisplayOrder":1,"contentProviderId":3,"attributeName":"Viewing Angle","attributeDisplayOrder":13,"attributeValue":"178 degrees","glossaryId":0,"attrDisplayName":"Viewing Angle"},{"itemID":20593826,"groupName":"Display","groupDisplayOrder":1,"contentProviderId":3,"attributeName":"Viewing Angle (Vertical)","attributeDisplayOrder":14,"attributeValue":"178 degrees","glossaryId":0,"attrDisplayName":"Viewing Angle (Vertical)"},{"itemID":20593826,"groupName":"TV Tuner","groupDisplayOrder":2,"contentProviderId":3,"attributeName":"Reception System","attributeDisplayOrder":2,"attributeValue":"NTSC-M","glossaryId":0,"attrDisplayName":"Reception System"},{"itemID":20593826,"groupName":"TV Tuner","groupDisplayOrder":2,"contentProviderId":3,"attributeName":"Stereo Reception System","attributeDisplayOrder":3,"attributeValue":"MTS","glossaryId":0,"attrDisplayName":"Stereo Reception System"},{"itemID":20593826,"groupName":"TV Tuner","groupDisplayOrder":2,"contentProviderId":3,"attributeName":"Channel Coverage","attributeDisplayOrder":4,"attributeValue":"VHF:2-13, UHF:14-69, Cable:1-135","glossaryId":0,"attrDisplayName":"Channel Coverage"},{"itemID":20593826,"groupName":"TV Tuner","groupDisplayOrder":2,"contentProviderId":3,"attributeName":"Multi-channel Preview","attributeDisplayOrder":5,"attributeValue":"Picture-and-picture (PAP), picture-in-picture (PIP)","glossaryId":0,"attrDisplayName":"Multi-channel Preview"},{"itemID":20593826,"groupName":"TV Tuner","groupDisplayOrder":2,"contentProviderId":3,"attributeName":"Secondary Audio Program (SAP)","attributeDisplayOrder":6,"attributeValue":"Yes","glossaryId":0,"attrDisplayName":"Secondary Audio Program (SAP)"},{"itemID":20593826,"groupName":"TV Tuner","groupDisplayOrder":2,"contentProviderId":3,"attributeName":"Analog TV Tuner","attributeDisplayOrder":8,"attributeValue":"NTSC","glossaryId":0,"attrDisplayName":"Analog TV Tuner"},{"itemID":20593826,"groupName":"Video Features","groupDisplayOrder":3,"contentProviderId":3,"attributeName":"Analog Video Input Signals","attributeDisplayOrder":2,"attributeValue":"NTSC 3.58","glossaryId":0,"attrDisplayName":"Analog Video Input Signals"},{"itemID":20593826,"groupName":"Video Features","groupDisplayOrder":3,"contentProviderId":3,"attributeName":"Closed Caption Capability","attributeDisplayOrder":3,"attributeValue":"Yes","glossaryId":0,"attrDisplayName":"Closed Caption Capability"},{"itemID":20593826,"groupName":"Video Features","groupDisplayOrder":3,"contentProviderId":3,"attributeName":"Input Video Formats","attributeDisplayOrder":4,"attributeValue":"1080/24p, 1080/60i, 480/60p, 720/60p, 1080/60p, 480/60i","glossaryId":0,"attrDisplayName":"Input Video Formats"},{"itemID":20593826,"groupName":"Video Features","groupDisplayOrder":3,"contentProviderId":3,"attributeName":"Parental Channel Lock","attributeDisplayOrder":6,"attributeValue":"Yes","glossaryId":0,"attrDisplayName":"Parental Channel Lock"},{"itemID":20593826,"groupName":"Remote Control","groupDisplayOrder":4,"contentProviderId":3,"attributeName":"Type","attributeDisplayOrder":1,"attributeValue":"Remote control","glossaryId":0,"attrDisplayName":"Type"},{"itemID":20593826,"groupName":"Remote Control","groupDisplayOrder":4,"contentProviderId":3,"attributeName":"Features","attributeDisplayOrder":3,"attributeValue":"Scene Select","glossaryId":0,"attrDisplayName":"Features"},{"itemID":20593826,"groupName":"Audio System","groupDisplayOrder":5,"contentProviderId":3,"attributeName":"Sound Output Mode","attributeDisplayOrder":1,"attributeValue":"Stereo","glossaryId":0,"attrDisplayName":"Sound Output Mode"},{"itemID":20593826,"groupName":"Audio System","groupDisplayOrder":5,"contentProviderId":3,"attributeName":"Surround Mode","attributeDisplayOrder":2,"attributeValue":"Yes","glossaryId":0,"attrDisplayName":"Surround Mode"},{"itemID":20593826,"groupName":"Audio System","groupDisplayOrder":5,"contentProviderId":3,"attributeName":"Sound Effects","attributeDisplayOrder":3,"attributeValue":"Bass Boost","glossaryId":0,"attrDisplayName":"Sound Effects"},{"itemID":20593826,"groupName":"Audio System","groupDisplayOrder":5,"contentProviderId":3,"attributeName":"Audio Controls","attributeDisplayOrder":4,"attributeValue":"Sound mode","glossaryId":0,"attrDisplayName":"Audio Controls"},{"itemID":20593826,"groupName":"Audio System","groupDisplayOrder":5,"contentProviderId":3,"attributeName":"Output Power / Total","attributeDisplayOrder":6,"attributeValue":"16 Watt","glossaryId":0,"attrDisplayName":"Output Power / Total"},{"itemID":20593826,"groupName":"Audio System","groupDisplayOrder":5,"contentProviderId":3,"attributeName":"Additional Features","attributeDisplayOrder":7,"attributeValue":"SteadySound auto volume, Invisible Speaker System, Alternate Audio","glossaryId":0,"attrDisplayName":"Additional Features"},{"itemID":20593826,"groupName":"Audio System","groupDisplayOrder":5,"contentProviderId":3,"attributeName":"Speaker(s)","attributeDisplayOrder":8,"attributeValue":"2 x right/left channel speaker - built-in - 8 Watt","glossaryId":0,"attrDisplayName":"Speaker(s)"},{"itemID":20593826,"groupName":"Audio System","groupDisplayOrder":5,"contentProviderId":3,"attributeName":"Equalizer","attributeDisplayOrder":9,"attributeValue":"Yes","glossaryId":0,"attrDisplayName":"Equalizer"},{"itemID":20593826,"groupName":"Audio System","groupDisplayOrder":5,"contentProviderId":3,"attributeName":"Driver Details","attributeDisplayOrder":16,"attributeValue":"Right/left channel speaker : 2 x full-range driver - 1 3/16\" x 6\"","glossaryId":0,"attrDisplayName":"Driver Details"},{"itemID":20593826,"groupName":"Connections","groupDisplayOrder":6,"contentProviderId":3,"attributeName":"Connector Type","attributeDisplayOrder":1,"attributeValue":"1 x audio line-in ( RCA phono x 2 ) - rear ¦ 1 x audio line-in ( RCA phono x 2 ) - side ¦ 1 x audio line-in ( mini-phone stereo 3.5 mm ) - rear ¦ 1 x audio line-out - rear ¦ 1 x composite video / component video input ( RCA phono x 3 ) - rear ¦ 1 x composite video input ( RCA phono ) - side ¦ 1 x digital audio output (optical) ( TOSLINK ) - rear ¦ 1 x network ( RJ-45 ) - rear ¦ 3 x HDMI ( 19 pin HDMI Type A ) - rear ¦ 1 x HDMI ( 19 pin HDMI Type A ) - side ¦ 1 x VGA input ( 15 pin HD D-Sub (HD-15) ) - rear ¦ 2 x USB 2.0 ( 4 pin USB Type A ) - side","glossaryId":0,"attrDisplayName":"Connector Type"},{"itemID":20593826,"groupName":"Power","groupDisplayOrder":7,"contentProviderId":3,"attributeName":"Power Device","attributeDisplayOrder":1,"attributeValue":"Power supply","glossaryId":0,"attrDisplayName":"Power Device"},{"itemID":20593826,"groupName":"Power","groupDisplayOrder":7,"contentProviderId":3,"attributeName":"Power Consumption Stand by / Sleep","attributeDisplayOrder":3,"attributeValue":"0.2 Watt","glossaryId":0,"attrDisplayName":"Power Consumption Stand by / Sleep"},{"itemID":20593826,"groupName":"General","groupDisplayOrder":9,"contentProviderId":3,"attributeName":"Product Type","attributeDisplayOrder":1,"attributeValue":"LED-backlit LCD TV","glossaryId":0,"attrDisplayName":"Product Type"},{"itemID":20593826,"groupName":"General","groupDisplayOrder":9,"contentProviderId":3,"attributeName":"TV Tuner","attributeDisplayOrder":2,"attributeValue":"1x analog/digital combo","glossaryId":0,"attrDisplayName":"TV Tuner"},{"itemID":20593826,"groupName":"General","groupDisplayOrder":9,"contentProviderId":3,"attributeName":"PC Interface","attributeDisplayOrder":3,"attributeValue":"VGA (HD-15)","glossaryId":0,"attrDisplayName":"PC Interface"},{"itemID":20593826,"groupName":"General","groupDisplayOrder":9,"contentProviderId":3,"attributeName":"Width","attributeDisplayOrder":4,"attributeValue":"42.1 in","glossaryId":0,"attrDisplayName":"Width"},{"itemID":20593826,"groupName":"General","groupDisplayOrder":9,"contentProviderId":3,"attributeName":"Depth","attributeDisplayOrder":5,"attributeValue":"9.9 in","glossaryId":0,"attrDisplayName":"Depth"},{"itemID":20593826,"groupName":"General","groupDisplayOrder":9,"contentProviderId":3,"attributeName":"Height","attributeDisplayOrder":6,"attributeValue":"27 in","glossaryId":0,"attrDisplayName":"Height"},{"itemID":20593826,"groupName":"General","groupDisplayOrder":9,"contentProviderId":3,"attributeName":"Weight","attributeDisplayOrder":7,"attributeValue":"37.3 lbs","glossaryId":0,"attrDisplayName":"Weight"},{"itemID":20593826,"groupName":"General","groupDisplayOrder":9,"contentProviderId":3,"attributeName":"Series","attributeDisplayOrder":8,"attributeValue":"BRAVIA EX640 Series","glossaryId":0,"attrDisplayName":"Series"},{"itemID":20593826,"groupName":"General","groupDisplayOrder":9,"contentProviderId":3,"attributeName":"Enclosure Color","attributeDisplayOrder":11,"attributeValue":"Black","glossaryId":0,"attrDisplayName":"Enclosure Color"},{"itemID":20593826,"groupName":"General","groupDisplayOrder":9,"contentProviderId":3,"attributeName":"HDCP Compatible","attributeDisplayOrder":13,"attributeValue":"Yes","glossaryId":0,"attrDisplayName":"HDCP Compatible"},{"itemID":20593826,"groupName":"Dimensions & Weight Details","groupDisplayOrder":20,"contentProviderId":3,"attributeName":"Dimensions & Weight Details","attributeDisplayOrder":1,"attributeValue":"Panel with stand - 42.1 in x 9.9 in x 27 in x 37.3 lbs ¦ Panel without stand - 42.1 in x 2.4 in x 25.6 in x 30.2 lbs","glossaryId":0,"attrDisplayName":"Dimensions & Weight Details"},{"itemID":20593826,"groupName":"Network & Internet Multimedia","groupDisplayOrder":30,"contentProviderId":3,"attributeName":"Functionality","attributeDisplayOrder":1,"attributeValue":"Digital audio playback, digital photo playback, digital video playback, WEB browsing, Internet video playback","glossaryId":0,"attrDisplayName":"Functionality"},{"itemID":20593826,"groupName":"Network & Internet Multimedia","groupDisplayOrder":30,"contentProviderId":3,"attributeName":"Connectivity","attributeDisplayOrder":2,"attributeValue":"Wireless, wired","glossaryId":0,"attrDisplayName":"Connectivity"},{"itemID":20593826,"groupName":"Network & Internet Multimedia","groupDisplayOrder":30,"contentProviderId":3,"attributeName":"Connectivity Protocols","attributeDisplayOrder":3,"attributeValue":"Ethernet, 802.11b (Wi-Fi)","glossaryId":0,"attrDisplayName":"Connectivity Protocols"},{"itemID":20593826,"groupName":"Digital TV Tuner","groupDisplayOrder":32,"contentProviderId":3,"attributeName":"Digital TV Tuner","attributeDisplayOrder":1,"attributeValue":"ATSC, QAM","glossaryId":0,"attrDisplayName":"Digital TV Tuner"}],"sellers":{"0":{"itemId":20593826,"sellerId":0,"sellerTypeId":1,"sellerName":"Walmart.com","currentItemPrice":848.0,"vendorItemNum":"KDL46EX640","weight":45.0,"wrapCode":0,"maximumItems":5,"baseItemPrice":1048.0,"stockWaterMark":0,"displayStatus":2,"tagCode":0,"baseSuggPrice":1199.99,"packingSlipCode":0,"minPrice":848.0,"maxPrice":848.0,"priceChangeCode":0,"productTaxCode":"PTG9","rebateAmount":-9.223372036854776E18,"rebateTargetURL":null,"shippingDimX":29.25,"shippingDimY":48.0,"shippingDimZ":5.75,"s2SE":true,"sellerItemFlags":null,"freeReturns":false,"shipAlone":false,"remapToItemId":-9223372036854775808,"remapAction":null,"promotionDiscount":-9.223372036854776E18,"promotionMessageType":"","minPromotionAmount":-9.223372036854776E18,"maxPromotionAmount":-9.223372036854776E18,"fedExEligible":false,"smallFormatEligible":true,"thresholdShippingEligible":false,"isS2SOnly":false,"tweTaxCode":"2042530","shippingTaxCode":"2038346","giftWrapTaxCode":"2038857","ppu":-9.223372036854776E18,"fromPPU":-9.223372036854776E18,"contributesToThreshold":false,"isPIPEligible":"Y","checksum":-1,"freeShipping":false,"itemEligibleForFedEx":false,"is97CentShipping":false,"hasRebateLink":false,"storePickupable":true,"submapCode":0,"97CentShipping":false,"shippingDimensionX":29.25,"shippingDimensionY":48.0,"shippingDimensionZ":5.75,"employeeDiscountable":true,"combinedThresholdEligible":false,"availableShippingOfferCodes":null,"isFreeShipping":false}},"ppueligible":false,"uom":null,"unitCount":"0","itemFlags":null,"originalBaseUpc":"0002724283856","imageThumbnailURL":"http://i.walmartimages.com/i/p/00/02/72/42/83/0002724283856_60X60.gif","electronicDelivery":false,"productImageUrl":"http://i.walmartimages.com/i/p/00/02/72/42/83/0002724283856_215X215.jpg","hazardMaterial":false,"media":false,"specialPricing":null,"rebate":false,"putEligible":false,"imagePostCardURL":"http://i.walmartimages.com/i/p/00/02/72/42/83/0002724283856_150X150.jpg"}]