[{"genericContent":{"itemId":19717660,"sourceId":2,"rank":1,"itemName":"Element 46\" Class LED-LCD 1080p 60Hz HDTV,(1.93\" ultra-slim)ELEFC461 \nElement 46\" Class 1080p Edge Lit LED HDTV Featuring Built In JBL 2.0 Sound System and Subwoofer","itemShortName":null,"shortDescription":"<p>The Element 46\" Class LED-LCD 1080p 60Hz HDTV, ELEFC461 features a built in JBL high performance 2.1 speaker system and subwoofer to provide a superior audio experience with no additional connections required. The powerful LCD panel, combined with an edge-lit LED backlight system, provides high contrast ratios for deep blacks and vibrant colors during both dark and bright scenes. The Element 46\" Class LCD 1080p 60Hz HDTV, ELEFC461 is also ENERGY STAR 4.1-compliant to reduce energy consumption. Three HDMI inputs allow you to connect your high-definition components, like a Blu-ray player, DVD player or gaming console, to this edge-lit LED HDTV. A VGA input allows you to turn your TV into a computer monitor or listen to your favorite MP3s or share JPG format photos by connecting a USB device.</p>\n\n<p><strong>Note:</strong> You must have a source of HD programming in order to take full advantage of the Element 46\" HDTV. </p>","longDescription":"<p><br /><strong>Element 46\" Class LED-LCD 1080p 60Hz HDTV,ELEFC461:</strong></p>\n\n<ul>\n\n<li>46\" LED panel</li>\n\n</ul>\n\n<p>With a 1920 x 1080 Full HD resolution</p>\n\n<ul>\n\n<li>True 16:9 aspect ratio</li>\n\n</ul>\n\n<p>View your movies as the director intended on this 1.93\" ultra slim HDTV featuring built-in JBL 2.0 sound system and subwoofer</p>\n\n<ul>\n\n<li>Wide 178-degree vertical and 178-degree horizontal angles</li>\n\n</ul>\n\n<p>See a clear picture from anywhere in the room on this edge-lit LED HDTV</p>\n\n<ul>\n\n<li>Built-in digital tuner</li>\n\n</ul>\n\n<p>Watch digital broadcasts, including HDTV programs where available</p>\n\n<ul>\n\n<li>6 ms response time</li>\n\n</ul>\n\n<p>Quick response time for a great picture</p>\n\n<ul>\n\n<li>4,000:1 contrast ratio</li>\n\n<li>HDMI Inputs: 3</li>\n\n</ul>\n\n<p>Enjoy a superior HD experience with HDMI one cable solution</p>\n\n<ul>\n\n<li>45.9\" screen measured diagonally from corner to corner</li>\n\n</ul>\n\n<p><br /><br /><strong>ENERGY STAR<sup>&reg;</sup></strong><br />Products that are ENERGY STAR-qualified prevent greenhouse gas emissions by meeting strict energy efficiency guidelines set by the U.S. Environmental Protection Agency and the U.S. Department of Energy. The ENERGY STAR name and marks are registered marks owned by the U.S. government, as part of their energy efficiency and environmental activities.</p>\n\n<p>Element 46\" Class 1080p Edge Lit LED HDTV Featuring Built In JBL 2.1 Sound System</p>\n\n<p>Get into your Element with an ultra-slim LED that offers breathtaking clarity and brilliance with the picture and sound. The Element 46-inch 1080p LED HDTV features a built-in JBL high performance 2.1 speaker system &amp; subwoofer which provide you with a superior audio experience with no additional connections required.</p>\n\n<p>Featuring full HD 1080p (1920 x 1080) resolution, for the sharpest picture possible. The powerful LCD panel, combined with an edge-lit LED backlight system, provides high contrast ratios for deep blacks and vibrant colors, during both dark and bright scenes. The HDTV is also ENERGY STAR 4.1-compliant to reduce energy consumption. Three HDMI inputs allow you to connect your high-def components, like a Blu-ray player, DVD player or gaming console. A VGA input allows you to turn your TV into a computer monitor, or listen to your favorite MP3s or share JPG format photos by connecting a USB device.</p>","shelfDescription":"<li>45.9\" diagonal screen size<li>HDMI Inputs: 3","mfgNo":"ELEFC461","modelNum":"ELEFC461","dimensionX":29.65,"dimensionY":43.58,"dimensionZ":12.2,"platform":null,"supplierWarranty":"2 Year Limited Warranty","warrantyLength":null,"assembledCountryOfOrigin":"Imported","componentsCountryOfOrigin":"Imported","accessoriesIncluded":null,"accessoriesNotIncluded":null,"ageRange":null,"gender":null,"rating":null,"attributeValue1":null,"attributeValue2":null,"attributeValue3":null,"attributeName1":null,"attributeName2":null,"attributeName3":null,"brandName":"Element","manufacturerName":"Element Electronics","alternateViews":"1","imageId":-9223372036854775808,"addlWarnMsgA":null,"addlWarnMsgB":null,"altWarnMsg":"N","panZoomId":2,"hasMatureContent":false,"attributeType1":null,"attributeUISetting1":null,"attributeRanking1":1,"attributeType2":null,"attributeUISetting2":null,"attributeRanking2":1,"attributeType3":null,"attributeUISetting3":null,"attributeRanking3":1,"attribute1_order":3,"attribute2_order":3,"attribute3_order":3,"partnerId":-1,"originalBaseUPC":"0081721901012","variantAttrData":null,"logoImage":"http://i.walmartimages.com/i/icon/-9/22/33/72/03/-9223372036854775808_100X60.gif","attributeData":[]},"alternateImageData":[{"imageSrc":"http://i.walmartimages.com/i/p/00/81/72/19/01/0081721901012_60X60.gif","lgImageSrc":"http://i.walmartimages.com/i/p/00/81/72/19/01/0081721901012_500X500.jpg","name":null},{"imageSrc":"http://i.walmartimages.com/i/p/00/81/72/19/01/0081721901012_AV_60X60.gif","lgImageSrc":"http://i.walmartimages.com/i/p/00/81/72/19/01/0081721901012_AV_500X500.jpg","name":null}],"id":19717660,"comparable":true,"upc":"0081721901012","customerRatingUrl":"http://www.walmart.com/i/CustRating/3_7.gif","partnerId":-1,"itemAttributes":[{"itemID":19717660,"groupName":"Additional Specifications","groupDisplayOrder":34,"contentProviderId":2,"attributeName":"Brightness","attributeDisplayOrder":36,"attributeValue":"400 cd/m2","glossaryId":0,"attrDisplayName":"Brightness"},{"itemID":19717660,"groupName":"Additional Specifications","groupDisplayOrder":34,"contentProviderId":2,"attributeName":"Contrast Ratio","attributeDisplayOrder":37,"attributeValue":"4,000:1","glossaryId":0,"attrDisplayName":"Contrast Ratio"},{"itemID":19717660,"groupName":"Additional Specifications","groupDisplayOrder":34,"contentProviderId":2,"attributeName":"Remote Included","attributeDisplayOrder":40,"attributeValue":"Yes","glossaryId":0,"attrDisplayName":"Remote Included"},{"itemID":19717660,"groupName":"Additional Specifications","groupDisplayOrder":34,"contentProviderId":2,"attributeName":"Resolution","attributeDisplayOrder":41,"attributeValue":"1080p (HDTV)","glossaryId":0,"attrDisplayName":"Resolution"},{"itemID":19717660,"groupName":"Additional Specifications","groupDisplayOrder":34,"contentProviderId":2,"attributeName":"Response Time","attributeDisplayOrder":42,"attributeValue":"6 ms","glossaryId":0,"attrDisplayName":"Response Time"},{"itemID":19717660,"groupName":"Additional Specifications","groupDisplayOrder":34,"contentProviderId":2,"attributeName":"Tv Definition","attributeDisplayOrder":44,"attributeValue":"HDTV","glossaryId":0,"attrDisplayName":"Tv Definition"},{"itemID":19717660,"groupName":"Additional Specifications","groupDisplayOrder":34,"contentProviderId":2,"attributeName":"Tv Technology","attributeDisplayOrder":45,"attributeValue":"LED","glossaryId":0,"attrDisplayName":"Tv Technology"},{"itemID":19717660,"groupName":"Additional Specifications","groupDisplayOrder":34,"contentProviderId":2,"attributeName":"Primary Color","attributeDisplayOrder":171,"attributeValue":"Black","glossaryId":0,"attrDisplayName":"Primary Color"},{"itemID":19717660,"groupName":"Additional Specifications","groupDisplayOrder":34,"contentProviderId":2,"attributeName":"Multi Pack Indicator","attributeDisplayOrder":180,"attributeValue":"No","glossaryId":0,"attrDisplayName":"Multi Pack Indicator"},{"itemID":19717660,"groupName":"Additional Specifications","groupDisplayOrder":34,"contentProviderId":2,"attributeName":"Battery Type","attributeDisplayOrder":184,"attributeValue":"Alkaline","glossaryId":0,"attrDisplayName":"Battery Type"}],"sellers":{"0":{"itemId":19717660,"sellerId":0,"sellerTypeId":1,"sellerName":"Walmart.com","currentItemPrice":449.98,"vendorItemNum":"ELEFC461","weight":52.5,"wrapCode":0,"maximumItems":5,"baseItemPrice":469.98,"stockWaterMark":1,"displayStatus":3,"tagCode":0,"baseSuggPrice":699.99,"packingSlipCode":0,"minPrice":449.98,"maxPrice":449.98,"priceChangeCode":5,"productTaxCode":"PTG9","rebateAmount":-9.223372036854776E18,"rebateTargetURL":null,"shippingDimX":34.61,"shippingDimY":51.18,"shippingDimZ":5.98,"s2SE":true,"sellerItemFlags":null,"freeReturns":false,"shipAlone":false,"remapToItemId":-9223372036854775808,"remapAction":null,"promotionDiscount":-9.223372036854776E18,"promotionMessageType":"","minPromotionAmount":-9.223372036854776E18,"maxPromotionAmount":-9.223372036854776E18,"fedExEligible":false,"smallFormatEligible":false,"thresholdShippingEligible":false,"isS2SOnly":false,"tweTaxCode":"2038710","shippingTaxCode":"2038346","giftWrapTaxCode":"2038857","ppu":-9.223372036854776E18,"fromPPU":-9.223372036854776E18,"contributesToThreshold":false,"isPIPEligible":"Y","checksum":-1,"freeShipping":false,"itemEligibleForFedEx":false,"is97CentShipping":false,"hasRebateLink":false,"storePickupable":true,"submapCode":0,"97CentShipping":false,"shippingDimensionX":34.61,"shippingDimensionY":51.18,"shippingDimensionZ":5.98,"employeeDiscountable":true,"combinedThresholdEligible":false,"availableShippingOfferCodes":null,"isFreeShipping":false}},"ppueligible":false,"uom":null,"unitCount":"0","itemFlags":"1,","originalBaseUpc":"0081721901012","imageThumbnailURL":"http://i.walmartimages.com/i/p/00/81/72/19/01/0081721901012_60X60.gif","electronicDelivery":false,"productImageUrl":"http://i.walmartimages.com/i/p/00/81/72/19/01/0081721901012_215X215.jpg","hazardMaterial":false,"media":false,"specialPricing":null,"rebate":false,"putEligible":false,"imagePostCardURL":"http://i.walmartimages.com/i/p/00/81/72/19/01/0081721901012_150X150.jpg"}]