[{"genericContent":{"itemId":16935878,"sourceId":3,"rank":1,"itemName":"Sceptre 19\" Class LED-LCD  720p 60Hz HDTV with DVD Combo, (1.67\" ultra-slim) E195BD-SHD","itemShortName":null,"shortDescription":"This Sceptre 19\" HDTV/DVD combo is an ultra-thin LED HDTV with a built-in DVD Player that can double as a computer monitor. It features superior LED display quality with a 5-ms. response time and emits brighter and more robust colors, all while saving energy.<p><b>Note:</b> You must have a source of HD programming in order to take full advantage of the Sceptre 19\" HDTV/DVD combo. Contact your local cable or satellite TV service provider for details on how to upgrade.<p><b>ENERGY STAR<sup>&reg;</sup></b><br>Products that are ENERGY STAR-qualified prevent greenhouse gas emissions by meeting strict energy efficiency guidelines set by the U.S. Environmental Protection Agency and the U.S. Department of Energy. The ENERGY STAR name and marks are registered marks owned by the U.S. government, as part of their energy efficiency and environmental activities.","longDescription":"<p><b>Sceptre 19\" Class LED 720p 60Hz HDTV with DVD Combo, E195BD-SHD:</b><ul><li>16:9 LED panel<br>With 1366 x 768 resolution<li>19\" class screen size<br>18.5\" screen measured diagonally from corner to corner<li>Wide 160-degree vertical and 170-degree horizontal angles<br>See a clear picture from anywhere in the room on this Sceptre 19\" HDTV/DVD combo<li>Built-in digital tuner<br>Watch digital broadcasts, including HDTV programs where available<li>High brightness of 250cd/m2 with 5 ms response time<br>Place your Sceptre LED-LCD TV/DVD player anywhere<li>1,000:1 typical contrast ratio<li>HDMI Inputs: 2<br>Enjoy a superior HD experience with the HDMI one-cable solution</ul>","shelfDescription":"<li>18.5\" diagonal screen size<li>HDMI Inputs: 2<li>Detachable base stand<li>Built-in digital tuner<li>High Brightness of 250cd/m2 with 5ms response time<li>DVD embedded in TV<li>","mfgNo":"E195BD-SHD","modelNum":"E195BD-SHD","dimensionX":13.46,"dimensionY":18.03,"dimensionZ":7.87,"platform":null,"supplierWarranty":"1 Year Limited Warranty","warrantyLength":null,"assembledCountryOfOrigin":"Imported","componentsCountryOfOrigin":"Imported","accessoriesIncluded":null,"accessoriesNotIncluded":null,"ageRange":null,"gender":null,"rating":null,"attributeValue1":null,"attributeValue2":null,"attributeValue3":null,"attributeName1":null,"attributeName2":null,"attributeName3":null,"brandName":"Sceptre","manufacturerName":"Sceptre Inc","alternateViews":"4","imageId":-9223372036854775808,"addlWarnMsgA":null,"addlWarnMsgB":null,"altWarnMsg":"N","panZoomId":2,"hasMatureContent":false,"attributeType1":null,"attributeUISetting1":null,"attributeRanking1":1,"attributeType2":null,"attributeUISetting2":null,"attributeRanking2":1,"attributeType3":null,"attributeUISetting3":null,"attributeRanking3":1,"attribute1_order":3,"attribute2_order":3,"attribute3_order":3,"partnerId":-1,"originalBaseUPC":"0079234331970","variantAttrData":null,"logoImage":"http://i.walmartimages.com/i/icon/-9/22/33/72/03/-9223372036854775808_100X60.gif","attributeData":[]},"alternateImageData":[{"imageSrc":"http://i.walmartimages.com/i/p/00/79/23/43/31/0079234331970_60X60.gif","lgImageSrc":"http://i.walmartimages.com/i/p/00/79/23/43/31/0079234331970_500X500.jpg","name":null},{"imageSrc":"http://i.walmartimages.com/i/p/00/79/23/43/31/0079234331970_AV_60X60.gif","lgImageSrc":"http://i.walmartimages.com/i/p/00/79/23/43/31/0079234331970_AV_500X500.jpg","name":null},{"imageSrc":"http://i.walmartimages.com/i/p/00/79/23/43/31/0079234331970_AV1_60X60.gif","lgImageSrc":"http://i.walmartimages.com/i/p/00/79/23/43/31/0079234331970_AV1_500X500.jpg","name":null},{"imageSrc":"http://i.walmartimages.com/i/p/00/79/23/43/31/0079234331970_AV2_60X60.gif","lgImageSrc":"http://i.walmartimages.com/i/p/00/79/23/43/31/0079234331970_AV2_500X500.jpg","name":null},{"imageSrc":"http://i.walmartimages.com/i/p/00/79/23/43/31/0079234331970_AV3_60X60.gif","lgImageSrc":"http://i.walmartimages.com/i/p/00/79/23/43/31/0079234331970_AV3_500X500.jpg","name":null}],"id":16935878,"comparable":true,"upc":"0079234331970","customerRatingUrl":null,"partnerId":-1,"itemAttributes":[{"itemID":16935878,"groupName":"Display","groupDisplayOrder":1,"contentProviderId":3,"attributeName":"Image Aspect Ratio","attributeDisplayOrder":1,"attributeValue":"16:9","glossaryId":0,"attrDisplayName":"Image Aspect Ratio"},{"itemID":16935878,"groupName":"Display","groupDisplayOrder":1,"contentProviderId":3,"attributeName":"Additional Features","attributeDisplayOrder":7,"attributeValue":"On-screen menu, progressive scan","glossaryId":0,"attrDisplayName":"Additional Features"},{"itemID":16935878,"groupName":"Display","groupDisplayOrder":1,"contentProviderId":3,"attributeName":"Display Format","attributeDisplayOrder":11,"attributeValue":"720p","glossaryId":0,"attrDisplayName":"Display Format"},{"itemID":16935878,"groupName":"Display","groupDisplayOrder":1,"contentProviderId":3,"attributeName":"Resolution","attributeDisplayOrder":12,"attributeValue":"1366 x 768","glossaryId":0,"attrDisplayName":"Resolution"},{"itemID":16935878,"groupName":"Display","groupDisplayOrder":1,"contentProviderId":3,"attributeName":"Viewing Angle","attributeDisplayOrder":13,"attributeValue":"170 degrees","glossaryId":0,"attrDisplayName":"Viewing Angle"},{"itemID":16935878,"groupName":"Display","groupDisplayOrder":1,"contentProviderId":3,"attributeName":"Viewing Angle (Vertical)","attributeDisplayOrder":14,"attributeValue":"160 degrees","glossaryId":0,"attrDisplayName":"Viewing Angle (Vertical)"},{"itemID":16935878,"groupName":"Display","groupDisplayOrder":1,"contentProviderId":3,"attributeName":"Image Contrast Ratio","attributeDisplayOrder":17,"attributeValue":"1000:1","glossaryId":0,"attrDisplayName":"Image Contrast Ratio"},{"itemID":16935878,"groupName":"Display","groupDisplayOrder":1,"contentProviderId":3,"attributeName":"Brightness","attributeDisplayOrder":18,"attributeValue":"250 cd/m2","glossaryId":0,"attrDisplayName":"Brightness"},{"itemID":16935878,"groupName":"Display","groupDisplayOrder":1,"contentProviderId":3,"attributeName":"Color Depth","attributeDisplayOrder":19,"attributeValue":"16.7 million colors","glossaryId":0,"attrDisplayName":"Color Depth"},{"itemID":16935878,"groupName":"Display","groupDisplayOrder":1,"contentProviderId":3,"attributeName":"Backlight Life","attributeDisplayOrder":20,"attributeValue":"20,000 hour(s)","glossaryId":0,"attrDisplayName":"Backlight Life"},{"itemID":16935878,"groupName":"Remote Control","groupDisplayOrder":4,"contentProviderId":3,"attributeName":"Type","attributeDisplayOrder":1,"attributeValue":"Remote control","glossaryId":0,"attrDisplayName":"Type"},{"itemID":16935878,"groupName":"Audio System","groupDisplayOrder":5,"contentProviderId":3,"attributeName":"Sound Output Mode","attributeDisplayOrder":1,"attributeValue":"Stereo","glossaryId":0,"attrDisplayName":"Sound Output Mode"},{"itemID":16935878,"groupName":"Audio System","groupDisplayOrder":5,"contentProviderId":3,"attributeName":"Output Power / Total","attributeDisplayOrder":6,"attributeValue":"6 Watt","glossaryId":0,"attrDisplayName":"Output Power / Total"},{"itemID":16935878,"groupName":"Audio System","groupDisplayOrder":5,"contentProviderId":3,"attributeName":"Speaker(s)","attributeDisplayOrder":8,"attributeValue":"2 x speaker - built-in - 3 Watt","glossaryId":0,"attrDisplayName":"Speaker(s)"},{"itemID":16935878,"groupName":"Connections","groupDisplayOrder":6,"contentProviderId":3,"attributeName":"Connector Type","attributeDisplayOrder":1,"attributeValue":"1 x VGA input ( 15 pin HD D-Sub (HD-15) ) ¦ Audio line-in ( RCA phono x 2 ) ¦ 1 x component video input ( RCA phono x 3 ) ¦ 1 x USB ( 4 pin USB Type A ) ¦ 1 x digital audio output (coaxial) ¦ 1 x headphones ( mini-phone stereo 3.5 mm )","glossaryId":0,"attrDisplayName":"Connector Type"},{"itemID":16935878,"groupName":"Power","groupDisplayOrder":7,"contentProviderId":3,"attributeName":"Power Device","attributeDisplayOrder":1,"attributeValue":"Power adapter","glossaryId":0,"attrDisplayName":"Power Device"},{"itemID":16935878,"groupName":"Power","groupDisplayOrder":7,"contentProviderId":3,"attributeName":"Power Consumption Stand by / Sleep","attributeDisplayOrder":3,"attributeValue":"1 Watt","glossaryId":0,"attrDisplayName":"Power Consumption Stand by / Sleep"},{"itemID":16935878,"groupName":"General","groupDisplayOrder":9,"contentProviderId":3,"attributeName":"Product Type","attributeDisplayOrder":1,"attributeValue":"LED-backlit LCD TV","glossaryId":0,"attrDisplayName":"Product Type"},{"itemID":16935878,"groupName":"General","groupDisplayOrder":9,"contentProviderId":3,"attributeName":"PC Interface","attributeDisplayOrder":3,"attributeValue":"VGA (HD-15)","glossaryId":0,"attrDisplayName":"PC Interface"},{"itemID":16935878,"groupName":"General","groupDisplayOrder":9,"contentProviderId":3,"attributeName":"Width","attributeDisplayOrder":4,"attributeValue":"18 in","glossaryId":0,"attrDisplayName":"Width"},{"itemID":16935878,"groupName":"General","groupDisplayOrder":9,"contentProviderId":3,"attributeName":"Depth","attributeDisplayOrder":5,"attributeValue":"1.7 in","glossaryId":0,"attrDisplayName":"Depth"},{"itemID":16935878,"groupName":"General","groupDisplayOrder":9,"contentProviderId":3,"attributeName":"Height","attributeDisplayOrder":6,"attributeValue":"11.7 in","glossaryId":0,"attrDisplayName":"Height"},{"itemID":16935878,"groupName":"General","groupDisplayOrder":9,"contentProviderId":3,"attributeName":"Weight","attributeDisplayOrder":7,"attributeValue":"8.4 lbs","glossaryId":0,"attrDisplayName":"Weight"},{"itemID":16935878,"groupName":"General","groupDisplayOrder":9,"contentProviderId":3,"attributeName":"Combined with","attributeDisplayOrder":12,"attributeValue":"Built-in DVD player","glossaryId":0,"attrDisplayName":"Combined with"},{"itemID":16935878,"groupName":"General","groupDisplayOrder":9,"contentProviderId":3,"attributeName":"HDCP Compatible","attributeDisplayOrder":13,"attributeValue":"Yes","glossaryId":0,"attrDisplayName":"HDCP Compatible"},{"itemID":16935878,"groupName":"Miscellaneous","groupDisplayOrder":11,"contentProviderId":3,"attributeName":"Compliant Standards","attributeDisplayOrder":4,"attributeValue":"FCC Class B certified, cTUVus","glossaryId":0,"attrDisplayName":"Compliant Standards"},{"itemID":16935878,"groupName":"Dimensions & Weight Details","groupDisplayOrder":20,"contentProviderId":3,"attributeName":"Dimensions & Weight Details","attributeDisplayOrder":1,"attributeValue":"Panel without stand - 18 in x 1.7 in x 11.7 in x 8.4 lbs ¦ Panel with stand - 18 in x 7.9 in x 13.5 in","glossaryId":0,"attrDisplayName":"Dimensions & Weight Details"},{"itemID":16935878,"groupName":"DVD","groupDisplayOrder":22,"contentProviderId":3,"attributeName":"Type","attributeDisplayOrder":1,"attributeValue":"DVD player - built-in","glossaryId":0,"attrDisplayName":"Type"},{"itemID":16935878,"groupName":"DVD","groupDisplayOrder":22,"contentProviderId":3,"attributeName":"Media Type","attributeDisplayOrder":2,"attributeValue":"DVD, CD","glossaryId":0,"attrDisplayName":"Media Type"}],"sellers":{"0":{"itemId":16935878,"sellerId":0,"sellerTypeId":1,"sellerName":"Walmart.com","currentItemPrice":138.54,"vendorItemNum":"E195BD-SHD","weight":9.0,"wrapCode":0,"maximumItems":5,"baseItemPrice":129.98,"stockWaterMark":1,"displayStatus":1,"tagCode":0,"baseSuggPrice":199.0,"packingSlipCode":0,"minPrice":138.54,"maxPrice":138.54,"priceChangeCode":8,"productTaxCode":"PTG8","rebateAmount":-9.223372036854776E18,"rebateTargetURL":null,"shippingDimX":5.4,"shippingDimY":15.9,"shippingDimZ":20.3,"s2SE":true,"sellerItemFlags":null,"freeReturns":false,"shipAlone":false,"remapToItemId":-9223372036854775808,"remapAction":null,"promotionDiscount":-9.223372036854776E18,"promotionMessageType":"","minPromotionAmount":-9.223372036854776E18,"maxPromotionAmount":-9.223372036854776E18,"fedExEligible":true,"smallFormatEligible":true,"thresholdShippingEligible":false,"isS2SOnly":false,"tweTaxCode":"2042544","shippingTaxCode":"2038346","giftWrapTaxCode":"2038857","ppu":-9.223372036854776E18,"fromPPU":-9.223372036854776E18,"contributesToThreshold":false,"isPIPEligible":"Y","checksum":-1,"freeShipping":false,"itemEligibleForFedEx":true,"is97CentShipping":false,"hasRebateLink":false,"storePickupable":true,"submapCode":0,"97CentShipping":false,"shippingDimensionX":5.4,"shippingDimensionY":15.9,"shippingDimensionZ":20.3,"employeeDiscountable":true,"combinedThresholdEligible":false,"availableShippingOfferCodes":null,"isFreeShipping":false}},"ppueligible":false,"uom":null,"unitCount":"0","itemFlags":"1,","originalBaseUpc":"0079234331970","imageThumbnailURL":"http://i.walmartimages.com/i/p/00/79/23/43/31/0079234331970_60X60.gif","electronicDelivery":false,"productImageUrl":"http://i.walmartimages.com/i/p/00/79/23/43/31/0079234331970_215X215.jpg","hazardMaterial":false,"media":false,"specialPricing":null,"rebate":false,"putEligible":false,"imagePostCardURL":"http://i.walmartimages.com/i/p/00/79/23/43/31/0079234331970_150X150.jpg"}]