[{"genericContent":{"itemId":15105450,"sourceId":2,"rank":1,"itemName":"Element 40\" Class LCD 1080p 60Hz  HDTV , ELDFW402","itemShortName":null,"shortDescription":"<p>Enjoy an ultimate comfort of theatre like viewing experience in your home with the Element ELDFW402 HDTV. The 40-inch LCD screen having a HD resolution of 1920 x 1080 and dynamic contrast ensures to deliver crystal clear images with minute details. It has a brightness of 450cd/m2, so that you can watch bright images regardless of the lighting condition in the room. With wide vertical and horizontal angles of 176Â°, this 40 class LCD HDTV enables you to watch movies from any corner of the room. Watch digital broadcasts, including HDTV programs, with the built-in ATSC digital tuner. It has 3-HDMI inputs that easily connect to HD media sources, such as DVD players, camcorders, or gaming consoles allowing you to watch high-definition videos. This element HDTV can be mounted to a wall or can be placed above a TV stand. </p>","longDescription":"<strong>Element 40\" Class 60Hz LCD 1080p HDTV, ELDFW402:</strong><li>16:9 LCD panel</li><li>With 1920 x 1080 full HD resolution</li><li>Features wide 176-degree vertical and 176-degree horizontal angles</li><li>See a clear picture from anywhere in the room</li><li>Built-in ATSC digital tuner</li><li>Watch digital broadcasts, including HDTV programs where available</li><li>High brightness of 450cd/m2 with 6.5-ms. response time</li><li>Place this Element 40\" 1080p LCD HDTV anywhere</li><li>5,000:1 dynamic contrast ratio</li><li>HDMI Inputs: 3</li><li>Enjoy a superior HD experience with the HDMI one-cable solution</li><li>Wall-mountable</li><li>Detachable TV stand for easy wall mounting</li><li>40\" screen of this full HD model is measured diagonally from corner to corner</li>","shelfDescription":"<li>40\" screen measured diagonally from corner to corner<li>HDMI Inputs: 3<li>Wall-mountable, detachable base<li>5,000:1 dynamic contrast ratio","mfgNo":"ELDFW402","modelNum":"ELDFW402","dimensionX":26.54,"dimensionY":38.82,"dimensionZ":12.95,"platform":null,"supplierWarranty":"1 Year Warranty - Parts and Labor","warrantyLength":"1years","assembledCountryOfOrigin":"USA or Imported","componentsCountryOfOrigin":"USA or Imported","accessoriesIncluded":null,"accessoriesNotIncluded":null,"ageRange":null,"gender":null,"rating":null,"attributeValue1":null,"attributeValue2":null,"attributeValue3":null,"attributeName1":null,"attributeName2":null,"attributeName3":null,"brandName":"Element","manufacturerName":"Element Electronics","alternateViews":"3","imageId":-9223372036854775808,"addlWarnMsgA":null,"addlWarnMsgB":null,"altWarnMsg":"N","panZoomId":2,"hasMatureContent":false,"attributeType1":null,"attributeUISetting1":null,"attributeRanking1":1,"attributeType2":null,"attributeUISetting2":null,"attributeRanking2":1,"attributeType3":null,"attributeUISetting3":null,"attributeRanking3":1,"attribute1_order":3,"attribute2_order":3,"attribute3_order":3,"partnerId":-1,"originalBaseUPC":"0085578800221","variantAttrData":null,"logoImage":"http://i.walmartimages.com/i/icon/-9/22/33/72/03/-9223372036854775808_100X60.gif","attributeData":[]},"alternateImageData":[{"imageSrc":"http://i.walmartimages.com/i/p/00/85/57/88/00/0085578800221_60X60.gif","lgImageSrc":"http://i.walmartimages.com/i/p/00/85/57/88/00/0085578800221_500X500.jpg","name":null},{"imageSrc":"http://i.walmartimages.com/i/p/00/85/57/88/00/0085578800221_AV_60X60.gif","lgImageSrc":"http://i.walmartimages.com/i/p/00/85/57/88/00/0085578800221_AV_500X500.jpg","name":null},{"imageSrc":"http://i.walmartimages.com/i/p/00/85/57/88/00/0085578800221_AV1_60X60.gif","lgImageSrc":"http://i.walmartimages.com/i/p/00/85/57/88/00/0085578800221_AV1_500X500.jpg","name":null},{"imageSrc":"http://i.walmartimages.com/i/p/00/85/57/88/00/0085578800221_AV2_60X60.gif","lgImageSrc":"http://i.walmartimages.com/i/p/00/85/57/88/00/0085578800221_AV2_500X500.jpg","name":null}],"id":15105450,"comparable":true,"upc":"0085578800221","customerRatingUrl":null,"partnerId":-1,"itemAttributes":[{"itemID":15105450,"groupName":"Additional Specifications","groupDisplayOrder":23,"contentProviderId":2,"attributeName":"Brightness","attributeDisplayOrder":4,"attributeValue":"450 cd/m2","glossaryId":0,"attrDisplayName":"Brightness"},{"itemID":15105450,"groupName":"Additional Specifications","groupDisplayOrder":23,"contentProviderId":2,"attributeName":"Response Time","attributeDisplayOrder":6,"attributeValue":"6.5ms","glossaryId":0,"attrDisplayName":"Response Time"},{"itemID":15105450,"groupName":"Additional Specifications","groupDisplayOrder":23,"contentProviderId":2,"attributeName":"Remote Included","attributeDisplayOrder":21,"attributeValue":"Yes","glossaryId":0,"attrDisplayName":"Remote Included"},{"itemID":15105450,"groupName":"Additional Specifications","groupDisplayOrder":23,"contentProviderId":2,"attributeName":"Resolution","attributeDisplayOrder":22,"attributeValue":"1080p (HDTV)","glossaryId":0,"attrDisplayName":"Resolution"},{"itemID":15105450,"groupName":"Additional Specifications","groupDisplayOrder":23,"contentProviderId":2,"attributeName":"Ships In Original Packaging","attributeDisplayOrder":23,"attributeValue":"Yes","glossaryId":0,"attrDisplayName":"Ships In Original Packaging"},{"itemID":15105450,"groupName":"Additional Specifications","groupDisplayOrder":23,"contentProviderId":2,"attributeName":"Tv Definition","attributeDisplayOrder":24,"attributeValue":"HDTV","glossaryId":0,"attrDisplayName":"Tv Definition"},{"itemID":15105450,"groupName":"Additional Specifications","groupDisplayOrder":23,"contentProviderId":2,"attributeName":"Tv Technology","attributeDisplayOrder":25,"attributeValue":"LCD","glossaryId":0,"attrDisplayName":"Tv Technology"},{"itemID":15105450,"groupName":"Additional Specifications","groupDisplayOrder":23,"contentProviderId":2,"attributeName":"Primary Color","attributeDisplayOrder":108,"attributeValue":"Black","glossaryId":0,"attrDisplayName":"Primary Color"},{"itemID":15105450,"groupName":"Additional Specifications","groupDisplayOrder":23,"contentProviderId":2,"attributeName":"Multi Pack Indicator","attributeDisplayOrder":145,"attributeValue":"No","glossaryId":0,"attrDisplayName":"Multi Pack Indicator"},{"itemID":15105450,"groupName":"Additional Specifications","groupDisplayOrder":23,"contentProviderId":2,"attributeName":"Battery Type","attributeDisplayOrder":146,"attributeValue":"Does Not Contain a Battery","glossaryId":0,"attrDisplayName":"Battery Type"}],"sellers":{"0":{"itemId":15105450,"sellerId":0,"sellerTypeId":1,"sellerName":"Walmart.com","currentItemPrice":299.98,"vendorItemNum":"ELDFW402","weight":50.0,"wrapCode":0,"maximumItems":22,"baseItemPrice":309.98,"stockWaterMark":0,"displayStatus":2,"tagCode":0,"baseSuggPrice":399.99,"packingSlipCode":0,"minPrice":299.98,"maxPrice":299.98,"priceChangeCode":5,"productTaxCode":"PTG9","rebateAmount":-9.223372036854776E18,"rebateTargetURL":null,"shippingDimX":7.75,"shippingDimY":47.0,"shippingDimZ":31.0,"s2SE":true,"sellerItemFlags":null,"freeReturns":false,"shipAlone":false,"remapToItemId":-9223372036854775808,"remapAction":null,"promotionDiscount":-9.223372036854776E18,"promotionMessageType":"","minPromotionAmount":-9.223372036854776E18,"maxPromotionAmount":-9.223372036854776E18,"fedExEligible":false,"smallFormatEligible":false,"thresholdShippingEligible":false,"isS2SOnly":false,"tweTaxCode":"2042530","shippingTaxCode":"2038346","giftWrapTaxCode":"2038857","ppu":-9.223372036854776E18,"fromPPU":-9.223372036854776E18,"contributesToThreshold":false,"isPIPEligible":"Y","checksum":-1,"freeShipping":false,"itemEligibleForFedEx":false,"is97CentShipping":false,"hasRebateLink":false,"storePickupable":true,"submapCode":0,"97CentShipping":false,"shippingDimensionX":7.75,"shippingDimensionY":47.0,"shippingDimensionZ":31.0,"employeeDiscountable":true,"combinedThresholdEligible":false,"availableShippingOfferCodes":null,"isFreeShipping":false}},"ppueligible":false,"uom":null,"unitCount":"0","itemFlags":"1,","originalBaseUpc":"0085578800221","imageThumbnailURL":"http://i.walmartimages.com/i/p/00/85/57/88/00/0085578800221_60X60.gif","electronicDelivery":false,"productImageUrl":"http://i.walmartimages.com/i/p/00/85/57/88/00/0085578800221_215X215.jpg","hazardMaterial":false,"media":false,"specialPricing":null,"rebate":false,"putEligible":false,"imagePostCardURL":"http://i.walmartimages.com/i/p/00/85/57/88/00/0085578800221_150X150.jpg"}]