[{"genericContent":{"itemId":19477380,"sourceId":2,"rank":1,"itemName":"Emerson LC220EM2 22\" Class LCD 720p 60Hz HDTV, Refurbished","itemShortName":null,"shortDescription":"<p>The Emerson 22\" Class LCD 720p 60Hz HDTV delivers crisp, high-quality images in the manner it was intended to be viewed . With HD programming, this refurbished HDTV combines life-like images and superior audio to provide a complete viewing experience. It sports an elegant design that compliments most decors. Also, you can wall mount this 720p LCD HDTV to reclaim unused space. It integrates a child lock that restricts access to select channels with a code. With Widescreen technology, you can watch the Emerson 22\" LCD HDTV from anywhere inside the room. Further, the HDMI single cable solution helps reduce clutter and facilitates better organization. </p>","longDescription":"<strong>Emerson 22\" Class LCD 720p 60Hz HDTV:</strong><li>22\" LCD panel - With a 1366 x 768 resolution</li><li>True 16:9 aspect ratio - View your movies as the director intended</li><li>Built-in digital tuner - Watch digital broadcasts, including HDTV programs where available</li><li>HDMI Inputs: 1 - Enjoy a superior HD experience with HDMI one cable solution</li><li>21.6\" screen measured diagonally from corner to corner</li><li>Wall mountable - VESA standard 100mm x 100mm</li><li>Child lock - Channel lock, downloadable rating (V-Chip2.0)</li>","shelfDescription":"<li>21.6\" diagonal screen size<li>HDMI Inputs: 1<li>Wall mountable<li>Built-in digital tuner","mfgNo":"RBLC220EM2","modelNum":"RBLC220EM2","dimensionX":16.0,"dimensionY":21.3,"dimensionZ":8.3,"platform":null,"supplierWarranty":"90 Day Limited Warranty","warrantyLength":null,"assembledCountryOfOrigin":"Imported","componentsCountryOfOrigin":"Imported","accessoriesIncluded":null,"accessoriesNotIncluded":null,"ageRange":null,"gender":null,"rating":null,"attributeValue1":null,"attributeValue2":null,"attributeValue3":null,"attributeName1":null,"attributeName2":null,"attributeName3":null,"brandName":"Emerson","manufacturerName":"Emerson","alternateViews":"5","imageId":-9223372036854775808,"addlWarnMsgA":null,"addlWarnMsgB":null,"altWarnMsg":"N","panZoomId":2,"hasMatureContent":false,"attributeType1":null,"attributeUISetting1":null,"attributeRanking1":1,"attributeType2":null,"attributeUISetting2":null,"attributeRanking2":1,"attributeType3":null,"attributeUISetting3":null,"attributeRanking3":1,"attribute1_order":3,"attribute2_order":3,"attribute3_order":3,"partnerId":-1,"originalBaseUPC":"0005381824556","variantAttrData":null,"logoImage":"http://i.walmartimages.com/i/icon/-9/22/33/72/03/-9223372036854775808_100X60.gif","attributeData":[]},"alternateImageData":[{"imageSrc":"http://i.walmartimages.com/i/p/00/05/38/18/24/0005381824556_60X60.gif","lgImageSrc":"http://i.walmartimages.com/i/p/00/05/38/18/24/0005381824556_500X500.jpg","name":null},{"imageSrc":"http://i.walmartimages.com/i/p/00/05/38/18/24/0005381824556_AV_60X60.gif","lgImageSrc":"http://i.walmartimages.com/i/p/00/05/38/18/24/0005381824556_AV_500X500.jpg","name":null},{"imageSrc":"http://i.walmartimages.com/i/p/00/05/38/18/24/0005381824556_AV1_60X60.gif","lgImageSrc":"http://i.walmartimages.com/i/p/00/05/38/18/24/0005381824556_AV1_500X500.jpg","name":null},{"imageSrc":"http://i.walmartimages.com/i/p/00/05/38/18/24/0005381824556_AV2_60X60.gif","lgImageSrc":"http://i.walmartimages.com/i/p/00/05/38/18/24/0005381824556_AV2_500X500.jpg","name":null},{"imageSrc":"http://i.walmartimages.com/i/p/00/05/38/18/24/0005381824556_AV3_60X60.gif","lgImageSrc":"http://i.walmartimages.com/i/p/00/05/38/18/24/0005381824556_AV3_500X500.jpg","name":null},{"imageSrc":"http://i.walmartimages.com/i/p/00/05/38/18/24/0005381824556_AV4_60X60.gif","lgImageSrc":"http://i.walmartimages.com/i/p/00/05/38/18/24/0005381824556_AV4_500X500.jpg","name":null}],"id":19477380,"comparable":true,"upc":"0005381824556","customerRatingUrl":"http://www.walmart.com/i/CustRating/4_5.gif","partnerId":-1,"itemAttributes":[{"itemID":19477380,"groupName":"Additional Specifications","groupDisplayOrder":34,"contentProviderId":2,"attributeName":"Remote Included","attributeDisplayOrder":40,"attributeValue":"Yes","glossaryId":0,"attrDisplayName":"Remote Included"},{"itemID":19477380,"groupName":"Additional Specifications","groupDisplayOrder":34,"contentProviderId":2,"attributeName":"Resolution","attributeDisplayOrder":41,"attributeValue":"720p (HDTV)","glossaryId":0,"attrDisplayName":"Resolution"},{"itemID":19477380,"groupName":"Additional Specifications","groupDisplayOrder":34,"contentProviderId":2,"attributeName":"Tv Definition","attributeDisplayOrder":44,"attributeValue":"HDTV","glossaryId":0,"attrDisplayName":"Tv Definition"},{"itemID":19477380,"groupName":"Additional Specifications","groupDisplayOrder":34,"contentProviderId":2,"attributeName":"Tv Technology","attributeDisplayOrder":45,"attributeValue":"LCD","glossaryId":0,"attrDisplayName":"Tv Technology"},{"itemID":19477380,"groupName":"Additional Specifications","groupDisplayOrder":34,"contentProviderId":2,"attributeName":"Primary Color","attributeDisplayOrder":171,"attributeValue":"Black","glossaryId":0,"attrDisplayName":"Primary Color"},{"itemID":19477380,"groupName":"Additional Specifications","groupDisplayOrder":34,"contentProviderId":2,"attributeName":"Multi Pack Indicator","attributeDisplayOrder":180,"attributeValue":"No","glossaryId":0,"attrDisplayName":"Multi Pack Indicator"},{"itemID":19477380,"groupName":"Additional Specifications","groupDisplayOrder":34,"contentProviderId":2,"attributeName":"Battery Type","attributeDisplayOrder":184,"attributeValue":"Does Not Contain a Battery","glossaryId":0,"attrDisplayName":"Battery Type"}],"sellers":{"0":{"itemId":19477380,"sellerId":0,"sellerTypeId":1,"sellerName":"Walmart.com","currentItemPrice":129.98,"vendorItemNum":"RBLC220EM2","weight":11.8,"wrapCode":0,"maximumItems":5,"baseItemPrice":147.0,"stockWaterMark":0,"displayStatus":3,"tagCode":0,"baseSuggPrice":179.98,"packingSlipCode":0,"minPrice":129.98,"maxPrice":129.98,"priceChangeCode":5,"productTaxCode":"PTG8","rebateAmount":-9.223372036854776E18,"rebateTargetURL":null,"shippingDimX":18.0,"shippingDimY":7.3,"shippingDimZ":26.3,"s2SE":true,"sellerItemFlags":null,"freeReturns":false,"shipAlone":true,"remapToItemId":-9223372036854775808,"remapAction":null,"promotionDiscount":-9.223372036854776E18,"promotionMessageType":"","minPromotionAmount":-9.223372036854776E18,"maxPromotionAmount":-9.223372036854776E18,"fedExEligible":true,"smallFormatEligible":true,"thresholdShippingEligible":false,"isS2SOnly":false,"tweTaxCode":"2042529","shippingTaxCode":"2038346","giftWrapTaxCode":"2038857","ppu":-9.223372036854776E18,"fromPPU":-9.223372036854776E18,"contributesToThreshold":false,"isPIPEligible":"Y","checksum":-1,"freeShipping":false,"itemEligibleForFedEx":true,"is97CentShipping":false,"hasRebateLink":false,"storePickupable":true,"submapCode":0,"97CentShipping":false,"shippingDimensionX":18.0,"shippingDimensionY":7.3,"shippingDimensionZ":26.3,"employeeDiscountable":true,"combinedThresholdEligible":false,"availableShippingOfferCodes":null,"isFreeShipping":false}},"ppueligible":false,"uom":null,"unitCount":"0","itemFlags":"1,","originalBaseUpc":"0005381824556","imageThumbnailURL":"http://i.walmartimages.com/i/p/00/05/38/18/24/0005381824556_60X60.gif","electronicDelivery":false,"productImageUrl":"http://i.walmartimages.com/i/p/00/05/38/18/24/0005381824556_215X215.jpg","hazardMaterial":false,"media":false,"specialPricing":null,"rebate":false,"putEligible":false,"imagePostCardURL":"http://i.walmartimages.com/i/p/00/05/38/18/24/0005381824556_150X150.jpg"}]